GRAVEDAD,FECHA,HORA,JORNADA,DIA_SEMANA,BARRIOS_CORREGIMIENTO_VIA,DIRECCION,ZONA,AUTORIDAD,LAT,LONG,HIPOTESIS,CONDICION_DE_LA_VICTIMA,CLASE_DE_SINIESTRO,LESIONADO,HOMICIDIOS,CLINICA,SITIO,CLASE_DE_VEHICULO,MARCA,MATRICULA,TIPO_DE_SERVICIO,EMPRESA
DAÑOS,2020-01-20, 11:20:00,MAÑANA,1_LUNES,CENTRO,CARRERA 29 CALLE 31-56,URBANA,TECNICO,3.52834,-76.2996,ADELANTAR POR DERECHA,NO APLICA,CHOQUE,NO APLICA,NO APLICA,NO APLICA,NO APLICA,MOTO,BAJAJ,GUACARI,PARTICULAR,NO APLICA
DAÑOS,2020-01-17, 23:50:00,NOCHE,5_VIERNES,ESTONIA,CARRERA 30  CALLE 43,URBANA,TECNICO,3.53885,-76.29868,DESOBEDECER SEÑALES,NO APLICA,CHOQUE,NO APLICA,NO APLICA,NO APLICA,NO APLICA,CAMIONETA,FORD,CALI,PARTICULAR,NO APLICA
DAÑOS,2020-01-17, 23:50:00,NOCHE,5_VIERNES,ESTONIA,CARRERA 30  CALLE 43,URBANA,TECNICO,3.53885,-76.29868,DESOBEDECER SEÑALES,NO APLICA,CHOQUE,NO APLICA,NO APLICA,NO APLICA,NO APLICA,AUTOMOVIL,MAZDA,CALI,PARTICULAR,NO APLICA
DAÑOS,2020-01-17, 22:00:00,NOCHE,5_VIERNES,VERSALLE S,CARRERA 28 CALLE 40-41,URBANA,TECNICO,3.53685,-76.29739,CONDUCIR SIN LAS MEDIDAS DE PRACAUCION,NO APLICA,CHOQUE OBJETO FIJO,NO APLICA,NO APLICA,NO APLICA,NO APLICA,BUS,SCANIA,GUACARI,PUBLICO,EXP TREJOS
DAÑOS,2020-01-17, 22:00:00,NOCHE,5_VIERNES,VERSALLE S,CARRERA 28 CALLE 40-41,URBANA,TECNICO,3.53685,-76.29739,CONDUCIR SIN LAS MEDIDAS DE PRACAUCION,NO APLICA,CHOQUE OBJETO FIJO,NO APLICA,NO APLICA,NO APLICA,NO APLICA,AUTOMOVIL,CITROEN,CALI,PARTICULAR,NO APLICA
HERIDOS,2020-01-17, 23:55:00,NOCHE,5_VIERNES,MIRRIÑAO,CARRERA 28 CALLE 53,URBANA,TECNICO,3.54599,-76.29602,CONDUCIR EN ZIGZA,NO APLICA,CHOQUE,NO APLICA,NO APLICA,NO APLICA,NO APLICA,AUTOMOVIL,HYUNDAI,PALMIRA,PUBLICO,NO APLICA
HERIDOS,2020-01-17, 23:55:00,NOCHE,5_VIERNES,MIRRIÑAO,CARRERA 28 CALLE 53,URBANA,TECNICO,3.54599,-76.29602,CONDUCIR EN ZIGZA,CICLISTA,CHOQUE,1,NO APLICA,PALMA,NO APLICA,BICICLETA,NO APLICA,NO APLICA,PARTICULAR,NO APLICA
HERIDOS,2020-01-17, 23:55:00,NOCHE,5_VIERNES,MIRRIÑAO,CARRERA 28 CALLE 53,URBANA,TECNICO,3.54599,-76.29602,CONDUCIR EN ZIGZA,ACOMPAÑANTE CICLISTA,CHOQUE,1,NO APLICA,PALMA,NO APLICA,NO APLICA,NO APLICA,NO APLICA,NO APLICA,NO APLICA
DAÑOS,2020-01-20, 18:00:00,NOCHE,1_LUNES,COLOMBINA,CALLE 29 CARRERA 13,URBANA,TECNICO,3.52456,-76.28664,ARRANCAR SIN PRECAUCION,NO APLICA,CHOQUE,NO APLICA,NO APLICA,NO APLICA,NO APLICA,MOTO,HONDA,PALMIRA,PARTICULAR,NO APLICA
DAÑOS,2020-01-20, 18:00:00,NOCHE,1_LUNES,COLOMBINA,CALLE 29 CARRERA 13,URBANA,TECNICO,3.52456,-76.28664,ARRANCAR SIN PRECAUCION,NO APLICA,CHOQUE,NO APLICA,NO APLICA,NO APLICA,NO APLICA,CAMION,JAC,EL CERRITO,PUBLICO,NO APLICA
HERIDOS,2020-01-18, 21:20:00,NOCHE,6_SABADO,CENTRO POBLADO ROZO,CALLE 10 N 18-195,RURAL,TECNICO,3.61518,-76.39229,INVADIR CARRIL,MOTOCICLISTA,CHOQUE,1,NO APLICA,RAUL,NO APLICA,MOTO,SUZUKI,PALMIRA,PARTICULAR,NO APLICA
HERIDOS,2020-01-18, 21:20:00,NOCHE,6_SABADO,CENTRO POBLADO ROZO,CALLE 10 N 18-195,RURAL,TECNICO,3.61518,-76.39229,INVADIR CARRIL,MOTOCICLISTA,CHOQUE,1,NO APLICA,RAUL,NO APLICA,MOTO,AKT,CALI,PARTICULAR,NO APLICA
HERIDOS,2020-01-18, 21:20:00,NOCHE,6_SABADO,CENTRO POBLADO ROZO,CALLE 10 N 18-195,RURAL,TECNICO,3.61518,-76.39229,INVADIR CARRIL,ACOMPAÑANTE MOTOCICLISTA,CHOQUE,1,NO APLICA,RAUL,NO APLICA,NO APLICA,NO APLICA,NO APLICA,NO APLICA,NO APLICA
HERIDOS,2020-01-21, 06:40:00,MAÑANA,2_MARTES,INDUSTRIAL,CALLE 42 CARRERA 33,URBANA,TECNICO,3.5385,-76.30224,NO RESPETAR PRELACION,NO APLICA,CHOQUE,NO APLICA,NO APLICA,NO APLICA,NO APLICA,AUTOMOVIL,KIA,PALMIRA,PUBLICO,COOTRANSPAL
HERIDOS,2020-01-21, 06:40:00,MAÑANA,2_MARTES,INDUSTRIAL,CALLE 42 CARRERA 33,URBANA,TECNICO,3.5385,-76.30224,NO RESPETAR PRELACION,CICLISTA,CHOQUE,1,NO APLICA,PALMA,NO APLICA,BICICLETA,WILMAR,NO APLICA,PARTICULAR,NO APLICA
DAÑOS,2020-01-21, 15:00:00,TARDE,2_MARTES,VERSALLE S,CAKLLE 42 CARRERA 28,URBANA,TECNICO,3.5382,-76.29729,FALTA DE PREVENCION,NO APLICA,CHOQUE,NO APLICA,NO APLICA,NO APLICA,NO APLICA,CAMIONETA,JAC,PRADERA,PARTICULAR,NO APLICA
DAÑOS,2020-01-21, 15:00:00,TARDE,2_MARTES,VERSALLE S,CAKLLE 42 CARRERA 28,URBANA,TECNICO,3.5382,-76.29729,FALTA DE PREVENCION,NO APLICA,CHOQUE,NO APLICA,NO APLICA,NO APLICA,NO APLICA,CAMIONETA,FOTON,PRADERA,PARTICULAR,NO APLICA
HERIDOS,2020-01-21, 05:50:00,MADRUGADA,2_MARTES,SESQUI,CARRERA 32 CARRERA 33A,URBANA,TECNICO,3.51333,-76.3061,NO RESPATAR PRELACION,MOTOCICLISTA,CHOQUE,1,NO APLICA,PALMIRA,NO APLICA,MOTO,BAJAJ,PALMIRA,PARTICULAR,NO APLICA
HERIDOS,2020-01-21, 05:50:00,MADRUGADA,2_MARTES,SESQUI,CARRERA 32 CARRERA 33A,URBANA,TECNICO,3.51333,-76.3061,NO RESPATAR PRELACION,NO APLICA,CHOQUE,NO APLICA,NO APLICA,NO APLICA,NO APLICA,AUTOMOVIL,CHEVROLET,CALI,PARTICULAR,NO APLICA
HERIDOS,2020-01-21, 08:20:00,MAÑANA,2_MARTES,CENTRO,CALLE 29 CARRERA 25,URBANA,TECNICO,3.5257,-76.29653,DESOBEDECER SEÑALES,MOTOCICLISTA,CHOQUE,1,NO APLICA,PALMIRA,NO APLICA,MOTO,HONDA,FLORIDA,PARTICULAR,NO APLICA
HERIDOS,2020-01-21, 08:20:00,MAÑANA,2_MARTES,CENTRO,CALLE 29 CARRERA 25,URBANA,TECNICO,3.5257,-76.29653,DESOBEDECER SEÑALES,NO APLICA,CHOQUE,NO APLICA,NO APLICA,NO APLICA,NO APLICA,AUTOMOVIL,CHEVROLET,GUACARI,PARTICULAR,NO APLICA
DAÑOS,2020-01-21, 20:00:00,NOCHE,2_MARTES,VERSALLE S,CALLE 42 CARRERA 29 13,URBANA,TECNICO,3.53797,-76.29832,INVADIR CARRIL,NO APLICA,CHOQUE,NO APLICA,NO APLICA,NO APLICA,NO APLICA,CAMION,FORD,BELLO,PARTICULAR,NO APLICA
DAÑOS,2020-01-21, 20:00:00,NOCHE,2_MARTES,VERSALLE S,CALLE 42 CARRERA 29 13,URBANA,TECNICO,3.53797,-76.29832,INVADIR CARRIL,NO APLICA,CHOQUE,NO APLICA,NO APLICA,NO APLICA,NO APLICA,AUTOMOVIL,CHEVROLET,PALMIRA,PARTICULAR,NO APLICA
DAÑOS,2020-01-22, 17:00:00,TARDE,3_MIERCOLES,SAMANES,CALLE 47 CARRERA 28 -32,URBANA,TECNICO,3.54222,-76.29686,NO MANTENER DISTANCIA DE SEGURIDAD,NO APLICA,CHOQUE,NO APLICA,NO APLICA,NO APLICA,NO APLICA,CAMIONETA,CHEVROLET,CERRITO,PARTICULAR,NO APLICA
DAÑOS,2020-01-22, 17:00:00,TARDE,3_MIERCOLES,SAMANES,CALLE 47 CARRERA 28 -32,URBANA,TECNICO,3.54222,-76.29686,NO MANTENER DISTANCIA DE SEGURIDAD,NO APLICA,CHOQUE,NO APLICA,NO APLICA,NO APLICA,NO APLICA,AUTOMOVIL,CHEVROLET,CALI,PARTICULAR,NO APLICA
DAÑOS,2020-01-21, 12:30:00,TARDE,2_MARTES,ALTAMIRA,CALLE 47 CARRERA 26-14,URBANA,TECNICO,3.5422,-76.29538,FALTA DE PREVENCION,NO APLICA,CHOQUE,NO APLICA,NO APLICA,NO APLICA,NO APLICA,AUTOMOVIL,FORD,RIOSUCIO,PARTICULAR,NO APLICA
DAÑOS,2020-01-21, 12:30:00,TARDE,2_MARTES,ALTAMIRA,CALLE 47 CARRERA 26-14,URBANA,TECNICO,3.5422,-76.29538,FALTA DE PREVENCION,NO APLICA,CHOQUE,NO APLICA,NO APLICA,NO APLICA,NO APLICA,CAMION,INTERNATIONAL,FACATATIVA,PUBLICO,NO APLICA
DAÑOS,2020-01-21, 15:40:00,TARDE,2_MARTES,EL TREBOL,CALLE 26A CARRERA 22,URBANA,TECNICO,3.52314,-76.29428,DESOBEDECER SEÑALES,NO APLICA,CHOQUE,NO APLICA,NO APLICA,NO APLICA,NO APLICA,AUTOMOVIL,DAIHATSU,CERRITO,PARTICULAR,NO APLICA
DAÑOS,2020-01-21, 15:40:00,TARDE,2_MARTES,EL TREBOL,CALLE 26A CARRERA 22,URBANA,TECNICO,3.52314,-76.29428,DESOBEDECER SEÑALES,NO APLICA,CHOQUE,NO APLICA,NO APLICA,NO APLICA,NO APLICA,BUSETA,IVECO,PALMIRA,PARTICULAR,NO APLICA
DAÑOS,2020-01-22, 14:00:00,TARDE,3_MIERCOLES,EMILIA,CALLE 36 CARRERA 35,URBANA,TECNICO,3.53408,-76.30569,NO MANTENER DISTANCIA DE SEGURIDAD,NO APLICA,CHOQUE,NO APLICA,NO APLICA,NO APLICA,NO APLICA,AUTOMOVIL,NISSAN,CALI,PARTICULAR,NO APLICA
DAÑOS,2020-01-22, 14:00:00,TARDE,3_MIERCOLES,EMILIA,CALLE 36 CARRERA 35,URBANA,TECNICO,3.53408,-76.30569,NO MANTENER DISTANCIA DE SEGURIDAD,NO APLICA,CHOQUE,NO APLICA,NO APLICA,NO APLICA,NO APLICA,CAMION,CHEVROLET,TUNJA,PARTICULAR,NO APLICA
DAÑOS,2020-01-22, 18:45:00,NOCHE,3_MIERCOLES,INDUSTRIAL,CALLE 42 CARRERA 34 B,URBANA,TECNICO,3.53859,-76.30383,ADEALANTA POR LA DERECHA,NO APLICA,CHOQUE,NO APLICA,NO APLICA,NO APLICA,NO APLICA,AUTOMOVIL,CHEVROLET,CALI,PARTICULAR,NO APLICA
DAÑOS,2020-01-22, 18:45:00,NOCHE,3_MIERCOLES,INDUSTRIAL,CALLE 42 CARRERA 34 B,URBANA,TECNICO,3.53859,-76.30383,ADEALANTA POR LA DERECHA,NO APLICA,CHOQUE,NO APLICA,NO APLICA,NO APLICA,NO APLICA,MOTO,HERO,FLORIDA,PARTICULAR,NO APLICA
HERIDOS,2020-01-22, 18:50:00,NOCHE,3_MIERCOLES,SANTA BARBARA,CALLE 26 CARRERA 44-45,URBANA,TECNICO,3.52664,-76.31637,GIRAR BRUSCAMENTE,MOTOCICLISTA,CHOQUE,1,NO APLICA,PALMA,NO APLICA,MOTO,HONDA,SEVILLA,PARTICULAR,NO APLICA
HERIDOS,2020-01-22, 18:50:00,NOCHE,3_MIERCOLES,SANTA BARBARA,CALLE 26 CARRERA 44-45,URBANA,TECNICO,3.52664,-76.31637,GIRAR BRUSCAMENTE,MOTOCICLISTA,CHOQUE,1,NO APLICA,RAUL,NO APLICA,MOTO,SUZUKI,CALARCA,PARTICULAR,NO APLICA
HERIDOS,2020-01-22, 18:50:00,NOCHE,3_MIERCOLES,SANTA BARBARA,CALLE 26 CARRERA 44-45,URBANA,TECNICO,3.52664,-76.31637,GIRAR BRUSCAMENTE,ACOMPAÑANTE MOTOCICLISTA,CHOQUE,1,NO APLICA,RAUL,NO APLICA,NO APLICA,NO APLICA,NO APLICA,NO APLICA,NO APLICA
DAÑOS,2020-01-21, 19:30:00,NOCHE,2_MARTES,VERSALLE S,CARRERA 28 CALLE 42-41,URBANA,TECNICO,3.53888,-76.29708,NO ESTAR PENDIENTE DE LA VIA,NO APLICA,CHOQUE,NO APLICA,NO APLICA,NO APLICA,NO APLICA,TRACTO CAMION,INTERNATIONAL,BELLO,PUBLICO,NO APLICA
DAÑOS,2020-01-21, 19:30:00,NOCHE,2_MARTES,VERSALLE S,CARRERA 28 CALLE 42-41,URBANA,TECNICO,3.53888,-76.29708,NO ESTAR PENDIENTE DE LA VIA,NO APLICA,CHOQUE,NO APLICA,NO APLICA,NO APLICA,NO APLICA,AUTOMOVIL,NISSAN,CALI,PARTICULAR,NO APLICA
HERIDOS,2020-01-22, 15:30:00,TARDE,3_MIERCOLES,PARAISO,VIA PALMIRA - PRADERA KM 1,URBANA,TECNICO,3.52045,-76.27754,REALIZAR GIRO EN U,MOTOCICLISTA,CHOQUE,1,NO APLICA,PALMA,NO APLICA,MOTO,AKT,PRADERA,PARTICULAR,NO APLICA
HERIDOS,2020-01-22, 15:30:00,TARDE,3_MIERCOLES,PARAISO,VIA PALMIRA - PRADERA KM 1,URBANA,TECNICO,3.52045,-76.27754,REALIZAR GIRO EN U,MOTOCICLISTA,CHOQUE,1,NO APLICA,PALMA,NO APLICA,MOTO,SUZUKI,PALMIRA,PARTICULAR,NO APLICA
DAÑOS,2020-01-22, 17:30:00,TARDE,3_MIERCOLES,LA MERCEDES,CALLE 59 CARRERA 26A,URBANA,TECNICO,3.54935,-76.29138,DESOBEDECER SEÑALES,NO APLICA,CHOQUE,NO APLICA,NO APLICA,NO APLICA,NO APLICA,AUTOMOVIL,CHEVROLET,PALMIRA,PARTICULAR,NO APLICA
DAÑOS,2020-01-22, 17:30:00,TARDE,3_MIERCOLES,LA MERCEDES,CALLE 59 CARRERA 26A,URBANA,TECNICO,3.54935,-76.29138,DESOBEDECER SEÑALES,NO APLICA,CHOQUE,NO APLICA,NO APLICA,NO APLICA,NO APLICA,AUTOMOVIL,FIAT,CALI,PARTICULAR,NO APLICA
DAÑOS,2020-01-23, 12:35:00,TARDE,4_JUEVES,MIRRIÑAO,CALLE 53 CARRERA 33,URBANA,TECNICO,3.54682,-76.30139,ADELANATRA INVADIENDO CARRIL,NO APLICA,CHOQUE,NO APLICA,NO APLICA,NO APLICA,NO APLICA,CAMPERO,TOYOTA,BOGOTA,PARTICULAR,NO APLICA
DAÑOS,2020-01-23, 12:35:00,TARDE,4_JUEVES,MIRRIÑAO,CALLE 53 CARRERA 33,URBANA,TECNICO,3.54682,-76.30139,ADELANATRA INVADIENDO CARRIL,NO APLICA,CHOQUE,NO APLICA,NO APLICA,NO APLICA,NO APLICA,CAMIONETA,CHEVROLET,BOGOTA,PARTICULAR,NO APLICA
HERIDOS,2020-01-26, 23:50:00,NOCHE,7_DOMINGO,RECREO,CALLE 20 CARRERA 30,URBANA,TECNICO,3.51878,-76.30221,DESOBEDECER SEÑALES,CONDUCTOR,CHOQUE,1,NO APLICA,PALMIRA,NO APLICA,AUTOMOVIL,NISSAN,CALI,PARTICULAR,NO APLICA
HERIDOS,2020-01-26, 23:50:00,NOCHE,7_DOMINGO,RECREO,CALLE 20 CARRERA 30,URBANA,TECNICO,3.51878,-76.30221,DESOBEDECER SEÑALES,MOTOCICLISTA,CHOQUE,1,NO APLICA,RAUL,NO APLICA,MOTO,BAJAJ,DOSQUEBRADAS,PARTICULAR,NO APLICA
HERIDOS,2020-01-26, 23:50:00,NOCHE,7_DOMINGO,RECREO,CALLE 20 CARRERA 30,URBANA,TECNICO,3.51878,-76.30221,DESOBEDECER SEÑALES,ACOMPAÑANTE MOTOCICLISTA,CHOQUE,1,NO APLICA,RAUL,NO APLICA,NO APLICA,NO APLICA,NO APLICA,NO APLICA,NO APLICA
DAÑOS,2020-01-26, 19:30:00,NOCHE,7_DOMINGO,LOS SAUSES,CARRERA 1 CALLE 35B,URBANA,TECNICO,3.53175,-76.27733,IMPERICIA EN EL MANEJO,NO APLICA,CHOQUE,NO APLICA,NO APLICA,NO APLICA,NO APLICA,AUTOMOVIL,CHEVROLET,PALMIRA,PARTICULAR,NO APLICA
DAÑOS,2020-01-26, 19:30:00,NOCHE,7_DOMINGO,LOS SAUSES,CARRERA 1 CALLE 35B,URBANA,TECNICO,3.53175,-76.27733,IMPERICIA EN EL MANEJO,NO APLICA,CHOQUE,NO APLICA,NO APLICA,NO APLICA,NO APLICA,MOTO,HONDA,BUGA,PARTICULAR,NO APLICA
HERIDOS,2020-01-27, 08:50:00,MAÑANA,1_LUNES,EMILIA,CALLE 36 CARRERA 37,URBANA,TECNICO,3.53376,-76.30737,DESOBEDECER SEÑALES,NO APLICA,CHOQUE,NO APLICA,NO APLICA,NO APLICA,NO APLICA,CAMIONETA,RENAULT,CALI,PARTICULAR,NO APLICA
HERIDOS,2020-01-27, 08:50:00,MAÑANA,1_LUNES,EMILIA,CALLE 36 CARRERA 37,URBANA,TECNICO,3.53376,-76.30737,DESOBEDECER SEÑALES,MOTOCICLISTA,CHOQUE,1,NO APLICA,PALMA,NO APLICA,MOTO,BAJAJ,PALMIRA,PARTICULAR,NO APLICA
DAÑOS,2020-01-24, 14:30:00,TARDE,5_VIERNES,BRRIO NUEVO,"CALLE 27 CARRERA 30,35",URBANA,TECNICO,3.52476,-76.30155,ARRANCAR SIN PRECAUCION,NO APLICA,CHOQUE,NO APLICA,NO APLICA,NO APLICA,NO APLICA,MOTO,KYMCO,PALMIRA,PARTICULAR,NO APLICA
DAÑOS,2020-01-24, 14:30:00,TARDE,5_VIERNES,BRRIO NUEVO,"CALLE 27 CARRERA 30,35",URBANA,TECNICO,3.52476,-76.30155,ARRANCAR SIN PRECAUCION,NO APLICA,CHOQUE,NO APLICA,NO APLICA,NO APLICA,NO APLICA,AUTOMOVIL,CHEVROLET,CANDELARIA,PARTICULAR,NO APLICA
HERIDOS,2020-01-24, 17:45:00,TARDE,5_VIERNES,SAN PEDRO,CALLE 38 CARRERA 16,URBANA,TECNICO,3.53395,-76.28834,ANIMALES EN LA VIA,MOTOCICLISTA,CHOQUE SEMOVIENTE,1,NO APLICA,PALMA,NO APLICA,MOTO,KYMCO,FLORIDA,PARTICULAR,NO APLICA
HERIDOS,2020-01-24, 19:00:00,NOCHE,5_VIERNES,COLOMBIA,CALLE 36 CARRERA 34,URBANA,TECNICO,3.53362,-76.30361,ADELANTAR POR LA DERECHA,NO APLICA,CHOQUE,NO APLICA,NO APLICA,NO APLICA,NO APLICA,CAMIONETA,HONDA,BOGOTA,PARTICULAR,NO APLICA
HERIDOS,2020-01-24, 19:00:00,NOCHE,5_VIERNES,COLOMBIA,CALLE 36 CARRERA 34,URBANA,TECNICO,3.53362,-76.30361,ADELANTAR POR LA DERECHA,MOTOCICLISTA,CHOQUE,1,NO APLICA,PALMA,NO APLICA,MOTO,HONDA,GUACARI,PARTICULAR,NO APLICA
DAÑOS,2020-01-25, 10:00:00,MAÑANA,6_SABADO,SEMBRADOR,CALLE 24 CARRERA 19,URBANA,TECNICO,3.5217,-76.291,PERDIDA DEL CONTROL,NO APLICA,CHOQUE OBJETO FIJO,NO APLICA,NO APLICA,NO APLICA,NO APLICA,AUTOMOVIL,CHEVROLET,CALI,PARTICULAR,NO APLICA
DAÑOS,2020-01-27, 09:00:00,MAÑANA,1_LUNES,RECREO,CALLE 24 CARRERA 25,URBANA,TECNICO,3.52156,-76.29716,DESOBEDECER SEÑALES,NO APLICA,CHOQUE,NO APLICA,NO APLICA,NO APLICA,NO APLICA,AUTOMOVIL,CHEVROLET,CALI,PARTICULAR,NO APLICA
DAÑOS,2020-01-27, 09:00:00,MAÑANA,1_LUNES,RECREO,CALLE 24 CARRERA 25,URBANA,TECNICO,3.52156,-76.29716,DESOBEDECER SEÑALES,NO APLICA,CHOQUE,NO APLICA,NO APLICA,NO APLICA,NO APLICA,CAMIONETA,FORD,BOGOTA,PARTICULAR,NO APLICA
DAÑOS,2020-01-25, 21:15:00,NOCHE,6_SABADO,SANTA BARBARA,CARRERA 38 CALLE 32,URBANA,TECNICO,3.53042,-76.30772,NO ESTAR PENDIENTE DE LA VIA,NO APLICA,CHOQUE,NO APLICA,NO APLICA,NO APLICA,NO APLICA,AUTOMOVIL,RENAULT,CALI,PARTICULAR,NO APLICA
DAÑOS,2020-01-25, 21:15:00,NOCHE,6_SABADO,SANTA BARBARA,CARRERA 38 CALLE 32,URBANA,TECNICO,3.53042,-76.30772,NO ESTAR PENDIENTE DE LA VIA,NO APLICA,CHOQUE,NO APLICA,NO APLICA,NO APLICA,NO APLICA,MOTO,AKT,PRADERA,PARTICULAR,NO APLICA
HERIDOS,2020-01-25, 14:10:00,TARDE,6_SABADO,NUEVO,CARRERA 31 CALLE 22-48,URBANA,TECNICO,3.52102,-76.30272,ADELANTAR POR LA DERECHA,MOTOCICLISTA,CHOQUE,1,NO APLICA,PALMIRA,NO APLICA,MOTO,HERO,PALMIRA,PARTICULAR,NO APLICA
HERIDOS,2020-01-25, 14:10:00,TARDE,6_SABADO,NUEVO,CARRERA 31 CALLE 22-48,URBANA,TECNICO,3.52102,-76.30272,ADELANTAR POR LA DERECHA,NO APLICA,CHOQUE,NO APLICA,NO APLICA,NO APLICA,NO APLICA,CAMIONETA,CHEVROLET,CALI,PARTICULAR,NO APLICA
HERIDOS,2020-01-25, 14:10:00,TARDE,6_SABADO,NUEVO,CARRERA 31 CALLE 22-48,URBANA,TECNICO,3.52102,-76.30272,ADELANTAR POR LA DERECHA,NO APLICA,CHOQUE,NO APLICA,NO APLICA,NO APLICA,NO APLICA,BUSETA,IVECO,PALMIRA,PUBLICO,PALMIRANA
DAÑOS,2020-01-28, 06:30:00,MAÑANA,2_MARTES,OBRERO,CALLE 35 CARRERA 24,URBANA,TECNICO,3.53153,-76.29495,DESOBEDECER SEÑALES,NO APLICA,CHOQUE,NO APLICA,NO APLICA,NO APLICA,NO APLICA,CAMION,HINO,NARIÑO,PUBLICO,NO APLICA
DAÑOS,2020-01-28, 06:30:00,MAÑANA,2_MARTES,OBRERO,CALLE 35 CARRERA 24,URBANA,TECNICO,3.53153,-76.29495,DESOBEDECER SEÑALES,NO APLICA,CHOQUE,NO APLICA,NO APLICA,NO APLICA,NO APLICA,CAMIONETA,HYUNDAI,PALMIRA,PARTICULAR,NO APLICA
HERIDOS,2020-01-24, 17:15:00,TARDE,5_VIERNES,MARIACANO,CARRERA 1 CALLE 32C-20,URBANA,TECNICO,3.52801,-76.27741,NO MANTENER DISTANCIA DE SEGURIDAD,MOTOCICLISTA,CHOQUE,1,NO APLICA,PALMIRA,NO APLICA,MOTO,SUZUKI,PALMIRA,PARTICULAR,NO APLICA
HERIDOS,2020-01-24, 17:15:00,TARDE,5_VIERNES,MARIACANO,CARRERA 1 CALLE 32C-20,URBANA,TECNICO,3.52801,-76.27741,NO MANTENER DISTANCIA DE SEGURIDAD,MOTOCICLISTA,CHOQUE,1,NO APLICA,PALMIRA,NO APLICA,MOTO,HONDA,FLORIDA,PARTICULAR,NO APLICA
HERIDOS,2020-01-24, 17:15:00,TARDE,5_VIERNES,MARIACANO,CARRERA 1 CALLE 32C-20,URBANA,TECNICO,3.52801,-76.27741,NO MANTENER DISTANCIA DE SEGURIDAD,ACOMPAÑANTE MOTOCICLISTA,CHOQUE,1,NO APLICA,PALMIRA,NO APLICA,NO APLICA,NO APLICA,NO APLICA,NO APLICA,NO APLICA
HERIDOS,2020-01-24, 17:15:00,TARDE,5_VIERNES,MARIACANO,CARRERA 1 CALLE 32C-20,URBANA,TECNICO,3.52801,-76.27741,NO MANTENER DISTANCIA DE SEGURIDAD,NO APLICA,CHOQUE,NO APLICA,NO APLICA,NO APLICA,NO APLICA,BUS,HINO,YUMBO,PUBLICO,BRASILIA
HERIDOS,2020-01-24, 20:00:00,NOCHE,5_VIERNES,PARAISO,VIA PALMIRA PRADERA KM 1+300 MTS,RURAL,TECNICO,3.51991,-76.277,VEHICULO MAL ESTACIONADO,NO APLICA,CHOQUE,NO APLICA,NO APLICA,NO APLICA,NO APLICA,AUTOMOVIL,RENAULT,CALI,PARTICULAR,NO APLICA
HERIDOS,2020-01-24, 20:00:00,NOCHE,5_VIERNES,PARAISO,VIA PALMIRA PRADERA KM 1+300 MTS,RURAL,TECNICO,3.51991,-76.277,VEHICULO MAL ESTACIONADO,MOTOCICLISTA,CHOQUE,1,NO APLICA,PALMA,NO APLICA,MOTO,AUTECO,LAUNION,PARTICULAR,NO APLICA
DAÑOS,2020-01-25, 11:30:00,MAÑANA,6_SABADO,CENTRO POBLADO PEREIRA,CALLE 93 71-104,RURAL,TECNICO,3.45622,-76.47528,NO ESTAR PENDIENTE DE LA VIA,NO APLICA,CHOQUE OBJETO FIJO,NO APLICA,NO APLICA,NO APLICA,NO APLICA,CAMION,DODGE,BOGOTA,PARTICULAR,NO APLICA
HERIDOS,2020-01-27, 12:50:00,TARDE,1_LUNES,BUENOS AIRES,CALLE 35 F CARRERA 6,URBANA,TECNICO,3.5315,-76.2732,DESOBEDECER SEÑALES,NO APLICA,CHOQUE,NO APLICA,NO APLICA,NO APLICA,NO APLICA,AUTOMOVIL,NISSAN,CALI,PARTICULAR,NO APLICA
HERIDOS,2020-01-27, 12:50:00,TARDE,1_LUNES,BUENOS AIRES,CALLE 35 F CARRERA 6,URBANA,TECNICO,3.5315,-76.2732,DESOBEDECER SEÑALES,MOTOCICLISTA,CHOQUE,1,NO APLICA,PALMA,NO APLICA,MOTO,VICTORY,PRADERA,PARTICULAR,NO APLICA
HERIDOS,2020-01-27, 12:50:00,TARDE,1_LUNES,BUENOS AIRES,CALLE 35 F CARRERA 6,URBANA,TECNICO,3.5315,-76.2732,DESOBEDECER SEÑALES,ACOMPAÑANTE MOTOCICLISTA,CHOQUE,1,NO APLICA,PALMA,NO APLICA,NO APLICA,NO APLICA,NO APLICA,NO APLICA,NO APLICA
DAÑOS,2020-01-27, 15:15:00,TARDE,1_LUNES,SANTA BARBARA,CALLE 31 CARRERA 44-46,URBANA,TECNICO,3.53003,-76.31395,DESOBEDECER SEÑALES,NO APLICA,CHOQUE,NO APLICA,NO APLICA,NO APLICA,NO APLICA,AUTOMOVIL,RENAULT,SABANETA,PARTICULAR,NO APLICA