GRAVEDAD,FECHA,HORA,JORNADA,DIA_SEMANA,BARRIOS_CORREGIMIENTO_VIA,DIRECCION,ZONA,AUTORIDAD,LAT,LONG,HIPOTESIS,CONDICION_DE_LA_VICTIMA,CLASE_DE_SINIESTRO,LESIONADO,HOMICIDIOS,CLINICA,SITIO,CLASE_DE_VEHICULO,MARCA,MATRICULA,TIPO_DE_SERVICIO,EMPRESA
DAÑOS,2020-01-27, 15:15:00,TARDE,1_LUNES,SANTA BARBARA,CALLE 31 CARRERA 44-46,URBANA,TECNICO,3.53003,-76.31395,DESOBEDECER SEÑALES,NO APLICA,CHOQUE,NO APLICA,NO APLICA,NO APLICA,NO APLICA,MOTO,HONDA,GUACARI,PARTICULAR,NO APLICA
DAÑOS,2020-01-27, 17:05:00,TARDE,1_LUNES,COLOMBIA,CALLE 33 CARRERA 31-74,URBANA,TECNICO,3.53078,-76.3013,ADELANTAMIENTO INDEBIDO,NO APLICA,CHOQUE,NO APLICA,NO APLICA,NO APLICA,NO APLICA,CAMIONETA,HYUNDAI,ENVIGADO,PARTICULAR,NO APLICA
DAÑOS,2020-01-27, 17:05:00,TARDE,1_LUNES,COLOMBIA,CALLE 33 CARRERA 31-74,URBANA,TECNICO,3.53078,-76.3013,ADELANTAMIENTO INDEBIDO,NO APLICA,CHOQUE,NO APLICA,NO APLICA,NO APLICA,NO APLICA,MOTO,VICTORY,PALMIRA,PARTICULAR,NO APLICA
HERIDOS,2020-01-27, 18:15:00,NOCHE,1_LUNES,TREBOL,CARRERA 23 CALLE 27,URBANA,TECNICO,3.52386,-76.29507,DESOBEDECER SEÑALES,MOTOCICLISTA,CHOQUE,1,NO APLICA,PALMA,NO APLICA,MOTO,AKT,PRADERA,PARTICULAR,NO APLICA
HERIDOS,2020-01-27, 18:15:00,NOCHE,1_LUNES,TREBOL,CARRERA 23 CALLE 27,URBANA,TECNICO,3.52386,-76.29507,DESOBEDECER SEÑALES,NO APLICA,CHOQUE,NO APLICA,NO APLICA,NO APLICA,NO APLICA,AUTOMOVIL,NISSAN,BOGOTA,PARTICULAR,NO APLICA
HERIDOS,2020-01-27, 18:15:00,NOCHE,1_LUNES,TREBOL,CARRERA 23 CALLE 27,URBANA,TECNICO,3.52386,-76.29507,DESOBEDECER SEÑALES,ACOMPAÑANTE MOTOCICLISTA,CHOQUE,1,NO APLICA,PALMA,NO APLICA,NO APLICA,NO APLICA,NO APLICA,NO APLICA,NO APLICA
DAÑOS,2020-01-28, 15:25:00,TARDE,2_MARTES,VERSALLE S,CALLE 42 CARRERA 30,URBANA,TECNICO,3.53807,-76.29883,CAMBIO DE CARRIL SIN LAS MEDIDAS DE PRECAUCION,NO APLICA,CHOQUE,NO APLICA,NO APLICA,NO APLICA,NO APLICA,MOTO,BAJAJ,EL CERRITO,PARTICULAR,NO APLICA
DAÑOS,2020-01-28, 15:25:00,TARDE,2_MARTES,VERSALLE S,CALLE 42 CARRERA 30,URBANA,TECNICO,3.53807,-76.29883,CAMBIO DE CARRIL SIN LAS MEDIDAS DE PRECAUCION,NO APLICA,CHOQUE,NO APLICA,NO APLICA,NO APLICA,NO APLICA,MOTO,YAMAHA,LA VIRGINIA,PARTICULAR,NO APLICA
HERIDOS,2020-01-28, 14:50:00,TARDE,2_MARTES,UNBANIZACION EL BOSQUE,CARRERA 8 CALLE 33,URBANA,TECNICO,3.52843,-76.28212,DESOBEDECER SEÑALES,MOTOCICLISTA,CHOQUE,1,NO APLICA,RAUL,NO APLICA,MOTO,KEEWAY,GINEBRA,PARTICULAR,NO APLICA
HERIDOS,2020-01-28, 14:50:00,TARDE,2_MARTES,UNBANIZACION EL BOSQUE,CARRERA 8 CALLE 33,URBANA,TECNICO,3.52843,-76.28212,DESOBEDECER SEÑALES,NO APLICA,CHOQUE,NO APLICA,NO APLICA,NO APLICA,NO APLICA,MOTO,KYMCO,EL CERRITO,PARTICULAR,NO APLICA
DAÑOS,2020-01-28, 19:00:00,NOCHE,2_MARTES,CENTRO,CALLE 31 CARRERA 31 -14,URBANA,TECNICO,3.52845,-76.30204,NO MANTENER DISTANCIA DE SEGURIDAD,NO APLICA,CHOQUE,NO APLICA,NO APLICA,NO APLICA,NO APLICA,AUTOMOVIL,RENAULT,CALI,PARTICULAR,NO APLICA
DAÑOS,2020-01-28, 19:00:00,NOCHE,2_MARTES,CENTRO,CALLE 31 CARRERA 31 -14,URBANA,TECNICO,3.52845,-76.30204,NO MANTENER DISTANCIA DE SEGURIDAD,NO APLICA,CHOQUE,NO APLICA,NO APLICA,NO APLICA,NO APLICA,MOTO,TONGKO,PALMIRA,PARTICULAR,NO APLICA
DAÑOS,2020-01-30, 09:00:00,MAÑANA,4_JUEVES,INDUSTRIAL,CALLE 42 CARRERA 35,URBANA,TECNICO,3.53896,-76.3065,NO MANTENER DISTANCIA DE SEGURIDAD,NO APLICA,CHOQUE,NO APLICA,NO APLICA,NO APLICA,NO APLICA,AUTOMOVIL,NISSAN,CALI,PARTICULAR,NO APLICA
DAÑOS,2020-01-30, 09:00:00,MAÑANA,4_JUEVES,INDUSTRIAL,CALLE 42 CARRERA 35,URBANA,TECNICO,3.53896,-76.3065,NO MANTENER DISTANCIA DE SEGURIDAD,NO APLICA,CHOQUE,NO APLICA,NO APLICA,NO APLICA,NO APLICA,MOTO,SUZUKI,EL CERRITO,PARTICULAR,NO APLICA
HERIDOS,2020-01-29, 18:55:00,NOCHE,3_MIERCOLES,VERSALLE S,CALLE 42 CARRERA 28-48,URBANA,TECNICO,3.53801,-76.2978,NO MANTENER DISTANCIA DE SEGURIDAD,NO APLICA,CHOQUE,NO APLICA,NO APLICA,NO APLICA,NO APLICA,AUTOMOVIL,CHEVROLET,CALI,PARTICULAR,NO APLICA
HERIDOS,2020-01-29, 18:55:00,NOCHE,3_MIERCOLES,VERSALLE S,CALLE 42 CARRERA 28-48,URBANA,TECNICO,3.53801,-76.2978,NO MANTENER DISTANCIA DE SEGURIDAD,MOTOCICLISTA,CHOQUE,1,NO APLICA,PALMA,NO APLICA,MOTO,AUTECO,GUACARI,PARTICULAR,NO APLICA
DAÑOS,2020-01-25, 12:30:00,TARDE,6_SABADO,RECREO,CALLE 23 CARRERA 24,URBANA,TECNICO,3.52065,-76.29589,MAL USO DEL CARRIL,NO APLICA,CHOQUE,NO APLICA,NO APLICA,NO APLICA,NO APLICA,AUTOMOVIL,MAZDA,PALMIRA,PARTICULAR,NO APLICA
DAÑOS,2020-01-25, 12:30:00,TARDE,6_SABADO,RECREO,CALLE 23 CARRERA 24,URBANA,TECNICO,3.52065,-76.29589,MAL USO DEL CARRIL,NO APLICA,CHOQUE,NO APLICA,NO APLICA,NO APLICA,NO APLICA,BUS,CHEVROLET,PALMIRA,PUBLICO,LINEAS DEL VALLE
HERIDOS,2020-01-30, 09:30:00,MAÑANA,4_JUEVES,URIBE,CALLE 32 CARRERA 20,URBANA,TECNICO,3.52796,-76.29194,DESOBEDECER SEÑAL,MOTOCICLISTA,CHOQUE,1,NO APLICA,PALMIRA,NO APLICA,MOTO,KYMCO,PALMIRA,PARTICULAR,NO APLICA
HERIDOS,2020-01-30, 09:30:00,MAÑANA,4_JUEVES,URIBE,CALLE 32 CARRERA 20,URBANA,TECNICO,3.52796,-76.29194,DESOBEDECER SEÑAL,MOTOCICLISTA,CHOQUE,1,NO APLICA,PALMA,NO APLICA,MOTO,AUTECO,GUACARI,PARTICULAR,NO APLICA
DAÑOS,2020-01-31, 08:30:00,MAÑANA,5_VIERNES,CUIDAD DEL CAMPO,CARRERA 34 CALLE 100,RURAL,TECNICO,3.45791,-76.46425,ADELANTAR CERRANDO,NO APLICA,CHOQUE,NO APLICA,NO APLICA,NO APLICA,NO APLICA,CAMPERO,TOYOTA,NARIÑO,PARTICULAR,NO APLICA
DAÑOS,2020-01-31, 08:30:00,MAÑANA,5_VIERNES,CUIDAD DEL CAMPO,CARRERA 34 CALLE 100,RURAL,TECNICO,3.45791,-76.46425,ADELANTAR CERRANDO,NO APLICA,CHOQUE,NO APLICA,NO APLICA,NO APLICA,NO APLICA,AUTOMOVIL,CHEVROLET,CALI,PARTICULAR,NO APLICA
HERIDOS,2020-01-30, 15:50:00,TARDE,4_JUEVES,TREBOL,CALLE 26 CARRERA 21,URBANA,TECNICO,3.52257,-76.29344,DESOBEDECER SEÑALES,MOTOCICLISTA,CHOQUE,1,NO APLICA,PALMIRA,NO APLICA,MOTO,BAJAJ,FLORIDA,PARTICULAR,NO APLICA
HERIDOS,2020-01-30, 15:50:00,TARDE,4_JUEVES,TREBOL,CALLE 26 CARRERA 21,URBANA,TECNICO,3.52257,-76.29344,DESOBEDECER SEÑALES,MOTOCICLISTA,CHOQUE,1,NO APLICA,PALMIRA,NO APLICA,MOTO,AKT,MANIZALES,PARTICULAR,NO APLICA
HERIDOS,2020-01-30, 15:50:00,TARDE,4_JUEVES,TREBOL,CALLE 26 CARRERA 21,URBANA,TECNICO,3.52257,-76.29344,DESOBEDECER SEÑALES,ACOMPAÑANTE MOTOCICLISTA,CHOQUE,1,NO APLICA,PALMIRA,NO APLICA,NO APLICA,NO APLICA,NO APLICA,NO APLICA,NO APLICA
HERIDOS,2020-01-30, 17:50:00,TARDE,4_JUEVES,CUIDADELA,CALLE 29 CARRERA 12 -66,URBANA,TECNICO,3.52466,-76.28589,ADELANTAR INDEBIDO,NO APLICA,CHOQUE,NO APLICA,NO APLICA,NO APLICA,NO APLICA,CAMIONETA,SUZUKI,CALI,PARTICULAR,NO APLICA
HERIDOS,2020-01-30, 17:50:00,TARDE,4_JUEVES,CUIDADELA,CALLE 29 CARRERA 12 -66,URBANA,TECNICO,3.52466,-76.28589,ADELANTAR INDEBIDO,MOTOCICLISTA,CHOQUE,1,NO APLICA,PALMA,NO APLICA,MOTO,HERO,PRADERA,PARTICULAR,NO APLICA
HERIDOS,2020-01-30, 17:50:00,TARDE,4_JUEVES,CUIDADELA,CALLE 29 CARRERA 12 -66,URBANA,TECNICO,3.52466,-76.28589,ADELANTAR INDEBIDO,ACOMPAÑANTE MOTOCICLISTA,CHOQUE,1,NO APLICA,PALMA,NO APLICA,NO APLICA,NO APLICA,NO APLICA,NO APLICA,NO APLICA
HERIDOS,2020-01-31, 16:15:00,TARDE,5_VIERNES,SANTA TERESITA,CALLE 47 CARRERA 35,URBANA,TECNICO,3.54256,-76.30743,NO RESPETAR PRELACION,NO APLICA,CHOQUE,NO APLICA,NO APLICA,NO APLICA,NO APLICA,AUTOMOVIL,NISSAN,CALI,PARTICULAR,NO APLICA
HERIDOS,2020-01-31, 16:15:00,TARDE,5_VIERNES,SANTA TERESITA,CALLE 47 CARRERA 35,URBANA,TECNICO,3.54256,-76.30743,NO RESPETAR PRELACION,NO APLICA,CHOQUE,NO APLICA,NO APLICA,NO APLICA,NO APLICA,MOTO,AKT,FUSAGASUGA,PARTICULAR,NO APLICA
HERIDOS,2020-01-31, 16:15:00,TARDE,5_VIERNES,SANTA TERESITA,CALLE 47 CARRERA 35,URBANA,TECNICO,3.54256,-76.30743,NO RESPETAR PRELACION,ACOMPAÑANTE MOTOCICLISTA,CHOQUE,1,NO APLICA,PALMA,NO APLICA,NO APLICA,NO APLICA,NO APLICA,NO APLICA,NO APLICA
DAÑOS,2020-01-31, 17:30:00,TARDE,5_VIERNES,INDUSTRIAL,CALLE 42 CARRERA 35,URBANA,TECNICO,3.53873,-76.30619,POR ESTABLECER,NO APLICA,CHOQUE,NO APLICA,NO APLICA,NO APLICA,NO APLICA,MOTO,HONDA,ZARZAL,PARTICULAR,NO APLICA
HERIDOS,2020-01-31, 17:30:00,TARDE,5_VIERNES,INDUSTRIAL,CALLE 42 CARRERA 35,URBANA,TECNICO,3.53873,-76.30619,POR ESTABLECER,NO APLICA,CHOQUE,NO APLICA,NO APLICA,NO APLICA,NO APLICA,MOTO,HONDA,PALMIRA,PARTICULAR,NO APLICA
DAÑOS,2020-01-31, 20:20:00,NOCHE,5_VIERNES,INDUSTRIAL,CALLE 42 CARRERA 34B-35,URBANA,TECNICO,3.53863,-76.3027,NO MANTENER DISTANCIA DE SEGURIDAD,NO APLICA,CHOQUE,NO APLICA,NO APLICA,NO APLICA,NO APLICA,AUTOMOVIL,CHEVROLET,CALI,PARTICULAR,NO APLICA
DAÑOS,2020-01-31, 20:20:00,NOCHE,5_VIERNES,INDUSTRIAL,CALLE 42 CARRERA 34B-35,URBANA,TECNICO,3.53863,-76.3027,NO MANTENER DISTANCIA DE SEGURIDAD,NO APLICA,CHOQUE,NO APLICA,NO APLICA,NO APLICA,NO APLICA,CAMIONETA,CHEVROLET,CALI,PARTICULAR,NO APLICA
HERIDOS,2020-02-01, 06:30:00,MAÑANA,6_SABADO,INDUSTRIAL,CALLE 42 CARRERA 37-38,URBANA,TECNICO,3.53889,-76.3081,GIRAR BRUSCAMENTE,NO APLICA,CHOQUE,NO APLICA,NO APLICA,NO APLICA,NO APLICA,MICROBUS,RENAULT,GUACARI,PUBLICO,NO APLICA
HERIDOS,2020-02-01, 06:30:00,MAÑANA,6_SABADO,INDUSTRIAL,CALLE 42 CARRERA 37-38,URBANA,TECNICO,3.53889,-76.3081,GIRAR BRUSCAMENTE,CICLISTA,CHOQUE,NO APLICA,1,PALMA,NO APLICA,BICICLETA,NO APLICA,NO APLICA,PARTICULAR,NO APLICA
HERIDOS,2020-02-01, 16:50:00,TARDE,6_SABADO,VIA AGUACLARA - BUITRERA,KM 4 + 60MTS,RURAL,TECNICO,3.50632,-76.22691,IMPERICIA EN EL MANEJO,NO APLICA,CHOQUE,NO APLICA,NO APLICA,NO APLICA,NO APLICA,AUTOMOVIL,MAZDA,CALI,PARTICULAR,NO APLICA
HERIDOS,2020-02-01, 16:50:00,TARDE,6_SABADO,VIA AGUACLARA - BUITRERA,KM 4 + 60MTS,RURAL,TECNICO,3.50632,-76.22691,IMPERICIA EN EL MANEJO,MOTOCICLISTA,CHOQUE,1,NO APLICA,RAUL,NO APLICA,MOTO,SUZUKI,GUACARI,PARTICULAR,NO APLICA
HERIDOS,2020-02-01, 16:50:00,TARDE,6_SABADO,VIA AGUACLARA - BUITRERA,KM 4 + 60MTS,RURAL,TECNICO,3.50632,-76.22691,IMPERICIA EN EL MANEJO,ACOMPAÑANTE MOTOCICLISTA,CHOQUE,1,NO APLICA,RAUL,NO APLICA,NO APLICA,NO APLICA,NO APLICA,NO APLICA,NO APLICA
HERIDOS,2020-02-03, 07:35:00,MAÑANA,1_LUNES,FRAY LUIS,CALLE 42 CARRERA 45,URBANA,TECNICO,3.53878,-76.31471,NO MANTENER DISTANCIA DE SEGURIDAD,NO APLICA,CHOQUE,NO APLICA,NO APLICA,NO APLICA,NO APLICA,AUTOMOVIL,KIA,CALI,PARTICULAR,NO APLICA
HERIDOS,2020-02-03, 07:35:00,MAÑANA,1_LUNES,FRAY LUIS,CALLE 42 CARRERA 45,URBANA,TECNICO,3.53878,-76.31471,NO MANTENER DISTANCIA DE SEGURIDAD,MOTOCICLISTA,CHOQUE,1,NO APLICA,PALMA,NO APLICA,MOTO,AKT,PRADERA,PARTICULAR,NO APLICA
DAÑOS,2020-02-03, 11:40:00,MAÑANA,1_LUNES,CENTRO,CALLE 31 CARRERA 31-60,URBANA,TECNICO,3.52852,-76.30181,PARQUIAR SIN MEDIDAS DE PRECAUCION,NO APLICA,CHOQUE,NO APLICA,NO APLICA,NO APLICA,NO APLICA,AUTOMOVIL,CITROEN,BOGOTA,PARTICULAR,NO APLICA
DAÑOS,2020-02-03, 11:40:00,MAÑANA,1_LUNES,CENTRO,CALLE 31 CARRERA 31-60,URBANA,TECNICO,3.52852,-76.30181,PARQUIAR SIN MEDIDAS DE PRECAUCION,NO APLICA,CHOQUE,NO APLICA,NO APLICA,NO APLICA,NO APLICA,AUTOMOVIL,CHEVROLET,CALI,PARTICULAR,NO APLICA
HERIDOS,2020-02-03, 11:40:00,MAÑANA,1_LUNES,CENTRO,CALLE 31 CARRERA 31-60,URBANA,TECNICO,3.52852,-76.30181,PARQUIAR SIN MEDIDAS DE PRECAUCION,NO APLICA,CHOQUE,NO APLICA,NO APLICA,NO APLICA,NO APLICA,AUTOMOVIL,MAZDA,CALI,PARTICULAR,NO APLICA
DAÑOS,2020-02-01, 01:45:00,MADRUGADA,6_SABADO,CENTRO,CARRERA 32 CALLE 32 -135,URBANA,TECNICO,3.5295,-76.30223,POR ESTABLECER,NO APLICA,CHOQUE,NO APLICA,NO APLICA,NO APLICA,NO APLICA,MOTO,JINCHENG,EL CERRITO,PARTICULAR,NO APLICA
DAÑOS,2020-02-01, 01:45:00,MADRUGADA,6_SABADO,CENTRO,CARRERA 32 CALLE 32 -135,URBANA,TECNICO,3.5295,-76.30223,POR ESTABLECER,NO APLICA,CHOQUE,NO APLICA,NO APLICA,NO APLICA,NO APLICA,MOTO,HONDA,FLORIDA,PARTICULAR,NO APLICA
HERIDOS,2020-02-01, 20:45:00,NOCHE,6_SABADO,LOS PINOS,CALLE 42 CARRERA 22,URBANA,TECNICO,3.53728,-76.29239,NO RESPETAR PELACION,MOTOCICLISTA,CHOQUE,1,NO APLICA,RAUL,NO APLICA,MOTO,AKT,CALI,PARTICULAR,NO APLICA
HERIDOS,2020-02-01, 20:45:00,NOCHE,6_SABADO,LOS PINOS,CALLE 42 CARRERA 22,URBANA,TECNICO,3.53728,-76.29239,NO RESPETAR PELACION,NO APLICA,CHOQUE,NO APLICA,NO APLICA,NO APLICA,NO APLICA,AUTOMOVIL,KIA,PALMIRA,PARTICULAR,NO APLICA
DAÑOS,2020-02-02, 19:05:00,NOCHE,7_DOMINGO,EMILIA,CALLE 42 CARRERA 39,URBANA,TECNICO,3.54019,-76.30999,GIRAR BRUSCAMENTE,NO APLICA,CHOQUE,NO APLICA,NO APLICA,NO APLICA,NO APLICA,AUTOMOVIL,NISSAN,CALI,PARTICULAR,NO APLICA
HERIDOS,2020-02-03, 16:00:00,TARDE,1_LUNES,EMILIA,CARRERA 36 CALLE 37,URBANA,TECNICO,3.5347,-76.30674,DESOBEDECER SEÑAL,MOTOCICLISTA,CHOQUE,1,NO APLICA,FRACTURAS,NO APLICA,MOTO,KYMCO,GINEBRA,PARTICULAR,NO APLICA
HERIDOS,2020-02-03, 16:00:00,TARDE,1_LUNES,EMILIA,CARRERA 36 CALLE 37,URBANA,TECNICO,3.5347,-76.30674,DESOBEDECER SEÑAL,MOTOCICLISTA,CHOQUE,1,NO APLICA,PALMIRA,NO APLICA,MOTO,HONDA,DOSQUEBRADAS,PARTICULAR,NO APLICA
DAÑOS,2020-02-03, 17:00:00,TARDE,1_LUNES,LOS SAUSES,CARRERA 1 CALLE 36-36A,URBANA,TECNICO,3.53362,-76.27733,POR ESTABLECER,NO APLICA,CHOQUE,NO APLICA,NO APLICA,NO APLICA,NO APLICA,CAMPERO,SSANGYONG,CALI,PARTICULAR,NO APLICA
HERIDOS,2020-02-02, 07:10:00,MAÑANA,7_DOMINGO,SANTA ISABEL,CARRERA 28 CALLE 44,URBANA,TECNICO,3.53928,-76.29714,NO MANTENER DISTANCIA DE SEGURIDAD,MOTOCICLISTA,CHOQUE,1,NO APLICA,RAUL,NO APLICA,MOTO,KYMCO,CARTAGO,PARTICULAR,NO APLICA
HERIDOS,2020-02-02, 07:10:00,MAÑANA,7_DOMINGO,SANTA ISABEL,CARRERA 28 CALLE 44,URBANA,TECNICO,3.53928,-76.29714,NO MANTENER DISTANCIA DE SEGURIDAD,MOTOCICLISTA,CHOQUE,1,NO APLICA,RAUL,NO APLICA,MOTO,BAJAJ,PRADERA,PARTICULAR,NO APLICA
HERIDOS,2020-02-02, 07:30:00,MAÑANA,7_DOMINGO,NUEVO,CARRERA 31 CALLE 27,URBANA,TECNICO,3.52781,-76.29786,DESOBEDECER SEÑAL,MOTOCICLISTA,CHOQUE,1,NO APLICA,PALMA,NO APLICA,MOTO,HONDA,PALMIRA,PARTICULAR,NO APLICA
HERIDOS,2020-02-02, 07:30:00,MAÑANA,7_DOMINGO,NUEVO,CARRERA 31 CALLE 27,URBANA,TECNICO,3.52781,-76.29786,DESOBEDECER SEÑAL,NO APLICA,CHOQUE,NO APLICA,NO APLICA,NO APLICA,NO APLICA,MOTO,HONDA,GUACARI,PARTICULAR,NO APLICA
HERIDOS,2020-02-02, 07:30:00,MAÑANA,7_DOMINGO,NUEVO,CARRERA 31 CALLE 27,URBANA,TECNICO,3.52781,-76.29786,DESOBEDECER SEÑAL,ACOMPAÑANTE MOTOCICLISTA,CHOQUE,1,NO APLICA,PALMA,NO APLICA,NO APLICA,NO APLICA,NO APLICA,NO APLICA,NO APLICA
DAÑOS,2020-02-02, 09:00:00,MAÑANA,7_DOMINGO,EMILIA,CALLE 32 CARRERA 39,URBANA,TECNICO,3.53088,-76.30897,DESOBEDECER SEÑAL,NO APLICA,CHOQUE,NO APLICA,NO APLICA,NO APLICA,NO APLICA,AUTOMOVIL,RENAULT,CALI,PARTICULAR,NO APLICA
DAÑOS,2020-02-02, 09:00:00,MAÑANA,7_DOMINGO,EMILIA,CALLE 32 CARRERA 39,URBANA,TECNICO,3.53088,-76.30897,DESOBEDECER SEÑAL,NO APLICA,CHOQUE,NO APLICA,NO APLICA,NO APLICA,NO APLICA,MOTO,AKT,CALI,PARTICULAR,NO APLICA
HERIDOS,2020-02-04, 12:10:00,TARDE,2_MARTES,CENTRO,CARRERA 33 CALLE 31-27,URBANA,TECNICO,3.52883,-76.30319,ADELANTAMIENTO INDEBIDO,NO APLICA,CHOQUE,NO APLICA,NO APLICA,NO APLICA,NO APLICA,MOTO,BAJAJ,PALMIRA,PARTICULAR,NO APLICA
HERIDOS,2020-02-04, 12:10:00,TARDE,2_MARTES,CENTRO,CARRERA 33 CALLE 31-27,URBANA,TECNICO,3.52883,-76.30319,ADELANTAMIENTO INDEBIDO,MOTOCICLISTA,CHOQUE,1,NO APLICA,PALMIRA,NO APLICA,MOTO,SUZUKI,PALMIRA,PARTICULAR,NO APLICA
HERIDOS,2020-02-04, 12:10:00,TARDE,2_MARTES,CENTRO,CARRERA 33 CALLE 31-27,URBANA,TECNICO,3.52883,-76.30319,ADELANTAMIENTO INDEBIDO,ACOMPAÑANTE MOTOCICLISTA,CHOQUE,1,NO APLICA,PALMIRA,NO APLICA,NO APLICA,NO APLICA,NO APLICA,NO APLICA,NO APLICA
HERIDOS,2020-02-05, 08:50:00,MAÑANA,3_MIERCOLES,SANTA RITA,CALLE 33 CARRERA 26,URBANA,TECNICO,3.53006,-76.29668,DESOBEDECER SEÑAL,MOTOCICLISTA,CHOQUE,1,NO APLICA,FRACTURAS,NO APLICA,MOTO,HONDA,GUACARI,PARTICULAR,NO APLICA
HERIDOS,2020-02-05, 08:50:00,MAÑANA,3_MIERCOLES,SANTA RITA,CALLE 33 CARRERA 26,URBANA,TECNICO,3.53006,-76.29668,DESOBEDECER SEÑAL,MOTOCICLISTA,CHOQUE,1,NO APLICA,FRACTURAS,NO APLICA,MOTO,YAMAHA,PALMIRA,PARTICULAR,NO APLICA
DAÑOS,2020-02-05, 09:50:00,MAÑANA,3_MIERCOLES,SAN CAYETANO,CARRERA 24 CALLE 41,URBANA,TECNICO,3.53666,-76.29411,DESOBEDECER SEÑAL,NO APLICA,CHOQUE,NO APLICA,NO APLICA,NO APLICA,NO APLICA,MICROBUS,CHEVROLET,PALMIRA,PARTICULAR,NO APLICA
DAÑOS,2020-02-04, 14:50:00,TARDE,2_MARTES,SANCAYETANO,CARRERA 24 CALLE 41,URBANA,TECNICO,3.53666,-76.29412,DESOBEDECER SEÑAL,NO APLICA,CHOQUE,NO APLICA,NO APLICA,NO APLICA,NO APLICA,AUTOMOVIL,NISSAN,PALMIRA,PARTICULAR,NO APLICA
DAÑOS,2020-02-04, 14:50:00,TARDE,2_MARTES,SANCAYETANO,CARRERA 24 CALLE 41,URBANA,TECNICO,3.53666,-76.29412,DESOBEDECER SEÑAL,NO APLICA,CHOQUE,NO APLICA,NO APLICA,NO APLICA,NO APLICA,AUTOMOVIL,CHEVROLET,CALI,PARTICULAR,NO APLICA
DAÑOS,2020-02-04, 17:45:00,TARDE,2_MARTES,CENTRO,CALLE 29 CARRERA 26-10,URBANA,TECNICO,3.52588,-76.29782,NO MANTENER DISTANCIA DE SEGURIDAD,NO APLICA,CHOQUE,NO APLICA,NO APLICA,NO APLICA,NO APLICA,MOTO,HONDA,GUACARI,PARTICULAR,NO APLICA
DAÑOS,2020-02-04, 17:45:00,TARDE,2_MARTES,CENTRO,CALLE 29 CARRERA 26-10,URBANA,TECNICO,3.52588,-76.29782,NO MANTENER DISTANCIA DE SEGURIDAD,NO APLICA,CHOQUE,NO APLICA,NO APLICA,NO APLICA,NO APLICA,AUTOMOVIL,HYUNDAI,PALMIRA,PARTICULAR,NO APLICA
DAÑOS,2020-02-05, 15:50:00,TARDE,3_MIERCOLES,SANTA BARBARA,CALLE 31 CARRERA 40A-13,URBANA,TECNICO,3.5297,-76.31079,ADELANTAR POR LA DERECHHA,NO APLICA,CHOQUE,NO APLICA,NO APLICA,NO APLICA,NO APLICA,CAMIONETA,HYUNDAI,BOGOTA,PARTICULAR,NO APLICA
DAÑOS,2020-02-05, 15:50:00,TARDE,3_MIERCOLES,SANTA BARBARA,CALLE 31 CARRERA 40A-13,URBANA,TECNICO,3.5297,-76.31079,ADELANTAR POR LA DERECHHA,NO APLICA,CHOQUE,NO APLICA,NO APLICA,NO APLICA,NO APLICA,CAMION,DODGE,TULUA,PUBLICO,NO APLICA
DAÑOS,2020-02-05, 16:45:00,TARDE,3_MIERCOLES,CENTRO,CARRERA 33A CALLE 30-81,URBANA,TECNICO,3.52805,-76.30438,OTRAS OBJETO EN LA VIA,NO APLICA,CHOQUE OBJETO FIJO,NO APLICA,NO APLICA,NO APLICA,NO APLICA,MOTO,YAMAHA,PRADERA,PARTICULAR,NO APLICA
DAÑOS,2020-02-05, 21:30:00,NOCHE,3_MIERCOLES,ESTONIA,CALLE 42 CARRERA 32A-25,URBANA,TECNICO,3.53835,-76.30111,NO MANTENER DISTANCIA DE SEGURIDAD,NO APLICA,CHOQUE,NO APLICA,NO APLICA,NO APLICA,NO APLICA,AUTOMOVIL,NISSAN,CALI,PARTICULAR,NO APLICA
DAÑOS,2020-02-05, 21:30:00,NOCHE,3_MIERCOLES,ESTONIA,CALLE 42 CARRERA 32A-25,URBANA,TECNICO,3.53835,-76.30111,NO MANTENER DISTANCIA DE SEGURIDAD,NO APLICA,CHOQUE,NO APLICA,NO APLICA,NO APLICA,NO APLICA,CAMIONETA,DODGE,CALI,PARTICULAR,NO APLICA
DAÑOS,2020-02-05, 14:00:00,TARDE,3_MIERCOLES,CENTRO,CALLE 28 CARRERA 29-64,URBANA,TECNICO,3.52555,-76.30088,NO MANTENER DISTANCIA DE SEGURIDAD,NO APLICA,CHOQUE,NO APLICA,NO APLICA,NO APLICA,NO APLICA,CAMPERO,CHEVROLET,PALMIRA,PARTICULAR,NO APLICA
DAÑOS,2020-02-05, 14:00:00,TARDE,3_MIERCOLES,CENTRO,CALLE 28 CARRERA 29-64,URBANA,TECNICO,3.52555,-76.30088,NO MANTENER DISTANCIA DE SEGURIDAD,NO APLICA,CHOQUE,NO APLICA,NO APLICA,NO APLICA,NO APLICA,AUTOMOVIL,FORD,BOGOTA,PARTICULAR,NO APLICA