GRAVEDAD,FECHA,HORA,JORNADA,DIA_SEMANA,BARRIOS_CORREGIMIENTO_VIA,DIRECCION,ZONA,AUTORIDAD,LAT,LONG,HIPOTESIS,CONDICION_DE_LA_VICTIMA,CLASE_DE_SINIESTRO,LESIONADO,HOMICIDIOS,CLINICA,SITIO,CLASE_DE_VEHICULO,MARCA,MATRICULA,TIPO_DE_SERVICIO,EMPRESA
HERIDOS,2020-02-07, 19:40:00,NOCHE,5_VIERNES,LA ITALIA,CALLE 6 CARRERA 28,URBANA,TECNICO,3.50555,-76.2993,DESOBEDECER SEÑAL,MOTOCICLISTA,CHOQUE,1,NO APLICA,PALMIRA,NO APLICA,MOTO,BAJAJ,FLORIDA,PARTICULAR,NO APLICA
HERIDOS,2020-02-07, 19:40:00,NOCHE,5_VIERNES,LA ITALIA,CALLE 6 CARRERA 28,URBANA,TECNICO,3.50555,-76.2993,DESOBEDECER SEÑAL,MOTOCICLISTA,CHOQUE,1,NO APLICA,PALMIRA,NO APLICA,MOTO,AKT,PALMIRA,PARTICULAR,NO APLICA
HERIDOS,2020-02-07, 19:40:00,NOCHE,5_VIERNES,LA ITALIA,CALLE 6 CARRERA 28,URBANA,TECNICO,3.50555,-76.2993,DESOBEDECER SEÑAL,NO APLICA,CHOQUE,NO APLICA,NO APLICA,NO APLICA,NO APLICA,AUTOMOVIL,CHEVROLET,GDK468,PARTICULAR,NO APLICA
HERIDOS,2020-02-07, 20:30:00,NOCHE,5_VIERNES,LOS SAUSES,CALLE 35 CARRERA 3,URBANA,TECNICO,3.53109,-76.27966,DESOBEDECER SEÑAL,MOTOCICLISTA,CHOQUE,1,NO APLICA,PALMA,NO APLICA,MOTO,YAMAHA,PRADERA,PARTICULAR,NO APLICA
DAÑOS,2020-02-07, 19:55:00,NOCHE,5_VIERNES,SANTA TERESITA,CALLE 42 CARRERA 39 -40,URBANA,TECNICO,3.53896,-76.31039,NO MANTENER DISTANCIA DE SEGURIDAD,NO APLICA,CHOQUE,NO APLICA,NO APLICA,NO APLICA,NO APLICA,CAMIONETA,KIA,POPAYAN,PARTICULAR,NO APLICA
DAÑOS,2020-02-07, 19:55:00,NOCHE,5_VIERNES,SANTA TERESITA,CALLE 42 CARRERA 39 -40,URBANA,TECNICO,3.53896,-76.31039,NO MANTENER DISTANCIA DE SEGURIDAD,NO APLICA,CHOQUE,NO APLICA,NO APLICA,NO APLICA,NO APLICA,AUTOMOVIL,KIA,CALI,PARTICULAR,NO APLICA
HERIDOS,2020-02-10, 06:10:00,MAÑANA,1_LUNES,LIBERTADORES,CALLE 28 CARRERA 18,URBANA,TECNICO,3.5243,-76.29072,DESOBEDECER SEÑAL,MOTOCICLISTA,CHOQUE,1,NO APLICA,RAUL,NO APLICA,MOTO,HONDA,MIRANDA,PARTICULAR,NO APLICA
HERIDOS,2020-02-10, 06:10:00,MAÑANA,1_LUNES,LIBERTADORES,CALLE 28 CARRERA 18,URBANA,TECNICO,3.5243,-76.29072,DESOBEDECER SEÑAL,NO APLICA,CHOQUE,NO APLICA,NO APLICA,NO APLICA,NO APLICA,AUTOMOVIL,RENAULT,CALI,PARTICULAR,NO APLICA
HERIDOS,2020-02-10, 10:10:00,MAÑANA,1_LUNES,INDUSTRIAL,CARRERA 35 CALLE 46-47,URBANA,TECNICO,3.54185,-76.30731,NO MANTENER DISTANCIA DE SEGURIDAD,NO APLICA,CHOQUE,NO APLICA,NO APLICA,NO APLICA,NO APLICA,MOTO,HONDA,FLORIDA,PARTICULAR,NO APLICA
HERIDOS,2020-02-10, 10:10:00,MAÑANA,1_LUNES,INDUSTRIAL,CARRERA 35 CALLE 46-47,URBANA,TECNICO,3.54185,-76.30731,NO MANTENER DISTANCIA DE SEGURIDAD,NO APLICA,CHOQUE,NO APLICA,NO APLICA,NO APLICA,NO APLICA,MOTO,SUZUKI,PALMIRA,PARTICULAR,NO APLICA
HERIDOS,2020-02-10, 10:10:00,MAÑANA,1_LUNES,INDUSTRIAL,CARRERA 35 CALLE 46-47,URBANA,TECNICO,3.54185,-76.30731,NO MANTENER DISTANCIA DE SEGURIDAD,ACOMPAÑANTE MOTOCICLISTA,CHOQUE,1,NO APLICA,NO APLICA,NO APLICA,NO APLICA,NO APLICA,NO APLICA,NO APLICA,NO APLICA
DAÑOS,2020-02-10, 08:15:00,MAÑANA,1_LUNES,TREBOL,CARRERA 22 CALLE 27,URBANA,TECNICO,3.52378,-76.29424,DESOBEDECER SEÑAL,NO APLICA,CHOQUE,NO APLICA,NO APLICA,NO APLICA,NO APLICA,MOTO,SUZUKI,PALMIRA,PARTICULAR,NO APLICA
DAÑOS,2020-02-10, 08:15:00,MAÑANA,1_LUNES,TREBOL,CARRERA 22 CALLE 27,URBANA,TECNICO,3.52378,-76.29424,DESOBEDECER SEÑAL,NO APLICA,CHOQUE,NO APLICA,NO APLICA,NO APLICA,NO APLICA,CAMPERO,TOYOTA,CALI,PARTICULAR,NO APLICA
DAÑOS,2020-02-10, 10:30:00,MAÑANA,1_LUNES,COLOMBINA,CALLE 30 CARRERA 17,URBANA,TECNICO,3.52578,-76.28961,GIRAR SIN INDICACION,NO APLICA,CHOQUE,NO APLICA,NO APLICA,NO APLICA,NO APLICA,CAMION,CHEVROLET,GUACARI,PUBLICO,NO APLICA
DAÑOS,2020-02-10, 10:30:00,MAÑANA,1_LUNES,COLOMBINA,CALLE 30 CARRERA 17,URBANA,TECNICO,3.52578,-76.28961,GIRAR SIN INDICACION,NO APLICA,CHOQUE,NO APLICA,NO APLICA,NO APLICA,NO APLICA,CAMIONETA,CHEVROLET,CALI,PARTICULAR,NO APLICA
HERIDOS,2020-02-11, 06:00:00,MAÑANA,2_MARTES,ALAMEDA,CARRERA 28 CALLE 71-32,URBANA,TECNICO,3.55778,-76.29116,NO MANTENER DISTANCIA DE SEGURIDAD,MOTOCICLISTA,CHOQUE,1,NO APLICA,PALMA,NO APLICA,MOTO,HONDA,GUACARI,PARTICULAR,NO APLICA
HERIDOS,2020-02-11, 06:00:00,MAÑANA,2_MARTES,ALAMEDA,CARRERA 28 CALLE 71-32,URBANA,TECNICO,3.55778,-76.29116,NO MANTENER DISTANCIA DE SEGURIDAD,NO APLICA,CHOQUE,NO APLICA,NO APLICA,NO APLICA,NO APLICA,MICROBUS,NON PLUS,EL CERRITO,PUBLICO,SULTANA
HERIDOS,2020-02-11, 09:40:00,MAÑANA,2_MARTES,SANCAYETANO,CALLE 41 CARRERA 25,URBANA,TECNICO,3.53672,-76.29463,DESOBEDECER SEÑAL,MOTOCICLISTA,CHOQUE,1,NO APLICA,PALMA,NO APLICA,MOTO,HONDA,BUGA,PARTICULAR,NO APLICA
HERIDOS,2020-02-11, 09:40:00,MAÑANA,2_MARTES,SANCAYETANO,CALLE 41 CARRERA 25,URBANA,TECNICO,3.53672,-76.29463,DESOBEDECER SEÑAL,NO APLICA,CHOQUE,NO APLICA,NO APLICA,NO APLICA,NO APLICA,CAMIONETA,VOLKSWAGEN,BOGOTA,PARTICULAR,NO APLICA
HERIDOS,2020-02-07, 10:45:00,MAÑANA,5_VIERNES,RECREO,CALLE 22 CARRERA 30,URBANA,TECNICO,3.52049,-76.30188,DESOBEDECER SEÑAL,NO APLICA,CHOQUE,NO APLICA,NO APLICA,NO APLICA,NO APLICA,MOTO,YAMAHA,EL CERRITO,PARTICULAR,NO APLICA
HERIDOS,2020-02-07, 10:45:00,MAÑANA,5_VIERNES,RECREO,CALLE 22 CARRERA 30,URBANA,TECNICO,3.52049,-76.30188,DESOBEDECER SEÑAL,MOTOCICLISTA,CHOQUE,1,NO APLICA,PALMIRA,NO APLICA,MOTO,KYMCO,GUACARI,PARTICULAR,NO APLICA
HERIDOS,2020-02-07, 10:45:00,MAÑANA,5_VIERNES,RECREO,CALLE 22 CARRERA 30,URBANA,TECNICO,3.52049,-76.30188,DESOBEDECER SEÑAL,ACOMPAÑANTE MOTOCICLISTA,CHOQUE,1,NO APLICA,PALMIRA,NO APLICA,NO APLICA,NO APLICA,NO APLICA,NO APLICA,NO APLICA
HERIDOS,2020-02-09, 23:10:00,NOCHE,7_DOMINGO,NUEVO,CALLE 22 CARRERA 32,URBANA,TECNICO,3.52073,-76.30351,DESOBEDECER SEÑAL,NO APLICA,CHOQUE,NO APLICA,NO APLICA,NO APLICA,NO APLICA,CAMPERO,CHEVROLET,PALMIRA,PARTICULAR,NO APLICA
HERIDOS,2020-02-09, 23:10:00,NOCHE,7_DOMINGO,NUEVO,CALLE 22 CARRERA 32,URBANA,TECNICO,3.52073,-76.30351,DESOBEDECER SEÑAL,MOTOCICLISTA,CHOQUE,1,NO APLICA,PALMIRA,NO APLICA,MOTO,HERO,GUACARI,PARTICULAR,NO APLICA
HERIDOS,2020-02-11, 12:30:00,TARDE,1_LUNES,SAN CAYETANO,CARRERA 24 CALLE 41,URBANA,TECNICO,3.53666,-76.29411,DESOBEDECER SEÑAL,MOTOCICLISTA,CHOQUE,1,NO APLICA,PALMIRA,NO APLICA,MOTO,HONDA,GUACARI,PARTICULAR,NO APLICA
HERIDOS,2020-02-11, 12:30:00,TARDE,1_LUNES,SAN CAYETANO,CARRERA 24 CALLE 41,URBANA,TECNICO,3.53666,-76.29411,DESOBEDECER SEÑAL,MOTOCICLISTA,CHOQUE,1,NO APLICA,PALMIRA,NO APLICA,MOTO,YAMAHA,PALMIRA,PARTICULAR,NO APLICA
HERIDOS,2020-02-11, 13:00:00,TARDE,1_LUNES,EMILIA,CALLE 36 CARRERA 36,URBANA,TECNICO,3.53392,-76.3066,DESOBEDECER SEÑAL,MOTOCICLISTA,CHOQUE,1,NO APLICA,RAUL,NO APLICA,MOTO,SUZUKI,TULUA,PARTICULAR,NO APLICA
HERIDOS,2020-02-11, 13:00:00,TARDE,1_LUNES,EMILIA,CALLE 36 CARRERA 36,URBANA,TECNICO,3.53392,-76.3066,DESOBEDECER SEÑAL,NO APLICA,CHOQUE,NO APLICA,NO APLICA,NO APLICA,NO APLICA,CAMION,FORD,RIONEGRO,PUBLICO,NO APLICA
DAÑOS,2020-02-11, 14:00:00,TARDE,1_LUNES,EL BOSQUE,CARRERA 9 CALLE 32C-08,URBANA,TECNICO,3.52823,-76.28312,INVADIR CARRIL,NO APLICA,CHOQUE,NO APLICA,NO APLICA,NO APLICA,NO APLICA,CAMIONETA,CHERRY,PALMIRA,PARTICULAR,NO APLICA
DAÑOS,2020-02-11, 14:00:00,TARDE,1_LUNES,EL BOSQUE,CARRERA 9 CALLE 32C-08,URBANA,TECNICO,3.52823,-76.28312,INVADIR CARRIL,NO APLICA,CHOQUE,NO APLICA,NO APLICA,NO APLICA,NO APLICA,MOTO,HONDA,EL CERRITO,PARTICULAR,NO APLICA
DAÑOS,2020-02-11, 17:15:00,TARDE,1_LUNES,SANTA BARBARA,CALLE 31 CARRERA 40-65,URBANA,TECNICO,3.52964,-76.31035,NO MANTENER DISTANCIA DE SEGURIDAD,NO APLICA,CHOQUE,NO APLICA,NO APLICA,NO APLICA,NO APLICA,MICROBUS,NON PLUS,PALMIRA,PUBLICO,MONTEBELLO
DAÑOS,2020-02-11, 17:15:00,TARDE,1_LUNES,SANTA BARBARA,CALLE 31 CARRERA 40-65,URBANA,TECNICO,3.52964,-76.31035,NO MANTENER DISTANCIA DE SEGURIDAD,NO APLICA,CHOQUE,NO APLICA,NO APLICA,NO APLICA,NO APLICA,CAMIONETA,HYUNDAI,CALI,PARTICULAR,NO APLICA
HERIDOS,2020-02-11, 16:20:00,TARDE,2_MARTES,OBRERO,CALLE 35 CARRERA 24,URBANA,TECNICO,3.53152,-76.29496,DESOBEDECER SEÑAL,MOTOCICLISTA,CHOQUE,1,NO APLICA,PALMIRA,NO APLICA,MOTO,HONDA,GINEBRA,PARTICULAR,NO APLICA
HERIDOS,2020-02-11, 18:00:00,NOCHE,2_MARTES,URIBE,CALLE 34 CARRERA 23,URBANA,TECNICO,3.53057,-76.29416,DESOBEDECER SEÑAL,MOTOCICLISTA,CHOQUE,1,NO APLICA,PALMIRA,NO APLICA,MOTO,AUTECO,YUMBO,PARTICULAR,NO APLICA
HERIDOS,2020-02-11, 18:00:00,NOCHE,2_MARTES,URIBE,CALLE 34 CARRERA 23,URBANA,TECNICO,3.53057,-76.29416,DESOBEDECER SEÑAL,MOTOCICLISTA,CHOQUE,1,NO APLICA,PALMIRA,NO APLICA,MOTO,AKT,CALI,PARTICULAR,NO APLICA
HERIDOS,2020-02-11, 18:00:00,NOCHE,2_MARTES,URIBE,CALLE 34 CARRERA 23,URBANA,TECNICO,3.53057,-76.29416,DESOBEDECER SEÑAL,ACOMPAÑANTE MOTOCICLISTA,CHOQUE,1,NO APLICA,PALMIRA,NO APLICA,NO APLICA,NO APLICA,NO APLICA,NO APLICA,NO APLICA
HERIDOS,2020-02-12, 09:50:00,MAÑANA,2_MARTES,NUEVO,CALLE 22 CARRERA 30-23,URBANA,TECNICO,3.52054,-76.30227,CAMBIA CON O SIN INDICACION,NO APLICA,CHOQUE,NO APLICA,NO APLICA,NO APLICA,NO APLICA,MOTO,SUZUKI,PALMIRA,PARTICULAR,NO APLICA
HERIDOS,2020-02-12, 09:50:00,MAÑANA,2_MARTES,NUEVO,CALLE 22 CARRERA 30-23,URBANA,TECNICO,3.52054,-76.30227,CAMBIA CON O SIN INDICACION,CICLISTA,CHOQUE,1,NO APLICA,PALMIRA,NO APLICA,BICICLETA,GIANT,NO APLICA,PARTICULAR,NO APLICA
DAÑOS,2020-02-12, 12:30:00,TARDE,2_MARTES,SANTA ISABEL,CALLE 42  CARRERAS  44-45,URBANA,TECNICO,3.53889,-76.31393,ADELANTAR POR LA DERECHA,NO APLICA,CHOQUE,NO APLICA,NO APLICA,NO APLICA,NO APLICA,CAMIONETA,RENAULT,CALI,PARTICULAR,NO APLICA
DAÑOS,2020-02-12, 12:30:00,TARDE,2_MARTES,SANTA ISABEL,CALLE 42 CARRERAS  44-45,URBANA,TECNICO,3.53889,-76.31393,ADELANTAR POR LA DERECHA,NO APLICA,CHOQUE,NO APLICA,NO APLICA,NO APLICA,NO APLICA,MOTO,HONDA,SABANETA,PARTICULAR,NO APLICA
DAÑOS,2020-02-12, 23:35:00,NOCHE,3_MIERCOLES,CENTRO,CALLE 28 CARRERA 32,URBANA,TECNICO,3.52582,-76.30267,SEMAFORO EN ROJO,NO APLICA,CHOQUE,NO APLICA,NO APLICA,NO APLICA,NO APLICA,CAMPERO,KIA,CALI,PARTICULAR,NO APLICA
DAÑOS,2020-02-12, 23:35:00,NOCHE,3_MIERCOLES,CENTRO,CALLE 28 CARRERA 32,URBANA,TECNICO,3.52582,-76.30267,SEMAFORO EN ROJO,NO APLICA,CHOQUE,NO APLICA,NO APLICA,NO APLICA,NO APLICA,AUTOMOVIL,NISSAN,PALMIRA,PARTICULAR,NO APLICA
DAÑOS,2020-02-13, 12:05:00,TARDE,4_JUEVES,NUEVO,CARRERA 31 CALLE 27,URBANA,TECNICO,3.52484,-76.30209,DESOBEDECER SEÑAL,NO APLICA,CHOQUE,NO APLICA,NO APLICA,NO APLICA,NO APLICA,MOTO,HONDA,FLORIDA,PARTICULAR,NO APLICA
DAÑOS,2020-02-13, 12:05:00,TARDE,4_JUEVES,NUEVO,CARRERA 31 CALLE 27,URBANA,TECNICO,3.52484,-76.30209,DESOBEDECER SEÑAL,NO APLICA,CHOQUE,NO APLICA,NO APLICA,NO APLICA,NO APLICA,AUTOMOVIL,CHEVROLET,CALI,PARTICULAR,NO APLICA
HERIDOS,2020-02-12, 16:40:00,TARDE,3_MIERCOLES,CENTRO,CALLE 28 CARRERA 33,URBANA,TECNICO,3.52592,-76.30347,ARRANCAR SIN PRECAUCION,MOTOCICLISTA,CHOQUE,1,NO APLICA,PALMIRA,NO APLICA,MOTO,TVS,PALMIRA,PARTICULAR,NO APLICA
HERIDOS,2020-02-12, 16:40:00,TARDE,3_MIERCOLES,CENTRO,CALLE 28 CARRERA 33,URBANA,TECNICO,3.52592,-76.30347,ARRANCAR SIN PRECAUCION,NO APLICA,CHOQUE,NO APLICA,NO APLICA,NO APLICA,NO APLICA,CAMIONETA,KIA,BOGOTA,PARTICULAR,NO APLICA
HERIDOS,2020-02-12, 16:40:00,TARDE,3_MIERCOLES,CENTRO,CALLE 28 CARRERA 33,URBANA,TECNICO,3.52592,-76.30347,ARRANCAR SIN PRECAUCION,ACOMPAÑANTE MOTOCICLISTA,CHOQUE,1,NO APLICA,PALMIRA,NO APLICA,NO APLICA,NO APLICA,NO APLICA,NO APLICA,NO APLICA
HERIDOS,2020-02-02, 04:30:00,MADRUGADA,7_DOMINGO,SEMBRADOR,CARRERA 21 CALLE 17-31,URBANA,TECNICO,3.51596,-76.2934,INVADIR CARRIL,MOTOCICLISTA,CHOQUE,1,NO APLICA,PALMIRA,NO APLICA,MOTO,YAMAHA,PRADERA,PARTICULAR,NO APLICA
HERIDOS,2020-02-02, 04:30:00,MADRUGADA,7_DOMINGO,SEMBRADOR,CARRERA 21 CALLE 17-31,URBANA,TECNICO,3.51596,-76.2934,INVADIR CARRIL,MOTOCICLISTA,CHOQUE,1,NO APLICA,PALMIRA,NO APLICA,MOTO,KYMCO,GUACARI,PARTICULAR,NO APLICA
HERIDOS,2020-02-02, 04:30:00,MADRUGADA,7_DOMINGO,SEMBRADOR,CARRERA 21 CALLE 17-31,URBANA,TECNICO,3.51596,-76.2934,INVADIR CARRIL,ACOMPAÑANTE MOTOCICLISTA,CHOQUE,1,NO APLICA,PALMIRA,NO APLICA,NO APLICA,NO APLICA,NO APLICA,NO APLICA,NO APLICA
HERIDOS,2020-02-09, 16:05:00,TARDE,7_DOMINGO,URIBE,CARRERA 23 CALLE 32,URBANA,TECNICO,3.52829,-76.29449,DESOBEDECER SEÑAL,NO APLICA,CHOQUE,NO APLICA,NO APLICA,NO APLICA,NO APLICA,AUTOMOVIL,HYUNDAI,PALMIRA,PUBLICO,UNITAX
HERIDOS,2020-02-09, 16:05:00,TARDE,7_DOMINGO,URIBE,CARRERA 23 CALLE 32,URBANA,TECNICO,3.52829,-76.29449,DESOBEDECER SEÑAL,MOTOCICLISTA,CHOQUE,1,NO APLICA,RAUL,NO APLICA,MOTO,KYMCO,PUERTO TEJADA,PARTICULAR,NO APLICA
DAÑOS,2020-02-09, 19:50:00,NOCHE,7_DOMINGO,VERSALLE S,CALLE 42 CARRERA 30A-40,URBANA,TECNICO,3.53824,-76.29955,NO MANTENER DISTANCIA DE SEGURIDAD,NO APLICA,CHOQUE,NO APLICA,NO APLICA,NO APLICA,NO APLICA,BUS,INTERNATIONAL,CALI,PUBLICO,TRANS SOTRANCE
DAÑOS,2020-02-09, 19:50:00,NOCHE,7_DOMINGO,VERSALLE S,CALLE 42 CARRERA 30A-40,URBANA,TECNICO,3.53824,-76.29955,NO MANTENER DISTANCIA DE SEGURIDAD,NO APLICA,CHOQUE,NO APLICA,NO APLICA,NO APLICA,NO APLICA,AUTOMOVIL,KIA,CALI,PARTICULAR,NO APLICA
DAÑOS,2020-02-08, 16:00:00,TARDE,6_SABADO,SESQUI,CARRERA 33A CALLE 10,URBANA,TECNICO,3.50924,-76.30779,NO ESTAR PENDIENTE DE LA VIA,NO APLICA,CHOQUE,NO APLICA,NO APLICA,NO APLICA,NO APLICA,AUTOMOVIL,CHEVROLET,PALMIRA,PARTICULAR,NO APLICA
DAÑOS,2020-02-08, 16:00:00,TARDE,6_SABADO,SESQUI,CARRERA 33A CALLE 10,URBANA,TECNICO,3.50924,-76.30779,NO ESTAR PENDIENTE DE LA VIA,NO APLICA,CHOQUE,NO APLICA,NO APLICA,NO APLICA,NO APLICA,MOTO,HONDA,FLORIDA,PARTICULAR,NO APLICA
HERIDOS,2020-02-14, 10:20:00,MAÑANA,5_VIERNES,VERSALLE S,CARRERA 27 CALLE 43,URBANA,TECNICO,3.53861,-76.29607,NO RESPETAR PELACION,NO APLICA,CHOQUE,NO APLICA,NO APLICA,NO APLICA,NO APLICA,AUTOMOVIL,NISSAN,PALMIRA,PARTICULAR,NO APLICA
HERIDOS,2020-02-14, 10:20:00,MAÑANA,5_VIERNES,VERSALLE S,CARRERA 27 CALLE 43,URBANA,TECNICO,3.53861,-76.29607,NO RESPETAR PELACION,CICLISTA,CHOQUE,1,NO APLICA,PALMA,NO APLICA,BICICLETA,NO APLICA,NO APLICA,PARTICULAR,NO APLICA
HERIDOS,2020-02-14, 11:15:00,MAÑANA,5_VIERNES,OBRERO,CALLE 35 CARRERA 24-43,URBANA,TECNICO,3.53158,-76.29517,PERDIDA DE CONTROL,NO APLICA,CHOQUE,NO APLICA,NO APLICA,NO APLICA,NO APLICA,CAMIONETA,NISSAN,CALI,PARTICULAR,NO APLICA
HERIDOS,2020-02-14, 11:15:00,MAÑANA,5_VIERNES,OBRERO,CALLE 35 CARRERA 24-43,URBANA,TECNICO,3.53158,-76.29517,PERDIDA DE CONTROL,MOTOCICLISTA,CHOQUE,1,NO APLICA,PALMIRA,NO APLICA,MOTO,HYUNDAI,PALMIRA,PARTICULAR,NO APLICA
HERIDOS,2020-02-14, 11:15:00,MAÑANA,5_VIERNES,OBRERO,CALLE 35 CARRERA 24-43,URBANA,TECNICO,3.53158,-76.29517,PERDIDA DE CONTROL,ACOMPAÑANTE CONDUCTOR,CHOQUE,1,NO APLICA,PALMIRA,NO APLICA,NO APLICA,NO APLICA,NO APLICA,NO APLICA,NO APLICA
HERIDOS,2020-02-14, 12:10:00,TARDE,5_VIERNES,SAN PEDRO,CALLE 37 CARRERA 14-67,URBANA,TECNICO,3.53319,-76.28705,ABRIRI PUERTA,NO APLICA,CHOQUE,NO APLICA,NO APLICA,NO APLICA,NO APLICA,MOTO,BAJAJ,PRADERA,PARTICULAR,NO APLICA
HERIDOS,2020-02-14, 12:10:00,TARDE,5_VIERNES,SAN PEDRO,CALLE 37 CARRERA 14-67,URBANA,TECNICO,3.53319,-76.28705,ABRIRI PUERTA,NO APLICA,CHOQUE,NO APLICA,NO APLICA,NO APLICA,NO APLICA,AUTOMOVIL,MAZDA,CALI,PARTICULAR,NO APLICA
HERIDOS,2020-02-14, 12:10:00,TARDE,5_VIERNES,SAN PEDRO,CALLE 37 CARRERA 14-67,URBANA,TECNICO,3.53319,-76.28705,ABRIRI PUERTA,ACOMPAÑANTE MOTOCICLISTA,CHOQUE,1,NO APLICA,PALMA,NO APLICA,NO APLICA,NO APLICA,NO APLICA,NO APLICA,NO APLICA
HERIDOS,2020-02-10, 16:00:00,TARDE,1_LUNES,INDUSTRIAL,CALLE 42 CALLE 34B,URBANA,TECNICO,3.5388,-76.3047,ADELANTAR POR LA DERECHA,NO APLICA,CHOQUE,NO APLICA,NO APLICA,NO APLICA,NO APLICA,TRACTO CAMION,KENWORTH,BELLO,PUBLICO,NO APLICA
HERIDOS,2020-02-10, 16:00:00,TARDE,1_LUNES,INDUSTRIAL,CALLE 42 CALLE 34B,URBANA,TECNICO,3.5388,-76.3047,ADELANTAR POR LA DERECHA,NO APLICA,CHOQUE,NO APLICA,NO APLICA,NO APLICA,NO APLICA,MOTO,AKT,PRADERA,PARTICULAR,NO APLICA
HERIDOS,2020-02-10, 16:00:00,TARDE,1_LUNES,INDUSTRIAL,CALLE 42 CALLE 34B,URBANA,TECNICO,3.5388,-76.3047,ADELANTAR POR LA DERECHA,ACOMPAÑANTE MOTOCICLISTA,CHOQUE,1,NO APLICA,PALMA,NO APLICA,NO APLICA,NO APLICA,NO APLICA,NO APLICA,NO APLICA
HERIDOS,2020-02-13, 16:30:00,TARDE,4_JUEVES,ALAMEDA,CARRERA 28 CALLE 71-65,URBANA,TECNICO,3.55789,-76.29115,NO MANTENER DISTANCIA DE SEGURIDAD,NO APLICA,CHOQUE,NO APLICA,NO APLICA,NO APLICA,NO APLICA,CAMPERO,SUZUKI,CALI,PARTICULAR,NO APLICA
HERIDOS,2020-02-13, 16:30:00,TARDE,4_JUEVES,ALAMEDA,CARRERA 28 CALLE 71-65,URBANA,TECNICO,3.55789,-76.29115,NO MANTENER DISTANCIA DE SEGURIDAD,CONDUCTOR,CHOQUE,1,NO APLICA,PALMIRA,NO APLICA,AUTOMOVIL,RENAULT,CALI,PARTICULAR,NO APLICA
HERIDOS,2020-02-13, 16:30:00,TARDE,4_JUEVES,ALAMEDA,CARRERA 28 CALLE 71-65,URBANA,TECNICO,3.55789,-76.29115,NO MANTENER DISTANCIA DE SEGURIDAD,NO APLICA,CHOQUE,NO APLICA,NO APLICA,NO APLICA,NO APLICA,CAMPERO,CHEVROLET,CALI,PARTICULAR,NO APLICA
HERIDOS,2020-02-12, 17:50:00,TARDE,3_MIERCOLES,FRAY LUIS,CALLE 42 CARRERA 46,URBANA,TECNICO,3.53876,-76.31543,CRUZAR SIN OBSERVAR,NO APLICA,CHOQUE,NO APLICA,NO APLICA,NO APLICA,NO APLICA,AUTOMOVIL,CHEVROLET,CALI,PARTICULAR,NO APLICA
HERIDOS,2020-02-12, 17:50:00,TARDE,3_MIERCOLES,FRAY LUIS,CALLE 42 CARRERA 46,URBANA,TECNICO,3.53876,-76.31543,CRUZAR SIN OBSERVAR,CICLISTA,CHOQUE,1,NO APLICA,PALMA,NO APLICA,BICICLETA,NO APLICA,NO APLICA,PARTICULAR,NO APLICA
DAÑOS,2020-02-14, 14:10:00,TARDE,5_VIERNES,CENTRO,CARRERA 28 CALLE 32-26,URBANA,TECNICO,3.52903,-76.29851,ARRANCAR SIN PRECAUCION,NO APLICA,CHOQUE,NO APLICA,NO APLICA,NO APLICA,NO APLICA,AUTOMOVIL,KIA,CALI,PARTICULAR,NO APLICA
DAÑOS,2020-02-14, 14:10:00,TARDE,5_VIERNES,CENTRO,CARRERA 28 CALLE 32-26,URBANA,TECNICO,3.52903,-76.29851,ARRANCAR SIN PRECAUCION,NO APLICA,CHOQUE,NO APLICA,NO APLICA,NO APLICA,NO APLICA,BUSETA,IVECO,PALMIRA,PARTICULAR,NO APLICA
HERIDOS,2020-02-16, 02:50:00,MADRUGADA,7_DOMINGO,CRISTALES,CALLE 44 CARRERA 2-3,URBANA,TECNICO,3.54058,-76.27958,POR ESTABLECER,MOTOCICLISTA,VOLCAMIENTO,1,NO APLICA,PALMA,NO APLICA,MOTO,BAJAJ,PALMIRA,PARTICULAR,NO APLICA
MUERTO,2020-02-16, 03:20:00,MADRUGADA,7_DOMINGO,CENTRO POBLADO TABLONES,CALLE 13 B CALLEJON LAS CHUCHAS,RURAL,TECNICO,3.60151,-76.20057,POR ESTABLECER,MOTOCICLISTA,VOLCAMIENTO,NO APLICA,1,NO APLICA,NO APLICA,MOTO,YAMAHA,CIRCASIA,PARTICULAR,NO APLICA
HERIDOS,2020-02-16, 03:20:00,MADRUGADA,7_DOMINGO,CENTRO POBLADO TABLONES,CALLE 13 B CALLEJON LAS CHUCHAS,RURAL,TECNICO,3.60151,-76.20057,POR ESTABLECER,ACOMPAÑANTE MOTOCICLISTA,VOLCAMIENTO,1,NO APLICA,RAUL,NO APLICA,NO APLICA,NO APLICA,NO APLICA,NO APLICA,NO APLICA
HERIDOS,2020-02-16, 23:26:00,NOCHE,7_DOMINGO,TRINIDAD,CALLE 29 CARRERA 24,URBANA,TECNICO,3.52562,-76.29569,NO RESPETAR PELACION,NO APLICA,CHOQUE,NO APLICA,NO APLICA,NO APLICA,NO APLICA,AUTOMOVIL,CHEVROLET,PALMIRA,PUBLICO,VILLA DE LAS PALMAS