GRAVEDAD,FECHA,HORA,JORNADA,DIA_SEMANA,BARRIOS_CORREGIMIENTO_VIA,DIRECCION,ZONA,AUTORIDAD,LAT,LONG,HIPOTESIS,CONDICION_DE_LA_VICTIMA,CLASE_DE_SINIESTRO,LESIONADO,HOMICIDIOS,CLINICA,SITIO,CLASE_DE_VEHICULO,MARCA,MATRICULA,TIPO_DE_SERVICIO,EMPRESA
HERIDOS,2020-02-16, 23:26:00,NOCHE,7_DOMINGO,TRINIDAD,CALLE 29 CARRERA 24,URBANA,TECNICO,3.52562,-76.29569,NO RESPETAR PELACION,MOTOCICLISTA,CHOQUE,1,NO APLICA,PALMIRA,NO APLICA,MOTO,YAMAHA,FLORIDA,PARTICULAR,NO APLICA
HERIDOS,2020-02-13, 14:10:00,TARDE,4_JUEVES,SANTA ISABEL,CARRERA 28 CALLE 43,URBANA,TECNICO,3.53876,-76.2971,ADELANTAR ENTRE VEHICULOS,NO APLICA,CHOQUE,NO APLICA,NO APLICA,NO APLICA,NO APLICA,AUTOMOVIL,HYUNDAI,PALMIRA,PARTICULAR,NO APLICA
HERIDOS,2020-02-13, 14:10:00,TARDE,4_JUEVES,SANTA ISABEL,CARRERA 28 CALLE 43,URBANA,TECNICO,3.53876,-76.2971,ADELANTAR ENTRE VEHICULOS,MOTOCICLISTA,CHOQUE,1,NO APLICA,PALMA,NO APLICA,MOTO,BAJAJ,FLORIDA,PARTICULAR,NO APLICA
HERIDOS,2020-02-13, 14:10:00,TARDE,4_JUEVES,SANTA ISABEL,CARRERA 28 CALLE 43,URBANA,TECNICO,3.53876,-76.2971,ADELANTAR ENTRE VEHICULOS,NO APLICA,CHOQUE,NO APLICA,NO APLICA,NO APLICA,NO APLICA,AUTOMOVIL,KIA,PALMIRA,PUBLICO,FLOTA PALMIRA
DAÑOS,2020-02-13, 18:00:00,NOCHE,4_JUEVES,NUEVO,CARRERA 33A CALLE 22-23,URBANA,TECNICO,3.52128,-76.30501,NO MANTENER DISTANCIA DE SEGURIDAD,NO APLICA,CHOQUE,NO APLICA,NO APLICA,NO APLICA,NO APLICA,AUTOMOVIL,CHEVROLET,PALMIRA,PARTICULAR,NO APLICA
DAÑOS,2020-02-13, 18:00:00,NOCHE,4_JUEVES,NUEVO,CARRERA 33A CALLE 22-23,URBANA,TECNICO,3.52128,-76.30501,NO MANTENER DISTANCIA DE SEGURIDAD,NO APLICA,CHOQUE,NO APLICA,NO APLICA,NO APLICA,NO APLICA,MOTO,AKT,CALI,PARTICULAR,NO APLICA
HERIDOS,2020-02-16, 08:45:00,MAÑANA,7_DOMINGO,NUEVO,CARRERA 30 CALLE 24,URBANA,TECNICO,3.52657,-76.29557,DESOBEDECER SEÑAL,NO APLICA,CHOQUE,NO APLICA,NO APLICA,NO APLICA,NO APLICA,AUTOMOVIL,HYUNDAI,PALMIRA,PUBLICO,FLOTA PALMIRA
HERIDOS,2020-02-16, 08:45:00,MAÑANA,7_DOMINGO,NUEVO,CARRERA 30 CALLE 24,URBANA,TECNICO,3.52657,-76.29557,DESOBEDECER SEÑAL,MOTOCICLISTA,CHOQUE,1,NO APLICA,RAUL,NO APLICA,MOTO,UNITED,PALERMO,PARTICULAR,NO APLICA
HERIDOS,2020-02-15, 15:00:00,TARDE,6_SABADO,CENTRO,CALLE 32 CARRER26,URBANA,TECNICO,3.52844,-76.2969,ARRANCAR SIN PRECAUCION,MOTOCICLISTA,CHOQUE,1,NO APLICA,FRACTURAS,NO APLICA,MOTO,SUZUKI,PALMIRA,PARTICULAR,NO APLICA
HERIDOS,2020-02-15, 15:00:00,TARDE,6_SABADO,CENTRO,CALLE 32 CARRER26,URBANA,TECNICO,3.52844,-76.2969,ARRANCAR SIN PRECAUCION,NO APLICA,CHOQUE,NO APLICA,NO APLICA,NO APLICA,NO APLICA,AUTOMOVIL,RENAULT,PALMIRA,PARTICULAR,NO APLICA
HERIDOS,2020-02-16, 19:00:00,NOCHE,7_DOMINGO,SAN PEDRO,CALLE 35B CARRRA 9,URBANA,TECNICO,3.53203,-76.28208,DESOBEDECER SEÑAL,MOTOCICLISTA,CHOQUE,1,NO APLICA,PALMIRA,NO APLICA,MOTO,BAJAJ,PALMIRA,PARTICULAR,NO APLICA
HERIDOS,2020-02-16, 19:00:00,NOCHE,7_DOMINGO,SAN PEDRO,CALLE 35B CARRRA 9,URBANA,TECNICO,3.53203,-76.28208,DESOBEDECER SEÑAL,MOTOCICLISTA,CHOQUE,1,NO APLICA,PALMIRA,NO APLICA,MOTO,SUZUKI,MONTERIA,PARTICULAR,NO APLICA
DAÑOS,2020-02-18, 20:15:00,NOCHE,2_MARTES,SANTA TERESITA,CALLE 44 CARRERA 39-40,URBANA,TECNICO,3.54096,-76.3108,DAR MARCHA ATRÁS,NO APLICA,CHOQUE,NO APLICA,NO APLICA,NO APLICA,NO APLICA,TRACTO CAMION,KENWORTH,COTA,PUBLICO,NO APLICA
DAÑOS,2020-02-18, 20:15:00,NOCHE,2_MARTES,SANTA TERESITA,CALLE 44 CARRERA 39-40,URBANA,TECNICO,3.54096,-76.3108,DAR MARCHA ATRÁS,NO APLICA,CHOQUE,NO APLICA,NO APLICA,NO APLICA,NO APLICA,AUTOMOVIL,RENAULT,CALI,PARTICULAR,NO APLICA
HERIDOS,2020-02-16, 10:15:00,MAÑANA,7_DOMINGO,CENTRO POBLADO LA TORRE,CALLE 10 N 16-466,RURAL,TECNICO,3.61779,-76.41699,ADELANTAR POR LA ZONA PROHIBIDA,MOTOCICLISTA,CHOQUE,1,NO APLICA,PALMA,NO APLICA,MOTO,BAJAJ,YUMBO,PARTICULAR,NO APLICA
HERIDOS,2020-02-16, 10:15:00,MAÑANA,7_DOMINGO,CENTRO POBLADO LA TORRE,CALLE 10 N 16-466,RURAL,TECNICO,3.61779,-76.41699,ADELANTAR POR LA ZONA PROHIBIDA,MOTOCICLISTA,CHOQUE,1,NO APLICA,RAUL,NO APLICA,MOTO,YAMAHA,PRADERA,PARTICULAR,NO APLICA
HERIDOS,2020-02-17, 09:20:00,MAÑANA,1_LUNES,RECREO,CARRERA 24 CALLE 21,URBANA,TECNICO,3.51899,-76.29585,ARRANCAR SIN PRECAUCION,NO APLICA,CHOQUE,NO APLICA,NO APLICA,NO APLICA,NO APLICA,CAMIONETA,MAZDA,ANDALUCIA,PARTICULAR,NO APLICA
HERIDOS,2020-02-17, 09:20:00,MAÑANA,1_LUNES,RECREO,CARRERA 24 CALLE 21,URBANA,TECNICO,3.51899,-76.29585,ARRANCAR SIN PRECAUCION,CICLISTA,CHOQUE,1,NO APLICA,PALMIRA,NO APLICA,BICICLETA,NO APLICA,NO APLICA,PARTICULAR,NO APLICA
HERIDOS,2020-02-17, 09:20:00,MAÑANA,1_LUNES,RECREO,CARRERA 24 CALLE 21,URBANA,TECNICO,3.51899,-76.29585,ARRANCAR SIN PRECAUCION,ACOMPAÑANTE CICLISTA,CHOQUE,1,NO APLICA,PALMIRA,NO APLICA,NO APLICA,NO APLICA,NO APLICA,NO APLICA,NO APLICA
DAÑOS,2020-02-17, 10:45:00,MAÑANA,1_LUNES,OBRERO,CALLE 33 CARRERA 24,URBANA,TECNICO,3.52988,-76.29517,DESOBEDECER SEÑAL,NO APLICA,CHOQUE,NO APLICA,NO APLICA,NO APLICA,NO APLICA,AUTOMOVIL,CHEVROLET,GUACARI,PARTICULAR,NO APLICA
DAÑOS,2020-02-17, 10:45:00,MAÑANA,1_LUNES,OBRERO,CALLE 33 CARRERA 24,URBANA,TECNICO,3.52988,-76.29517,DESOBEDECER SEÑAL,NO APLICA,CHOQUE,NO APLICA,NO APLICA,NO APLICA,NO APLICA,MOTO,SUZUKI,CARTAGO,PARTICULAR,NO APLICA
DAÑOS,2020-02-19, 06:00:00,MAÑANA,3_MIERCOLES,URIBE,CALLE 33 CARRERA 20,URBANA,TECNICO,3.52934,-76.29176,DESOBEDECER SEÑAL,NO APLICA,CHOQUE,NO APLICA,NO APLICA,NO APLICA,NO APLICA,AUTOMOVIL,CHEVROLET,MANIZALES,PARTICULAR,NO APLICA
DAÑOS,2020-02-19, 06:00:00,MAÑANA,3_MIERCOLES,URIBE,CALLE 33 CARRERA 20,URBANA,TECNICO,3.52934,-76.29176,DESOBEDECER SEÑAL,NO APLICA,CHOQUE,NO APLICA,NO APLICA,NO APLICA,NO APLICA,AUTOMOVIL,HYUNDAI,PALMIRA,PUBLICO,FLOTA PALMIRA
HERIDOS,2020-02-18, 14:15:00,TARDE,2_MARTES,FRAY LUIS,CARRERA 39 CALLE 42-226,URBANA,TECNICO,3.53936,-76.30983,GIRAR BRUSCAMENTE,MOTOCICLISTA,CHOQUE,1,NO APLICA,PALMA,NO APLICA,MOTO,SUZUKI,PALMIRA,PARTICULAR,NO APLICA
HERIDOS,2020-02-18, 14:15:00,TARDE,2_MARTES,FRAY LUIS,CARRERA 39 CALLE 42-226,URBANA,TECNICO,3.53936,-76.30983,GIRAR BRUSCAMENTE,NO APLICA,CHOQUE,NO APLICA,NO APLICA,NO APLICA,NO APLICA,AUTOMOVIL,HYUNDAI,PALMIRA,PARTICULAR,NO APLICA
HERIDOS,2020-02-18, 14:15:00,TARDE,2_MARTES,FRAY LUIS,CARRERA 39 CALLE 42-226,URBANA,TECNICO,3.53936,-76.30983,GIRAR BRUSCAMENTE,ACOMPAÑANTE MOTOCICLISTA,CHOQUE,1,NO APLICA,PALMA,NO APLICA,NO APLICA,NO APLICA,NO APLICA,NO APLICA,NO APLICA
HERIDOS,2020-02-18, 17:40:00,TARDE,2_MARTES,RIVERA ESCOBAR,CARRERA 35 CALLE 31-74,URBANA,TECNICO,3.52935,-76.30562,ADELANTAR EN ZONA PROHIBIDAD,NO APLICA,CHOQUE,NO APLICA,NO APLICA,NO APLICA,NO APLICA,AUTOMOVIL,RENAULT,PALMIRA,PARTICULAR,NO APLICA
HERIDOS,2020-02-18, 17:40:00,TARDE,2_MARTES,RIVERA ESCOBAR,CARRERA 35 CALLE 31-74,URBANA,TECNICO,3.52935,-76.30562,ADELANTAR EN ZONA PROHIBIDAD,NO APLICA,CHOQUE,NO APLICA,NO APLICA,NO APLICA,NO APLICA,MOTO,AUTECO,GUACARI,PARTICULAR,NO APLICA
HERIDOS,2020-02-18, 17:40:00,TARDE,2_MARTES,RIVERA ESCOBAR,CARRERA 35 CALLE 31-74,URBANA,TECNICO,3.52935,-76.30562,ADELANTAR EN ZONA PROHIBIDAD,ACOMPAÑANTE MOTOCICLISTA,CHOQUE,1,NO APLICA,PALMIRA,NO APLICA,NO APLICA,NO APLICA,NO APLICA,NO APLICA,NO APLICA
HERIDOS,2020-02-18, 18:40:00,NOCHE,2_MARTES,SANTA RITA,CARRERA 27 CALLE 38,URBANA,TECNICO,3.53468,-76.29674,DESOBEDECER SEÑAL,MOTOCICLISTA,CHOQUE,1,NO APLICA,PALMIRA,NO APLICA,MOTO,YAMAHA,EL CERRITO,PARTICULAR,NO APLICA
HERIDOS,2020-02-18, 18:40:00,NOCHE,2_MARTES,SANTA RITA,CARRERA 27 CALLE 38,URBANA,TECNICO,3.53468,-76.29674,DESOBEDECER SEÑAL,MOTOCICLISTA,CHOQUE,1,NO APLICA,PALMIRA,NO APLICA,MOTO,HONDA,GUACARI,PARTICULAR,NO APLICA
HERIDOS,2020-02-18, 18:40:00,NOCHE,2_MARTES,SANTA RITA,CARRERA 27 CALLE 38,URBANA,TECNICO,3.53468,-76.29674,DESOBEDECER SEÑAL,ACOMPAÑANTE MOTOCICLISTA,CHOQUE,1,NO APLICA,PALMIRA,NO APLICA,NO APLICA,NO APLICA,NO APLICA,NO APLICA,NO APLICA
HERIDOS,2020-02-17, 10:00:00,MAÑANA,1_LUNES,NUEVO,CARRERA 31 CALLE 27,URBANA,TECNICO,3.52485,-76.30209,DESOBEDECER SEÑAL,CONDUCTOR,CHOQUE,1,NO APLICA,PALMIRA,NO APLICA,AUTOMOVIL,HYUNDAI,PALMIRA,PUBLICO,FLOTA PALMIRA
HERIDOS,2020-02-17, 10:00:00,MAÑANA,1_LUNES,NUEVO,CARRERA 31 CALLE 27,URBANA,TECNICO,3.52485,-76.30209,DESOBEDECER SEÑAL,MOTOCICLISTA,CHOQUE,1,NO APLICA,PALMIRA,NO APLICA,MOTO,YAMAHA,PRADERA,PARTICULAR,NO APLICA
DAÑOS,2020-02-17, 09:30:00,MAÑANA,1_LUNES,CENTRO,CARRERA 29 CALLE 31-86,URBANA,TECNICO,3.52845,-76.29957,ADELANTAR EN ZIGZAG,NO APLICA,CHOQUE,NO APLICA,NO APLICA,NO APLICA,NO APLICA,AUTOMOVIL,FIAT,CALI,PARTICULAR,NO APLICA
DAÑOS,2020-02-17, 09:30:00,MAÑANA,1_LUNES,CENTRO,CARRERA 29 CALLE 31-86,URBANA,TECNICO,3.52845,-76.29957,ADELANTAR EN ZIGZAG,NO APLICA,CHOQUE,NO APLICA,NO APLICA,NO APLICA,NO APLICA,MOTO,SUZUKI,DOSQUEBRADAS,PARTICULAR,NO APLICA
HERIDOS,2020-02-18, 06:00:00,MAÑANA,2_MARTES,URIBE,CALLE 33 CARRERA 23,URBANA,TECNICO,3.5297,-76.29426,DESOBEDECER SEÑAL,NO APLICA,CHOQUE,NO APLICA,NO APLICA,NO APLICA,NO APLICA,AUTOMOVIL,HYUNDAI,CALI,PARTICULAR,NO APLICA
HERIDOS,2020-02-18, 06:00:00,MAÑANA,2_MARTES,URIBE,CALLE 33 CARRERA 23,URBANA,TECNICO,3.5297,-76.29426,DESOBEDECER SEÑAL,CICLISTA,CHOQUE,1,NO APLICA,PALMA,NO APLICA,BICICLETA,NO APLICA,NO APLICA,PARTICULAR,NO APLICA
HERIDOS,2020-02-19, 05:30:00,MADRUGADA,3_MIERCOLES,SAN PEDRO,CALLE 35 CARRERA 17 -57,URBANA,TECNICO,3.53111,-76.28919,CABLE EN SUELO,MOTOCICLISTA,OTRO,1,NO APLICA,RAUL,NO APLICA,MOTO,SUZUKI,PALMIRA,PARTICULAR,NO APLICA
HERIDOS,2020-02-17, 14:00:00,TARDE,1_LUNES,FATIMA,CARRERA 11 CALLE 27A,URBANA,TECNICO,3.52314,-76.28553,POR ESTABLECER,NO APLICA,CHOQUE,NO APLICA,NO APLICA,NO APLICA,NO APLICA,MOTO,BAJAJ,PRADERA,PARTICULAR,NO APLICA
HERIDOS,2020-02-17, 14:00:00,TARDE,1_LUNES,FATIMA,CARRERA 11 CALLE 27A,URBANA,TECNICO,3.52314,-76.28553,POR ESTABLECER,MOTOCICLISTA,CHOQUE,1,NO APLICA,PALMA,NO APLICA,MOTO,HONDA,PALMIRA,PARTICULAR,NO APLICA
HERIDOS,2020-02-17, 14:45:00,TARDE,1_LUNES,NUEVO,CARRERA 30 CALLE 26,URBANA,TECNICO,3.52382,-76.30133,DESOBEDECER SEÑAL,MOTOCICLISTA,CHOQUE,1,NO APLICA,PALMIRA,NO APLICA,MOTO,YAMAHA,PRADERA,PARTICULAR,NO APLICA
HERIDOS,2020-02-17, 14:45:00,TARDE,1_LUNES,NUEVO,CARRERA 30 CALLE 26,URBANA,TECNICO,3.52382,-76.30133,DESOBEDECER SEÑAL,NO APLICA,CHOQUE,NO APLICA,NO APLICA,NO APLICA,NO APLICA,MOTO,YAMAHA,GUACARI,PARTICULAR,NO APLICA
HERIDOS,2020-02-19, 08:20:00,MAÑANA,3_MIERCOLES,VIA PALMIRA AGUACLARA LA BUITRERA,KM 4,RURAL,TECNICO,3.50632,-76.22691,NO MANTENER DISTANCIA DE SEGURIDAD,NO APLICA,CHOQUE,NO APLICA,NO APLICA,NO APLICA,NO APLICA,CAMIONETA,NISSAN,BOGOTA,PARTICULAR,NO APLICA
HERIDOS,2020-02-19, 08:20:00,MAÑANA,3_MIERCOLES,VIA PALMIRA AGUACLARA LA BUITRERA,KM 4,RURAL,TECNICO,3.50632,-76.22691,NO MANTENER DISTANCIA DE SEGURIDAD,MOTOCICLISTA,CHOQUE,1,NO APLICA,RAUL,NO APLICA,MOTO,YAMAHA,CHOCO,PARTICULAR,NO APLICA
DAÑOS,2020-02-19, 12:10:00,TARDE,3_MIERCOLES,LOPEZ,CARRERA 289 CALLE 38-07,URBANA,TECNICO,3.53542,-76.29848,REVERSO IMPRUDENTE,NO APLICA,CHOQUE,NO APLICA,NO APLICA,NO APLICA,NO APLICA,CAMIONETA,SUZUKI,PALMIRA,PARTICULAR,NO APLICA
DAÑOS,2020-02-19, 12:10:00,TARDE,3_MIERCOLES,LOPEZ,CARRERA 289 CALLE 38-07,URBANA,TECNICO,3.53542,-76.29848,REVERSO IMPRUDENTE,NO APLICA,CHOQUE,NO APLICA,NO APLICA,NO APLICA,NO APLICA,AUTOMOVIL,CHEVROLET,CALI,PARTICULAR,NO APLICA
HERIDOS,2020-02-18, 07:20:00,MAÑANA,2_MARTES,LAS FLORES,CARRERA 1 CALLE 30,URBANA,TECNICO,3.52117,-76.27805,GIRAR BRUSCAMENTE,MOTOCICLISTA,CHOQUE,1,NO APLICA,PALMIRA,NO APLICA,MOTO,BAJAJ,PUERTO TEJADA,PARTICULAR,NO APLICA
HERIDOS,2020-02-18, 07:20:00,MAÑANA,2_MARTES,LAS FLORES,CARRERA 1 CALLE 30,URBANA,TECNICO,3.52117,-76.27805,GIRAR BRUSCAMENTE,MOTOCICLISTA,CHOQUE,1,NO APLICA,PALMIRA,NO APLICA,MOTO,HERO,FLORIDA,PARTICULAR,NO APLICA
HERIDOS,2020-02-20, 13:10:00,TARDE,4_JUEVES,OLIMPICO,CALLE 26 CARRERA 39,URBANA,TECNICO,3.52514,-76.31007,NO ESTAR PENDIENTE DE LA VIA,MOTOCICLISTA,CHOQUE,1,NO APLICA,PALMIRA,NO APLICA,MOTO,HERO,FLORIDA,PARTICULAR,NO APLICA
HERIDOS,2020-02-20, 13:10:00,TARDE,4_JUEVES,OLIMPICO,CALLE 26 CARRERA 39,URBANA,TECNICO,3.52514,-76.31007,NO ESTAR PENDIENTE DE LA VIA,MOTOCICLISTA,CHOQUE,1,NO APLICA,PALMIRA,NO APLICA,MOTO,AKT,PRADERA,PARTICULAR,NO APLICA
HERIDOS,2020-02-20, 13:10:00,TARDE,4_JUEVES,OLIMPICO,CALLE 26 CARRERA 39,URBANA,TECNICO,3.52514,-76.31007,NO ESTAR PENDIENTE DE LA VIA,ACOMPAÑANTE MOTOCICLISTA,CHOQUE,1,NO APLICA,PALMIRA,NO APLICA,NO APLICA,NO APLICA,NO APLICA,NO APLICA,NO APLICA
HERIDOS,2020-02-20, 15:30:00,TARDE,4_JUEVES,CORONADO,TRANSVERSAL 30 CALLE 51,URBANA,TECNICO,3.54449,-76.31108,GIRAR BRUSCAMENTE,NO APLICA,CHOQUE,NO APLICA,NO APLICA,NO APLICA,NO APLICA,AUTOMOVIL,CHEVROLET,PALMIRA,PARTICULAR,NO APLICA
HERIDOS,2020-02-20, 15:30:00,TARDE,4_JUEVES,CORONADO,TRANSVERSAL 30 CALLE 51,URBANA,TECNICO,3.54449,-76.31108,GIRAR BRUSCAMENTE,CICLISTA,CHOQUE,1,NO APLICA,PALMIRA,NO APLICA,BICICLETA,NO APLICA,NO APLICA,PARTICULAR,NO APLICA
HERIDOS,2020-02-20, 15:30:00,TARDE,4_JUEVES,CORONADO,TRANSVERSAL 30 CALLE 51,URBANA,TECNICO,3.54449,-76.31108,GIRAR BRUSCAMENTE,ACOMPAÑANTE CICLISTA,CHOQUE,1,NO APLICA,PALMIRA,NO APLICA,NO APLICA,NO APLICA,NO APLICA,NO APLICA,NO APLICA
HERIDOS,2020-02-20, 18:30:00,NOCHE,4_JUEVES,INDUSTRIAL,CALLE 42 CARRERA 35,URBANA,TECNICO,3.53874,-76.30605,NO RESPETAR PELACION,MOTOCICLISTA,CHOQUE,1,NO APLICA,PALMA,NO APLICA,MOTO,AKT,PRADERA,PARTICULAR,NO APLICA
HERIDOS,2020-02-20, 18:30:00,NOCHE,4_JUEVES,INDUSTRIAL,CALLE 42 CARRERA 35,URBANA,TECNICO,3.53874,-76.30605,NO RESPETAR PELACION,NO APLICA,CHOQUE,NO APLICA,NO APLICA,NO APLICA,NO APLICA,MOTO,AKT,BUGA,PARTICULAR,NO APLICA
HERIDOS,2020-02-20, 19:50:00,NOCHE,4_JUEVES,EL MUNICIPAL,CALLE 31 CARRERA 1-112,URBANA,TECNICO,3.52511,-76.27835,ADELANTAR INVADIENDO CARRIL,MOTOCICLISTA,CHOQUE,1,NO APLICA,PALMA,NO APLICA,MOTO,BAJAJ,PALMIRA,PARTICULAR,NO APLICA
HERIDOS,2020-02-20, 19:50:00,NOCHE,4_JUEVES,EL MUNICIPAL,CALLE 31 CARRERA 1-112,URBANA,TECNICO,3.52511,-76.27835,ADELANTAR INVADIENDO CARRIL,MOTOCICLISTA,CHOQUE,1,NO APLICA,PALMA,NO APLICA,MOTO,SUZUKI,PEREIRA,PARTICULAR,NO APLICA
DAÑOS,2020-02-20, 18:25:00,NOCHE,4_JUEVES,INDUSTRIAL,CALLE 42 CARRERA 35,URBANA,TECNICO,3.53912,-76.3069,NO MANTENER DISTANCIA DE SEGURIDAD,NO APLICA,CHOQUE,NO APLICA,NO APLICA,NO APLICA,NO APLICA,AUTOMOVIL,KIA,CALI,PARTICULAR,NO APLICA
DAÑOS,2020-02-20, 18:25:00,NOCHE,4_JUEVES,INDUSTRIAL,CALLE 42 CARRERA 35,URBANA,TECNICO,3.53912,-76.3069,NO MANTENER DISTANCIA DE SEGURIDAD,NO APLICA,CHOQUE,NO APLICA,NO APLICA,NO APLICA,NO APLICA,AUTOMOVIL,MAZDA,PRADERA,PARTICULAR,NO APLICA
DAÑOS,2020-02-20, 18:25:00,NOCHE,4_JUEVES,INDUSTRIAL,CALLE 42 CARRERA 35,URBANA,TECNICO,3.53912,-76.3069,NO MANTENER DISTANCIA DE SEGURIDAD,NO APLICA,CHOQUE,NO APLICA,NO APLICA,NO APLICA,NO APLICA,AUTOMOVIL,MITSUBISHI,PALMIRA,PARTICULAR,NO APLICA
HERIDOS,2020-02-21, 16:40:00,TARDE,5_VIERNES,INDUSTRIAL,CALLE 42 CARRERA 35-00,URBANA,TECNICO,3.53907,-76.30816,ADELANTAMIENTO INDEBIDO,NO APLICA,CHOQUE,NO APLICA,NO APLICA,NO APLICA,NO APLICA,AUTOMOVIL,HYUNDAI,CALI,PARTICULAR,NO APLICA
HERIDOS,2020-02-21, 16:40:00,TARDE,5_VIERNES,INDUSTRIAL,CALLE 42 CARRERA 35-00,URBANA,TECNICO,3.53907,-76.30816,ADELANTAMIENTO INDEBIDO,MOTOCICLISTA,CHOQUE,1,NO APLICA,PALMIRA,NO APLICA,MOTO,AKT,PRADERA,PARTICULAR,NO APLICA
HERIDOS,2020-02-21, 16:40:00,TARDE,5_VIERNES,INDUSTRIAL,CALLE 42 CARRERA 35-00,URBANA,TECNICO,3.53907,-76.30816,ADELANTAMIENTO INDEBIDO,ACOMPAÑANTE MOTOCICLISTA,CHOQUE,1,NO APLICA,PALMIRA,NO APLICA,NO APLICA,NO APLICA,NO APLICA,NO APLICA,NO APLICA
DAÑOS,2020-02-21, 16:15:00,TARDE,5_VIERNES,ZAMORANO,CARRERA 28 CALLE 69-67,URBANA,TECNICO,3.55542,-76.29201,ARRANCAR SIN PRECAUCION,NO APLICA,CHOQUE,NO APLICA,NO APLICA,NO APLICA,NO APLICA,CAMIONETA,KIA,CALI,PARTICULAR,NO APLICA
DAÑOS,2020-02-21, 16:15:00,TARDE,5_VIERNES,ZAMORANO,CARRERA 28 CALLE 69-67,URBANA,TECNICO,3.55542,-76.29201,ARRANCAR SIN PRECAUCION,NO APLICA,CHOQUE,NO APLICA,NO APLICA,NO APLICA,NO APLICA,BUSETA,CHEVROLET,EL CERRITO,PUBLICO,COOP TRANS PALMIRA
HERIDOS,2020-02-22, 07:45:00,MAÑANA,6_SABADO,SESQUI,CARRERA 32 CALLE 10,URBANA,TECNICO,3.50939,-76.30795,POR ESTABLECER,MOTOCICLISTA,CHOQUE,1,NO APLICA,PALMIRA,NO APLICA,MOTO,HONDA,PRADERA,PARTICULAR,NO APLICA
HERIDOS,2020-02-22, 07:45:00,MAÑANA,6_SABADO,SESQUI,CARRERA 32 CALLE 10,URBANA,TECNICO,3.50939,-76.30795,POR ESTABLECER,CICLISTA,CHOQUE,1,NO APLICA,PALMIRA,NO APLICA,BICICLETA,NO APLICA,NO APLICA,PARTICULAR,NO APLICA
HERIDOS,2020-02-22, 09:40:00,MAÑANA,6_SABADO,SANTA TERESITA,CALLE 47 CARRERA 35-02,URBANA,TECNICO,3.54259,-76.3077,IMPERICIA EN EL MANEJO,NO APLICA,CHOQUE,NO APLICA,NO APLICA,NO APLICA,NO APLICA,CAMIONETA,MAZDA,CALI,PARTICULAR,NO APLICA
HERIDOS,2020-02-22, 09:40:00,MAÑANA,6_SABADO,SANTA TERESITA,CALLE 47 CARRERA 35-02,URBANA,TECNICO,3.54259,-76.3077,IMPERICIA EN EL MANEJO,NO APLICA,CHOQUE,NO APLICA,NO APLICA,NO APLICA,NO APLICA,MOTO,SUZUKI,PALMIRA,PARTICULAR,NO APLICA
HERIDOS,2020-02-22, 09:40:00,MAÑANA,6_SABADO,SANTA TERESITA,CALLE 47 CARRERA 35-02,URBANA,TECNICO,3.54259,-76.3077,IMPERICIA EN EL MANEJO,MOTOCICLISTA,CHOQUE,1,NO APLICA,PALMA,NO APLICA,MOTO,KAWASAKI,PALMIRA,PARTICULAR,NO APLICA
HERIDOS,2020-02-22, 12:35:00,TARDE,6_SABADO,CAICELANDIA,CARRERA 11 CALLE 28,URBANA,TECNICO,3.52373,-76.28536,ADELANTAMIENTO INDEBIDO,NO APLICA,CHOQUE,NO APLICA,NO APLICA,NO APLICA,NO APLICA,AUTOMOVIL,RENAULT,PALMIRA,PARTICULAR,NO APLICA
HERIDOS,2020-02-22, 12:35:00,TARDE,6_SABADO,CAICELANDIA,CARRERA 11 CALLE 28,URBANA,TECNICO,3.52373,-76.28536,ADELANTAMIENTO INDEBIDO,MOTOCICLISTA,CHOQUE,1,NO APLICA,PALMIRA,NO APLICA,MOTO,HONDA,FLORIDA,PARTICULAR,NO APLICA
MUERTO,2020-02-23, 08:35:00,MAÑANA,7_DOMINGO,VIA CORONADO -ROZO,120MTS HACIENDA OMITA 1,RURAL,TECNICO,3.56432,-76.31021,INVADIR CARRIL,NO APLICA,CHOQUE,NO APLICA,NO APLICA,NO APLICA,NO APLICA,CAMIONETA,CHEVROLET,CALI,PARTICULAR,NO APLICA
HERIDOS,2020-02-23, 08:35:00,MAÑANA,7_DOMINGO,VIA CORONADO -ROZO,120MTS HACIENDA OMITA 1,RURAL,TECNICO,3.56432,-76.31021,INVADIR CARRIL,MOTOCICLISTA,CHOQUE,NO APLICA,1,NO APLICA,NO APLICA,MOTO,HONDA,BUGA,PARTICULAR,NO APLICA
HERIDOS,2020-02-23, 08:35:00,MAÑANA,7_DOMINGO,VIA CORONADO -ROZO,120MTS HACIENDA OMITA 1,RURAL,TECNICO,3.56432,-76.31021,INVADIR CARRIL,ACOMPAÑANTE MOTOCICLISTA,CHOQUE,1,NO APLICA,PALMA,NO APLICA,NO APLICA,NO APLICA,NO APLICA,NO APLICA,NO APLICA