GRAVEDAD,FECHA,HORA,JORNADA,DIA_SEMANA,BARRIOS_CORREGIMIENTO_VIA,DIRECCION,ZONA,AUTORIDAD,LAT,LONG,HIPOTESIS,CONDICION_DE_LA_VICTIMA,CLASE_DE_SINIESTRO,LESIONADO,HOMICIDIOS,CLINICA,SITIO,CLASE_DE_VEHICULO,MARCA,MATRICULA,TIPO_DE_SERVICIO,EMPRESA
HERIDOS,2020-02-23, 12:00:00,TARDE,7_DOMINGO,INDUSTRIAL,CARRERA 35 CALLE 42 -43,URBANA,TECNICO,3.53988,-76.30685,ADELANTAR POR LA DERECHA,NO APLICA,CHOQUE,NO APLICA,NO APLICA,NO APLICA,NO APLICA,AUTOMOVIL,RENAULT,CALI,PARTICULAR,NO APLICA
HERIDOS,2020-02-23, 12:00:00,TARDE,7_DOMINGO,INDUSTRIAL,CARRERA 35 CALLE 42 -43,URBANA,TECNICO,3.53988,-76.30685,ADELANTAR POR LA DERECHA,MOTOCICLISTA,CHOQUE,1,NO APLICA,FRACTURAS,NO APLICA,MOTO,SUZUKI,PEREIRA,PARTICULAR,NO APLICA
HERIDOS,2020-02-23, 12:00:00,TARDE,7_DOMINGO,INDUSTRIAL,CARRERA 35 CALLE 42 -43,URBANA,TECNICO,3.53988,-76.30685,ADELANTAR POR LA DERECHA,ACOMPAÑANTE MOTOCICLISTA,CHOQUE,1,NO APLICA,FRACTURAS,NO APLICA,NO APLICA,NO APLICA,NO APLICA,NO APLICA,NO APLICA
HERIDOS,2020-02-22, 17:20:00,TARDE,6_SABADO,NUEVO,CARRERA 32 CALLE 18,URBANA,TECNICO,3.5173,-76.30439,NO RESPETAR PELACION,NO APLICA,CHOQUE,NO APLICA,NO APLICA,NO APLICA,NO APLICA,MOTO,SUZUKI,PALMIRA,PARTICULAR,NO APLICA
HERIDOS,2020-02-22, 17:20:00,TARDE,6_SABADO,NUEVO,CARRERA 32 CALLE 18,URBANA,TECNICO,3.5173,-76.30439,NO RESPETAR PELACION,MOTOCICLISTA,CHOQUE,1,NO APLICA,FRACTURAS,NO APLICA,MOTO,SUZUKI,DOSQUEBRADAS,PARTICULAR,NO APLICA
HERIDOS,2020-02-24, 17:20:00,TARDE,1_LUNES,TREBOL,CARRERA 23 CALLE 27,URBANA,TECNICO,3.52387,-76.29506,DESOBEDECER SEÑAL,NO APLICA,CHOQUE,NO APLICA,NO APLICA,NO APLICA,NO APLICA,MICROBUS,CHEVROLET,PUERTO TEJADA,PUBLICO,EXP PRADERA
HERIDOS,2020-02-24, 17:20:00,TARDE,1_LUNES,TREBOL,CARRERA 23 CALLE 27,URBANA,TECNICO,3.52387,-76.29506,DESOBEDECER SEÑAL,MOTOCICLISTA,CHOQUE,1,NO APLICA,PALMIRA,NO APLICA,MOTO,AKT,BOGOTA,PARTICULAR,NO APLICA
HERIDOS,2020-02-24, 17:20:00,TARDE,1_LUNES,TREBOL,CARRERA 23 CALLE 27,URBANA,TECNICO,3.52387,-76.29506,DESOBEDECER SEÑAL,ACOMPAÑANTE MOTOCICLISTA,CHOQUE,1,NO APLICA,PALMIRA,NO APLICA,NO APLICA,NO APLICA,NO APLICA,NO APLICA,NO APLICA
DAÑOS,2020-02-24, 10:20:00,MAÑANA,1_LUNES,CENTRO,CALLE 29 CARRERA 23,URBANA,TECNICO,3.52551,-76.29489,VEHICULO ESTACIONADO,NO APLICA,CHOQUE,NO APLICA,NO APLICA,NO APLICA,NO APLICA,BUSETA,NON PLUS,GUACARI,PUBLICO,COOP TRNAS PALMIRA
DAÑOS,2020-02-24, 10:20:00,MAÑANA,1_LUNES,CENTRO,CALLE 29 CARRERA 23,URBANA,TECNICO,3.52551,-76.29489,VEHICULO ESTACIONADO,NO APLICA,CHOQUE,NO APLICA,NO APLICA,NO APLICA,NO APLICA,CAMION,IVECO,PRADERA,PARTICULAR,NO APLICA
HERIDOS,2020-02-23, 04:30:00,MADRUGADA,7_DOMINGO,MIRRIÑAO,CALLE 64 CARRERA 34B,URBANA,TECNICO,3.55928,-76.3011,ADELANTAR INTERSECCION,NO APLICA,CHOQUE,NO APLICA,NO APLICA,NO APLICA,NO APLICA,AUTOMOVIL,CHEVROLET,CALI,PARTICULAR,NO APLICA
HERIDOS,2020-02-23, 04:30:00,MADRUGADA,7_DOMINGO,MIRRIÑAO,CALLE 64 CARRERA 34B,URBANA,TECNICO,3.55928,-76.3011,ADELANTAR INTERSECCION,MOTOCICLISTA,CHOQUE,1,NO APLICA,PALMA,NO APLICA,MOTO,BAJAJ,PALMIRA,PARTICULAR,NO APLICA
DAÑOS,2020-02-23, 23:10:00,NOCHE,7_DOMINGO,CENTRO,CARRERA 27 CALLES 32A-33,URBANA,TECNICO,3.52969,-76.29751,NO MANTENER DISTANCIA DE SEGURIDAD,NO APLICA,CHOQUE,NO APLICA,NO APLICA,NO APLICA,NO APLICA,CAMPERO,RENAULT,PALMIRA,PARTICULAR,NO APLICA
DAÑOS,2020-02-23, 23:10:00,NOCHE,7_DOMINGO,CENTRO,CARRERA 27 CALLES 32A-33,URBANA,TECNICO,3.52969,-76.29751,NO MANTENER DISTANCIA DE SEGURIDAD,NO APLICA,CHOQUE,NO APLICA,NO APLICA,NO APLICA,NO APLICA,AUTOMOVIL,MAZDA,CALI,PARTICULAR,NO APLICA
DAÑOS,2020-02-25, 10:50:00,MAÑANA,2_MARTES,INDUSTRIAL,CALLE 42 CARRRA 34A,URBANA,TECNICO,3.53875,-76.30407,REVERSO IMPRUDENTE,NO APLICA,CHOQUE,NO APLICA,NO APLICA,NO APLICA,NO APLICA,CAMIONETA,RENAULT,PALMIRA,PARTICULAR,NO APLICA
DAÑOS,2020-02-25, 10:50:00,MAÑANA,2_MARTES,INDUSTRIAL,CALLE 42 CARRRA 34A,URBANA,TECNICO,3.53875,-76.30407,REVERSO IMPRUDENTE,NO APLICA,CHOQUE,NO APLICA,NO APLICA,NO APLICA,NO APLICA,CAMIONETA,KIA,GUACARI,PARTICULAR,NO APLICA
DAÑOS,2020-02-24, 18:00:00,NOCHE,1_LUNES,BOSQUE,CALLE 32 CALLE 31,URBANA,TECNICO,3.52549,-76.28076,NO MANTENER DISTANCIA DE SEGURIDAD,NO APLICA,CHOQUE,NO APLICA,NO APLICA,NO APLICA,NO APLICA,CAMIONETA,KIA,PALMIRA,PARTICULAR,NO APLICA
DAÑOS,2020-02-24, 18:00:00,NOCHE,1_LUNES,BOSQUE,CALLE 32 CALLE 31,URBANA,TECNICO,3.52549,-76.28076,NO MANTENER DISTANCIA DE SEGURIDAD,NO APLICA,CHOQUE,NO APLICA,NO APLICA,NO APLICA,NO APLICA,AUTOMOVIL,NISSAN,CALI,PARTICULAR,NO APLICA
HERIDOS,2020-02-24, 18:50:00,NOCHE,1_LUNES,ZAMORANO,CALLE 65CARRERA 28,URBANA,TECNICO,3.55187,-76.29374,SEMAFORO EN ROJO,NO APLICA,CHOQUE,NO APLICA,NO APLICA,NO APLICA,NO APLICA,CAMPERO,HYUNDAI,PAIPA,PARTICULAR,NO APLICA
HERIDOS,2020-02-24, 18:50:00,NOCHE,1_LUNES,ZAMORANO,CALLE 65CARRERA 28,URBANA,TECNICO,3.55187,-76.29374,SEMAFORO EN ROJO,CICLISTA,CHOQUE,1,NO APLICA,PALMA,NO APLICA,BICICLETA,NO APLICA,NO APLICA,PARTICULAR,NO APLICA
HERIDOS,2020-02-25, 17:10:00,TARDE,2_MARTES,CHAPINERO,DIAGONAL 30 CALLE 16,URBANA,TECNICO,3.51508,-76.30257,ADELANTAR EN ZONA PROHIBIDAD,MOTOCICLISTA,CHOQUE,1,NO APLICA,PALMIRA,NO APLICA,MOTO,BAJAJ,PALMIRA,PARTICULAR,NO APLICA
HERIDOS,2020-02-25, 17:10:00,TARDE,2_MARTES,CHAPINERO,DIAGONAL 30 CALLE 16,URBANA,TECNICO,3.51508,-76.30257,ADELANTAR EN ZONA PROHIBIDAD,NO APLICA,CHOQUE,NO APLICA,NO APLICA,NO APLICA,NO APLICA,BUSETA,IVECO,PALMIRA,PUBLICO,PALMIRANA
HERIDOS,2020-02-25, 12:40:00,TARDE,2_MARTES,CUIDAD DEL CAMPO,CALLE 95 CARRERA 34,RURAL,TECNICO,3.46089,-76.46505,POR ESTABLECER,MOTOCICLISTA,CHOQUE,1,NO APLICA,CRISTO REY,NO APLICA,MOTO,AKT,PRADERA,PARTICULAR,NO APLICA
HERIDOS,2020-02-25, 12:40:00,TARDE,2_MARTES,CUIDAD DEL CAMPO,CALLE 95 CARRERA 34,RURAL,TECNICO,3.46089,-76.46505,POR ESTABLECER,NO APLICA,CHOQUE,NO APLICA,NO APLICA,NO APLICA,NO APLICA,AUTOMOVIL,RENAULT,CALI,PARTICULAR,NO APLICA
HERIDOS,2020-02-25, 12:10:00,TARDE,2_MARTES,LAS MERCEDES,CALLE 57 CARRERA 26,URBANA,TECNICO,3.54815,-76.29093,POR ESTABLECER,NO APLICA,CHOQUE,NO APLICA,NO APLICA,NO APLICA,NO APLICA,CAMIONETA,DODGE,CALI,PARTICULAR,NO APLICA
HERIDOS,2020-02-25, 12:10:00,TARDE,2_MARTES,LAS MERCEDES,CALLE 57 CARRERA 26,URBANA,TECNICO,3.54815,-76.29093,POR ESTABLECER,MOTOCICLISTA,CHOQUE,1,NO APLICA,PALMIRA,NO APLICA,MOTO,YAMAHA,ROLDANILLO,PARTICULAR,NO APLICA
HERIDOS,2020-02-25, 12:10:00,TARDE,2_MARTES,LAS MERCEDES,CALLE 57 CARRERA 26,URBANA,TECNICO,3.54815,-76.29093,POR ESTABLECER,ACOMPAÑANTE MOTOCICLISTA,CHOQUE,1,NO APLICA,PALMIRA,NO APLICA,NO APLICA,NO APLICA,NO APLICA,NO APLICA,NO APLICA
DAÑOS,2020-02-25, 08:40:00,MAÑANA,2_MARTES,CENTRO,CALLE 32 CARRERA 27-46,URBANA,TECNICO,3.52867,-76.29799,REVERSO IMPRUDENTE,NO APLICA,CHOQUE,NO APLICA,NO APLICA,NO APLICA,NO APLICA,AUTOMOVIL,HYUNDAI,PALMIRA,PUBLICO,FLOTA PALMIRA
DAÑOS,2020-02-25, 08:40:00,MAÑANA,2_MARTES,CENTRO,CALLE 32 CARRERA 27-46,URBANA,TECNICO,3.52867,-76.29799,REVERSO IMPRUDENTE,NO APLICA,CHOQUE,NO APLICA,NO APLICA,NO APLICA,NO APLICA,AUTOMOVIL,CHEVROLET,CALI,PARTICULAR,NO APLICA
DAÑOS,2020-02-25, 09:30:00,MAÑANA,2_MARTES,CORONADO,CARRERA 35 CALLE 57B-03,URBANA,TECNICO,3.54804,-76.30988,NO MANTENER DISTANCIA DE SEGURIDAD,NO APLICA,CHOQUE,NO APLICA,NO APLICA,NO APLICA,NO APLICA,AUTOMOVIL,CHEVROLET,PALMIRA,PARTICULAR,NO APLICA
DAÑOS,2020-02-25, 09:30:00,MAÑANA,2_MARTES,CORONADO,CARRERA 35 CALLE 57B-03,URBANA,TECNICO,3.54804,-76.30988,NO MANTENER DISTANCIA DE SEGURIDAD,NO APLICA,CHOQUE,NO APLICA,NO APLICA,NO APLICA,NO APLICA,MOTO,HERO,FLORIDA,PARTICULAR,NO APLICA
HERIDOS,2020-02-26, 06:45:00,MAÑANA,3_MIERCOLES,CORONADO,TRASVERSAL 39 CALLE 53,URBANA,TECNICO,3.54557,-76.31149,NO RESPETAR PELACION,MOTOCICLISTA,ATROPELLO,1,NO APLICA,PALMA,NO APLICA,MOTO,HONDA,TULUA,PARTICULAR,NO APLICA
HERIDOS,2020-02-26, 06:45:00,MAÑANA,3_MIERCOLES,CORONADO,TRASVERSAL 39 CALLE 53,URBANA,TECNICO,3.54557,-76.31149,NO RESPETAR PELACION,PEATON,ATROPELLO,1,NO APLICA,PALMA,NO APLICA,NO APLICA,NO APLICA,NO APLICA,NO APLICA,NO APLICA
HERIDOS,2020-02-28, 08:00:00,MAÑANA,5_VIERNES,URIBE,CARRERA 26 CALLE 34,URBANA,TECNICO,3.53085,-76.2965,DESOBEDECER SEÑAL,NO APLICA,CHOQUE,NO APLICA,NO APLICA,NO APLICA,NO APLICA,MOTO,VICTORY,PRADERA,PARTICULAR,NO APLICA
HERIDOS,2020-02-28, 08:00:00,MAÑANA,5_VIERNES,URIBE,CARRERA 26 CALLE 34,URBANA,TECNICO,3.53085,-76.2965,DESOBEDECER SEÑAL,MOTOCICLISTA,CHOQUE,1,NO APLICA,PALMIRA,NO APLICA,MOTO,VICTORY,FLORIDA,PARTICULAR,NO APLICA
HERIDOS,2020-02-28, 08:00:00,MAÑANA,5_VIERNES,URIBE,CARRERA 26 CALLE 34,URBANA,TECNICO,3.53085,-76.2965,DESOBEDECER SEÑAL,ACOMPAÑANTE MOTOCICLISTA,CHOQUE,1,NO APLICA,PALMIRA,NO APLICA,NO APLICA,NO APLICA,NO APLICA,NO APLICA,NO APLICA
HERIDOS,2020-02-27, 05:10:00,MADRUGADA,4_JUEVES,LAS FLORES,CARRERA 1 CALLE 30,URBANA,TECNICO,3.52099,-76.27795,ARRANCAR SIN PRECAUCION,MOTOCICLISTA,CHOQUE,1,NO APLICA,PALMIRA,NO APLICA,MOTO,SUZUKI,PRADERA,PARTICULAR,NO APLICA
HERIDOS,2020-02-27, 05:10:00,MADRUGADA,4_JUEVES,LAS FLORES,CARRERA 1 CALLE 30,URBANA,TECNICO,3.52099,-76.27795,ARRANCAR SIN PRECAUCION,MOTOCICLISTA,CHOQUE,1,NO APLICA,PALMIRA,NO APLICA,MOTO,HERO,FLORIDA,PARTICULAR,NO APLICA
DAÑOS,2020-02-26, 18:00:00,NOCHE,3_MIERCOLES,PRIMERO DE MAYO,CALLE 42 CARRERA 16-60,URBANA,TECNICO,3.53712,-76.28822,NO MANTENER DISTANCIA DE SEGURIDAD,NO APLICA,CHOQUE,NO APLICA,NO APLICA,NO APLICA,NO APLICA,CAMIONETA,TOYOTA,TULUA,PARTICULAR,NO APLICA
DAÑOS,2020-02-26, 18:00:00,NOCHE,3_MIERCOLES,PRIMERO DE MAYO,CALLE 42 CARRERA 16-60,URBANA,TECNICO,3.53712,-76.28822,NO MANTENER DISTANCIA DE SEGURIDAD,NO APLICA,CHOQUE,NO APLICA,NO APLICA,NO APLICA,NO APLICA,AUTOMOVIL,KIA,CALI,PARTICULAR,NO APLICA
HERIDOS,2020-02-27, 14:00:00,TARDE,4_JUEVES,COLOMBIA,CALLE 32A CARRERA 34A,URBANA,TECNICO,3.53088,-76.30408,DESOBEDECER SEÑAL,MOTOCICLISTA,CHOQUE,1,NO APLICA,PALMIRA,NO APLICA,MOTO,SUZUKI,CALI,PARTICULAR,NO APLICA
HERIDOS,2020-02-27, 14:00:00,TARDE,4_JUEVES,COLOMBIA,CALLE 32A CARRERA 34A,URBANA,TECNICO,3.53088,-76.30408,DESOBEDECER SEÑAL,NO APLICA,CHOQUE,NO APLICA,NO APLICA,NO APLICA,NO APLICA,AUTOMOVIL,CHEVROLET,MANIZALES,PARTICULAR,NO APLICA
HERIDOS,2020-02-27, 14:20:00,TARDE,4_JUEVES,SEMBRADOR,CARRERA 18 CALLE 26,URBANA,TECNICO,3.52258,-76.2909,TRANSITAR EN CONTRAVIA,MOTOCICLISTA,CHOQUE,1,NO APLICA,PALMIRA,NO APLICA,MOTO,HONDA,FLORIDA,PARTICULAR,NO APLICA
HERIDOS,2020-02-27, 14:20:00,TARDE,4_JUEVES,SEMBRADOR,CARRERA 18 CALLE 26,URBANA,TECNICO,3.52258,-76.2909,TRANSITAR EN CONTRAVIA,NO APLICA,CHOQUE,NO APLICA,NO APLICA,NO APLICA,NO APLICA,CAMIONETA,CHEVROLET,ARMENIA,PARTICULAR,NO APLICA
DAÑOS,2020-02-27, 21:10:00,NOCHE,4_JUEVES,LINEAL,CALLE 32 CARRERA 33,URBANA,TECNICO,3.5295,-76.30315,DESOBEDECER SEÑAL,NO APLICA,CHOQUE,NO APLICA,NO APLICA,NO APLICA,NO APLICA,MOTO,HERO,FLORIDA,PARTICULAR,NO APLICA
DAÑOS,2020-02-27, 21:10:00,NOCHE,4_JUEVES,LINEAL,CALLE 32 CARRERA 33,URBANA,TECNICO,3.5295,-76.30315,DESOBEDECER SEÑAL,NO APLICA,CHOQUE,NO APLICA,NO APLICA,NO APLICA,NO APLICA,AUTOMOVIL,CHEVROLET,PALMIRA,PARTICULAR,NO APLICA
HERIDOS,2020-02-26, 15:20:00,TARDE,3_MIERCOLES,COLOMBIA,CALLE 36 CARRERA 30,URBANA,TECNICO,3.53305,-76.29965,SEMAFORO EN ROJO,MOTOCICLISTA,CHOQUE,1,NO APLICA,PALMIRA,NO APLICA,MOTO,JIANLIGN,PRADERA,PARTICULAR,NO APLICA
HERIDOS,2020-02-26, 15:20:00,TARDE,3_MIERCOLES,COLOMBIA,CALLE 36 CARRERA 30,URBANA,TECNICO,3.53305,-76.29965,SEMAFORO EN ROJO,NO APLICA,CHOQUE,NO APLICA,NO APLICA,NO APLICA,NO APLICA,CAMIONETA,CHEVROLET,CALI,PARTICULAR,NO APLICA
DAÑOS,2020-02-28, 17:15:00,TARDE,5_VIERNES,INDUSTRIAL,CALLE 42 CARRERA 34B-170,URBANA,TECNICO,3.53895,-76.30628,NO ESTAR PENDIENTE DE LA VIA,NO APLICA,CHOQUE,NO APLICA,NO APLICA,NO APLICA,NO APLICA,AUTOMOVIL,HONDA,CALI,PARTICULAR,NO APLICA
DAÑOS,2020-02-28, 17:15:00,TARDE,5_VIERNES,INDUSTRIAL,CALLE 42 CARRERA 34B-170,URBANA,TECNICO,3.53895,-76.30628,NO ESTAR PENDIENTE DE LA VIA,NO APLICA,CHOQUE,NO APLICA,NO APLICA,NO APLICA,NO APLICA,VOLQUETA,CHEVROLET,UBATE,PUBLICO,NO APLICA
HERIDOS,2020-02-28, 18:50:00,NOCHE,5_VIERNES,LA MERCEDES,CALLE 57 CARRERA 25,URBANA,TECNICO,3.54776,-76.28962,NO RESPETAR PELACION,MOTOCICLISTA,CHOQUE,1,NO APLICA,PALMA,NO APLICA,MOTO,HERO,EL TAMBO,PARTICULAR,NO APLICA
HERIDOS,2020-02-28, 18:50:00,NOCHE,5_VIERNES,LA MERCEDES,CALLE 57 CARRERA 25,URBANA,TECNICO,3.54776,-76.28962,NO RESPETAR PELACION,NO APLICA,CHOQUE,NO APLICA,NO APLICA,NO APLICA,NO APLICA,AUTOMOVIL,FORD,CALI,PARTICULAR,NO APLICA
HERIDOS,2020-02-28, 13:20:00,TARDE,5_VIERNES,CENTRO,CARRERA 29 CALLE 32,URBANA,TECNICO,3.52893,-76.29949,SEMAFORO EN ROJO,MOTOCICLISTA,CHOQUE,1,NO APLICA,FRACTURAS,NO APLICA,MOTO,JIANLIGN,GUACARI,PARTICULAR,NO APLICA
HERIDOS,2020-02-28, 13:20:00,TARDE,5_VIERNES,CENTRO,CARRERA 29 CALLE 32,URBANA,TECNICO,3.52893,-76.29949,SEMAFORO EN ROJO,MOTOCICLISTA,CHOQUE,1,NO APLICA,PALMIRA,NO APLICA,MOTO,SUZUKI,PALMIRA,PARTICULAR,NO APLICA
HERIDOS,2020-02-28, 13:20:00,TARDE,5_VIERNES,CENTRO,CARRERA 29 CALLE 32,URBANA,TECNICO,3.52893,-76.29949,SEMAFORO EN ROJO,ACOMPAÑANTE MOTOCICLISTA,CHOQUE,1,NO APLICA,FRACTURAS,NO APLICA,NO APLICA,NO APLICA,NO APLICA,NO APLICA,NO APLICA
HERIDOS,2020-02-28, 13:20:00,TARDE,5_VIERNES,CENTRO,CARRERA 29 CALLE 32,URBANA,TECNICO,3.52893,-76.29949,SEMAFORO EN ROJO,ACOMPAÑANTE MOTOCICLISTA,CHOQUE,1,NO APLICA,PALMIRA,NO APLICA,NO APLICA,NO APLICA,NO APLICA,NO APLICA,NO APLICA
HERIDOS,2020-02-28, 08:05:00,MAÑANA,5_VIERNES,URIBE,CALLE 35 CARRERA 22,URBANA,TECNICO,3.53133,-76.29327,DESOBEDECER SEÑAL,MOTOCICLISTA,CHOQUE,1,NO APLICA,PALMA,NO APLICA,MOTO,BAJAJ,PALMIRA,PARTICULAR,NO APLICA
HERIDOS,2020-02-28, 08:05:00,MAÑANA,5_VIERNES,URIBE,CALLE 35 CARRERA 22,URBANA,TECNICO,3.53133,-76.29327,DESOBEDECER SEÑAL,NO APLICA,CHOQUE,NO APLICA,NO APLICA,NO APLICA,NO APLICA,CAMIONETA,CHEVROLET,BOGOTA,PARTICULAR,NO APLICA
HERIDOS,2020-02-28, 08:05:00,MAÑANA,5_VIERNES,URIBE,CALLE 35 CARRERA 22,URBANA,TECNICO,3.53133,-76.29327,DESOBEDECER SEÑAL,ACOMPAÑANTE MOTOCICLISTA,CHOQUE,1,NO APLICA,PALMA,NO APLICA,NO APLICA,NO APLICA,NO APLICA,NO APLICA,NO APLICA
DAÑOS,2020-02-28, 06:10:00,MAÑANA,5_VIERNES,ALTAMIRA,CALLE 47 CARRERA 27,URBANA,TECNICO,3.54204,-76.29561,SEMAFORO EN ROJO,NO APLICA,CHOQUE,NO APLICA,NO APLICA,NO APLICA,NO APLICA,AUTOMOVIL,KIA,CALI,PARTICULAR,NO APLICA
DAÑOS,2020-02-28, 06:10:00,MAÑANA,5_VIERNES,ALTAMIRA,CALLE 47 CARRERA 27,URBANA,TECNICO,3.54204,-76.29561,SEMAFORO EN ROJO,NO APLICA,CHOQUE,NO APLICA,NO APLICA,NO APLICA,NO APLICA,AUTOMOVIL,MAZDA,CALI,PARTICULAR,NO APLICA
DAÑOS,2020-02-28, 07:45:00,MAÑANA,5_VIERNES,URIBE,CARRERA 21 CALLE 34,URBANA,TECNICO,3.53031,-76.29253,DESOBEDECER SEÑAL,NO APLICA,CHOQUE,NO APLICA,NO APLICA,NO APLICA,NO APLICA,AUTOMOVIL,CHEVROLET,PALMIRA,PUBLICO,UNION  TAXIS
DAÑOS,2020-02-28, 07:45:00,MAÑANA,5_VIERNES,URIBE,CARRERA 21 CALLE 34,URBANA,TECNICO,3.53031,-76.29253,DESOBEDECER SEÑAL,NO APLICA,CHOQUE,NO APLICA,NO APLICA,NO APLICA,NO APLICA,AUTOMOVIL,CHEVROLET,PALMIRA,PARTICULAR,NO APLICA
DAÑOS,2020-02-29, 08:00:00,MAÑANA,6_SABADO,LOS PINOS,CALLE 42 CARRERA 22,URBANA,TECNICO,3.53725,-76.29239,NO ESTAR PENDIENTE DE LA VIA,NO APLICA,CHOQUE,NO APLICA,NO APLICA,NO APLICA,NO APLICA,AUTOMOVIL,CHEVROLET,CALI,PARTICULAR,NO APLICA
DAÑOS,2020-02-29, 08:00:00,MAÑANA,6_SABADO,LOS PINOS,CALLE 42 CARRERA 22,URBANA,TECNICO,3.53725,-76.29239,NO ESTAR PENDIENTE DE LA VIA,NO APLICA,CHOQUE,NO APLICA,NO APLICA,NO APLICA,NO APLICA,MOTO,HONDA,FLORIDA,PARTICULAR,NO APLICA
HERIDOS,2020-02-29, 20:15:00,NOCHE,6_SABADO,CENTRO POBLADO ROZO,AVENIDAD 9 CARRERA 9,RURAL,TECNICO,3.61496,-76.38627,INVADIR CARRIL,NO APLICA,CHOQUE,NO APLICA,NO APLICA,NO APLICA,NO APLICA,MOTOCARRO,BAJAJ,GUACARI,PUBLICO,NO APLICA
HERIDOS,2020-02-29, 20:15:00,NOCHE,6_SABADO,CENTRO POBLADO ROZO,AVENIDAD 9 CARRERA 9,RURAL,TECNICO,3.61496,-76.38627,INVADIR CARRIL,MOTOCICLISTA,CHOQUE,1,NO APLICA,NO APLICA,NO APLICA,MOTO,AKT,CALI,PARTICULAR,NO APLICA
HERIDOS,2020-02-28, 05:00:00,MADRUGADA,5_VIERNES,SEMBRADOR,CALLE 18 CARRERA 21,URBANA,TECNICO,3.51689,-76.2934,DESOBEDECER SEÑAL,MOTOCICLISTA,CHOQUE,1,NO APLICA,RAUL,NO APLICA,MOTO,SUZUKI,FLORIDA,PARTICULAR,NO APLICA
HERIDOS,2020-02-28, 05:00:00,MADRUGADA,5_VIERNES,SEMBRADOR,CALLE 18 CARRERA 21,URBANA,TECNICO,3.51689,-76.2934,DESOBEDECER SEÑAL,MOTOCICLISTA,CHOQUE,1,NO APLICA,RAUL,NO APLICA,MOTO,BAJAJ,FLORENCIA,PARTICULAR,NO APLICA
HERIDOS,2020-02-28, 05:00:00,MADRUGADA,5_VIERNES,SEMBRADOR,CALLE 18 CARRERA 21,URBANA,TECNICO,3.51689,-76.2934,DESOBEDECER SEÑAL,ACOMPAÑANTE MOTOCICLISTA,CHOQUE,1,NO APLICA,RAUL,NO APLICA,NO APLICA,NO APLICA,NO APLICA,NO APLICA,NO APLICA
DAÑOS,2020-02-04, 22:30:00,NOCHE,2_MARTES,VERSALLE S,CARRERA 28 CALLE 42-09,URBANA,TECNICO,3.53793,-76.2975,REALIZAR MAL USO DEL CARRIL,NO APLICA,CHOQUE,NO APLICA,NO APLICA,NO APLICA,NO APLICA,AUTOMOVIL,NISSAN,CALI,PARTICULAR,NO APLICA
DAÑOS,2020-02-04, 22:30:00,NOCHE,2_MARTES,VERSALLE S,CARRERA 28 CALLE 42-09,URBANA,TECNICO,3.53793,-76.2975,REALIZAR MAL USO DEL CARRIL,NO APLICA,CHOQUE,NO APLICA,NO APLICA,NO APLICA,NO APLICA,AUTOMOVIL,HYUNDAI,PALMIRA,PUBLICO,UNITAX
DAÑOS,2020-03-01, 08:10:00,MAÑANA,7_DOMINGO,URIBE,CALLE 36 CARRERA 20,URBANA,TECNICO,3.53187,-76.29148,DESOBEDECER SEÑALES DE PARE,NO APLICA,CHOQUE,NO APLICA,NO APLICA,NO APLICA,NO APLICA,AUTOMOVIL,HYUNDAI,PALMIRA,PUBLICO,FLOTA PALMIRA
DAÑOS,2020-03-01, 08:10:00,MAÑANA,7_DOMINGO,URIBE,CALLE 36 CARRERA 20,URBANA,TECNICO,3.53187,-76.29148,DESOBEDECER SEÑALES DE PARE,NO APLICA,CHOQUE,NO APLICA,NO APLICA,NO APLICA,NO APLICA,CAMIONETA,CHEVROLET,PALMIRA,PARTICULAR,NO APLICA
HERIDOS,2020-03-01, 10:00:00,MAÑANA,7_DOMINGO,NIÑO POBRE,CALLE 28 CARRERA 23,URBANA,TECNICO,3.52472,-76.29501,DESOBEDECER SEÑALES DE PARE,CICLISTA,CHOQUE,1,NO APLICA,PALMIRA,NO APLICA,BICICLETA,NO APLICA,NO APLICA,PARTICULAR,NO APLICA
HERIDOS,2020-03-01, 10:00:00,MAÑANA,7_DOMINGO,NIÑO POBRE,CALLE 28 CARRERA 23,URBANA,TECNICO,3.52472,-76.29501,DESOBEDECER SEÑALES DE PARE,NO APLICA,CHOQUE,NO APLICA,NO APLICA,NO APLICA,NO APLICA,BUS,CHEVROLET,CAICEDONIA,PUBLICO,LINEAS UNIVERSITARIAS
HERIDOS,2020-03-01, 11:00:00,MAÑANA,7_DOMINGO,SANTA ANA,CALE 35 CARRERA 45,URBANA,TECNICO,3.53215,-76.31597,TANSITAR EN CONTRA VIA,NO APLICA,CHOQUE,NO APLICA,NO APLICA,NO APLICA,NO APLICA,AUTOMOVIL,CHEVROLET,CALI,PARTICULAR,NO APLICA
HERIDOS,2020-03-01, 11:00:00,MAÑANA,7_DOMINGO,SANTA ANA,CALE 35 CARRERA 45,URBANA,TECNICO,3.53215,-76.31597,TANSITAR EN CONTRA VIA,MOTOCICLISTA,CHOQUE,1,NO APLICA,PALMA,NO APLICA,MOTO,HONDA,PALMIRA,PARTICULAR,NO APLICA