GRAVEDAD,FECHA,HORA,JORNADA,DIA_SEMANA,BARRIOS_CORREGIMIENTO_VIA,DIRECCION,ZONA,AUTORIDAD,LAT,LONG,HIPOTESIS,CONDICION_DE_LA_VICTIMA,CLASE_DE_SINIESTRO,LESIONADO,HOMICIDIOS,CLINICA,SITIO,CLASE_DE_VEHICULO,MARCA,MATRICULA,TIPO_DE_SERVICIO,EMPRESA
HERIDOS,2020-03-21, 09:50:00,MAÑANA,6_SABADO,URIBE,CARRERA 21 CALLE 34,URBANA,TECNICO,3.53031,-76.29254,DESOBEDECER SEÑALES DE PARE,NO APLICA,CHOQUE,NO APLICA,NO APLICA,NO APLICA,NO APLICA,MOTO,YAMAHA,CALI,PARTICULAR,NO APLICA
HERIDOS,2020-03-21, 09:50:00,MAÑANA,6_SABADO,URIBE,CARRERA 21 CALLE 34,URBANA,TECNICO,3.53031,-76.29254,DESOBEDECER SEÑALES DE PARE,ACOMPAÑANTE MOTOCICLISTA,CHOQUE,1,NO APLICA,RAUL,NO APLICA,NO APLICA,NO APLICA,NO APLICA,NO APLICA,NO APLICA
HERIDOS,2020-03-22, 11:30:00,MAÑANA,7_DOMINGO,PORTAL DE LAS PALMAS,CALLE 47A CARRERA 45-24,URBANA,TECNICO,3.54272,-76.31667,PONER EN MARCHA SIN MEDIDAS DE PRECAUCION,NO APLICA,CHOQUE,NO APLICA,NO APLICA,NO APLICA,NO APLICA,MOTO,HONDA,GUACARI,PARTICULAR,NO APLICA
HERIDOS,2020-03-22, 11:30:00,MAÑANA,7_DOMINGO,PORTAL DE LAS PALMAS,CALLE 47A CARRERA 45-24,URBANA,TECNICO,3.54272,-76.31667,PONER EN MARCHA SIN MEDIDAS DE PRECAUCION,MOTOCICLISTA,CHOQUE,1,NO APLICA,PALMA,NO APLICA,MOTO,BAJAJ,PALMIRA,PARTICULAR,NO APLICA
HERIDOS,2020-03-20, 05:30:00,MADRUGADA,5_VIERNES,VIA PRIVADA,MANUELITA,RURAL,TECNICO,3.57866,-76.29156,INVADIR CARRIL,CICLISTA,CHOQUE,1,NO APLICA,PALMA,NO APLICA,BICICLETA,NO APLICA,NO APLICA,PARTICULAR,NO APLICA
HERIDOS,2020-03-20, 05:30:00,MADRUGADA,5_VIERNES,VIA PRIVADA,MANUELITA,RURAL,TECNICO,3.57866,-76.29156,INVADIR CARRIL,MOTOCICLISTA,CHOQUE,1,NO APLICA,PALMA,NO APLICA,MOTO,HONDA,PALMIRA,PARTICULAR,NO APLICA
HERIDOS,2020-03-20, 05:30:00,MADRUGADA,5_VIERNES,VIA PRIVADA,MANUELITA,RURAL,TECNICO,3.57866,-76.29156,INVADIR CARRIL,ACOMPAÑANTE MOTOCICLISTA,CHOQUE,1,NO APLICA,PALMA,NO APLICA,NO APLICA,NO APLICA,NO APLICA,NO APLICA,NO APLICA
HERIDOS,2020-03-20, 13:00:00,TARDE,5_VIERNES,COLOMBIA,CARRERA 31 CALLE 35,URBANA,TECNICO,3.53235,-76.30073,DESOBEDECER SEÑALES,MOTOCICLISTA,CHOQUE,1,NO APLICA,PALMA,NO APLICA,MOTO,SUZUKI,PALMIRA,PARTICULAR,NO APLICA
HERIDOS,2020-03-20, 13:00:00,TARDE,5_VIERNES,COLOMBIA,CARRERA 31 CALLE 35,URBANA,TECNICO,3.53235,-76.30073,DESOBEDECER SEÑALES,NO APLICA,CHOQUE,NO APLICA,NO APLICA,NO APLICA,NO APLICA,AUTOMOVIL,MAZDA,CALI,PARTICULAR,NO APLICA
HERIDOS,2020-03-21, 21:00:00,NOCHE,6_SABADO,TRINIDAD,CARRERA 23 CALLE 31-25,URBANA,TECNICO,3.52749,-76.29491,NO MANTENER DISTANCIA DE SEGURIDAD,NO APLICA,CHOQUE,NO APLICA,NO APLICA,NO APLICA,NO APLICA,CAMIONETA,RENAULT,PALMIRA,OFICIAL,NO APLICA
HERIDOS,2020-03-21, 21:00:00,NOCHE,6_SABADO,TRINIDAD,CARRERA 23 CALLE 31-25,URBANA,TECNICO,3.52749,-76.29491,NO MANTENER DISTANCIA DE SEGURIDAD,MOTOCICLISTA,CHOQUE,1,NO APLICA,PALMIRA,NO APLICA,MOTO,SUZUKI,PALMIRA,PARTICULAR,NO APLICA
DAÑOS,2020-03-23, 14:00:00,TARDE,1_LUNES,PERSEVERANCIA,CALLE 12A CARRERA 22 -124,URBANA,TECNICO,3.51066,-76.29293,REVERSO IMPRUDENTE,NO APLICA,CHOQUE,NO APLICA,NO APLICA,NO APLICA,NO APLICA,AUTOMOVIL,CHEVROLET,CALI,PARTICULAR,NO APLICA
DAÑOS,2020-03-23, 14:00:00,TARDE,1_LUNES,PERSEVERANCIA,CALLE 12A CARRERA 22 -124,URBANA,TECNICO,3.51066,-76.29293,REVERSO IMPRUDENTE,NO APLICA,CHOQUE,NO APLICA,NO APLICA,NO APLICA,NO APLICA,AUTOMOVIL,CHEVROLET,PALMIRA,PUBLICO,COOTRANSPAL
HERIDOS,2020-03-25, 19:00:00,NOCHE,3_MIERCOLES,CHAPINERO,CARRERA 30 CALLE 17 -23,URBANA,TECNICO,3.51635,-76.3027,PONER EN MARCHA SIN MEDIDAS DE PRECAUCION,MOTOCICLISTA,CHOQUE,1,NO APLICA,PALMIRA,NO APLICA,MOTO,KYMCO,FLORIDA,PARTICULAR,NO APLICA
HERIDOS,2020-03-25, 19:00:00,NOCHE,3_MIERCOLES,CHAPINERO,CARRERA 30 CALLE 17 -23,URBANA,TECNICO,3.51635,-76.3027,PONER EN MARCHA SIN MEDIDAS DE PRECAUCION,NO APLICA,CHOQUE,NO APLICA,NO APLICA,NO APLICA,NO APLICA,CAMIONETA,FAW,BOGOTA,PARTICULAR,NO APLICA
DAÑOS,2020-03-25, 14:10:00,TARDE,3_MIERCOLES,RECREO,CALLE 22 CARRERA 25,URBANA,TECNICO,3.51992,-76.2974,DESOBEDECER SEÑALES DE PARE,NO APLICA,CHOQUE,NO APLICA,NO APLICA,NO APLICA,NO APLICA,CAMPERO,RENAULT,MINISTERIO,OFICIAL,NO APLICA
DAÑOS,2020-03-25, 14:10:00,TARDE,3_MIERCOLES,RECREO,CALLE 22 CARRERA 25,URBANA,TECNICO,3.51992,-76.2974,DESOBEDECER SEÑALES DE PARE,NO APLICA,CHOQUE,NO APLICA,NO APLICA,NO APLICA,NO APLICA,CAMIONETA,CHEVROLET,GUACARI,PUBLICO,NO APLICA
MUERTO,2020-03-26, 18:48:00,NOCHE,4_JUEVES,MUINICIPAL,CARRERA 1 CALLES 30-31,URBANA,TECNICO,3.5249,-76.27815,NO ESTAR PENDIENTE DE LA VIA,CICLISTA,CHOQUE,NO APLICA,1,NO APLICA,NO APLICA,TRICICLO,NO APLICA,NO APLICA,PARTICULAR,NO APLICA
HERIDOS,2020-03-26, 18:48:00,NOCHE,4_JUEVES,MUINICIPAL,CARRERA 1 CALLES 30-31,URBANA,TECNICO,3.5249,-76.27815,NO ESTAR PENDIENTE DE LA VIA,NO APLICA,CHOQUE,NO APLICA,NO APLICA,NO APLICA,NO APLICA,CAMIONETA,HYUNDAI,CALI,PARTICULAR,NO APLICA
MUERTO,2020-03-26, 18:48:00,NOCHE,4_JUEVES,MUINICIPAL,CARRERA 1 CALLES 30-31,URBANA,TECNICO,3.5249,-76.27815,NO ESTAR PENDIENTE DE LA VIA,ACOMPAÑANTE CICLISTA,CHOQUE,1,NO APLICA,NO APLICA,NO APLICA,BICICLETA,NO APLICA,NO APLICA,PARTICULAR,NO APLICA
MUERTO,2020-03-26, 18:48:00,NOCHE,4_JUEVES,MUINICIPAL,CARRERA 1 CALLES 30-31,URBANA,TECNICO,3.5249,-76.27815,NO ESTAR PENDIENTE DE LA VIA,CICLISTA,CHOQUE,1,NO APLICA,NO APLICA,NO APLICA,BICICLETA,NO APLICA,NO APLICA,PARTICULAR,NO APLICA
DAÑOS,2020-03-30, 07:30:00,MAÑANA,1_LUNES,SANTA RITA,CALLE 33 CARRERA 27,URBANA,TECNICO,3.53016,-76.29744,SEMAFORO EN ROJO,NO APLICA,CHOQUE,NO APLICA,NO APLICA,NO APLICA,NO APLICA,AUTOMOVIL,RENAULT,ENVIGADO,PARTICULAR,NO APLICA
DAÑOS,2020-03-30, 07:30:00,MAÑANA,1_LUNES,SANTA RITA,CALLE 33 CARRERA 27,URBANA,TECNICO,3.53016,-76.29744,SEMAFORO EN ROJO,NO APLICA,CHOQUE,NO APLICA,NO APLICA,NO APLICA,NO APLICA,AUTOMOVIL,SUZUKI,PALMIRA,PUBLICO,COOFLOPAL
HERIDOS,2020-03-28, 13:20:00,TARDE,5_VIERNES,OBRERO,CALLE 36 CARRERA 26,URBANA,TECNICO,3.53254,-76.29629,DESOBEDECER SEÑALES,MOTOCICLISTA,CHOQUE,1,NO APLICA,PALMA,NO APLICA,MOTO,YAMAHA,SOACHA,PARTICULAR,NO APLICA
HERIDOS,2020-03-28, 13:20:00,TARDE,5_VIERNES,OBRERO,CALLE 36 CARRERA 26,URBANA,TECNICO,3.53254,-76.29629,DESOBEDECER SEÑALES,NO APLICA,CHOQUE,NO APLICA,NO APLICA,NO APLICA,NO APLICA,CAMION,CHEVROLET,CALI,PARTICULAR,NO APLICA
HERIDOS,2020-03-28, 13:20:00,TARDE,5_VIERNES,OBRERO,CALLE 36 CARRERA 26,URBANA,TECNICO,3.53254,-76.29629,DESOBEDECER SEÑALES,ACOMPAÑANTE MOTOCICLISTA,CHOQUE,1,NO APLICA,PALMA,NO APLICA,NO APLICA,NO APLICA,NO APLICA,NO APLICA,NO APLICA
DAÑOS,2020-03-29, 09:50:00,MAÑANA,6_SABADO,OLIMPICO,CALLE 25 CARRERA 42,URBANA,TECNICO,3.52341,-76.31231,NO ESTAR PENDIENTE DE LA VIA,NO APLICA,CHOQUE,NO APLICA,NO APLICA,NO APLICA,NO APLICA,MOTO,KYMCO,PALMIRA,PARTICULAR,NO APLICA
DAÑOS,2020-03-29, 09:50:00,MAÑANA,6_SABADO,OLIMPICO,CALLE 25 CARRERA 42,URBANA,TECNICO,3.52341,-76.31231,NO ESTAR PENDIENTE DE LA VIA,NO APLICA,CHOQUE,NO APLICA,NO APLICA,NO APLICA,NO APLICA,AUTOMOVIL,RENAULT,BOGOTA,PARTICULAR,NO APLICA
DAÑOS,2020-03-31, 14:28:00,TARDE,2_MARTES,SANTA TERESITA,CARRERA 39 CALLE 42,URBANA,TECNICO,3.53897,-76.30991,REVERSO IMPRUDENTE,NO APLICA,CHOQUE OBJETO FIJO,NO APLICA,NO APLICA,NO APLICA,NO APLICA,CAMIONETA,HONDA,CALI,PARTICULAR,NO APLICA
HERIDOS,2020-03-29, 20:30:00,NOCHE,7_DOMINGO,BOSQUE,CALLE 31 CARRERA 1,URBANA,TECNICO,3.52505,-76.27811,CRUCE REPENTINO,NO APLICA,CHOQUE,NO APLICA,NO APLICA,NO APLICA,NO APLICA,MOTO,KYMCO,PALMIRA,PARTICULAR,NO APLICA
HERIDOS,2020-03-29, 20:30:00,NOCHE,7_DOMINGO,BOSQUE,CALLE 31 CARRERA 1,URBANA,TECNICO,3.52505,-76.27811,CRUCE REPENTINO,MOTOCICLISTA,CHOQUE,1,NO APLICA,RAUL,NO APLICA,MOTO,AUTECO,NO APLICA,PARTICULAR,NO APLICA
HERIDOS,2020-03-29, 16:50:00,TARDE,7_DOMINGO,VIAL PALMIRA GUAYABAL,KM 2,RURAL,TECNICO,3.54456,-76.26779,CRUZAR SIN OBSERVAR,MOTOCICLISTA,ATROPELLO,1,NO APLICA,PALMA,NO APLICA,MOTO,YAMAHA,MOSQUERA,PARTICULAR,NO APLICA
HERIDOS,2020-03-29, 16:50:00,TARDE,7_DOMINGO,VIAL PALMIRA GUAYABAL,KM 2,RURAL,TECNICO,3.54456,-76.26779,CRUZAR SIN OBSERVAR,PEATON,ATROPELLO,1,NO APLICA,PALMA,NO APLICA,NO APLICA,NO APLICA,NO APLICA,NO APLICA,NO APLICA
HERIDOS,2020-04-06, 07:00:00,MAÑANA,1_LUNES,CENTRO,CALLE 32 CARRERA 31,URBANA,TECNICO,3.52925,-76.30131,DESOBEDECER SEÑALES,NO APLICA,CHOQUE,NO APLICA,NO APLICA,NO APLICA,NO APLICA,AUTOMOVIL,CHEVROLET,CALI,PARTICULAR,NO APLICA
HERIDOS,2020-04-06, 07:00:00,MAÑANA,1_LUNES,CENTRO,CALLE 32 CARRERA 31,URBANA,TECNICO,3.52925,-76.30131,DESOBEDECER SEÑALES,MOTOCICLISTA,CHOQUE,1,NO APLICA,PALMIRA,NO APLICA,MOTO,HONDA,PRADERA,PARTICULAR,NO APLICA
HERIDOS,2020-04-07, 12:30:00,TARDE,2_MARTES,COLOMBIA,CARRERA 33 CALLE 35-17,URBANA,TECNICO,3.53297,-76.30279,POR ESTABLECER,NO APLICA,CHOQUE,NO APLICA,NO APLICA,NO APLICA,NO APLICA,MOTO,AKT,PRADERA,PARTICULAR,NO APLICA
HERIDOS,2020-04-07, 12:30:00,TARDE,2_MARTES,COLOMBIA,CARRERA 33 CALLE 35-17,URBANA,TECNICO,3.53297,-76.30279,POR ESTABLECER,MOTOCICLISTA,CHOQUE,1,NO APLICA,FRACTURAS,NO APLICA,MOTO,HERO,FLORIDA,PARTICULAR,NO APLICA
DAÑOS,2020-04-07, 11:50:00,MAÑANA,2_MARTES,CENTRO,CALLE 31 CARRERA 27,URBANA,TECNICO,3.52781,-76.29786,DESOBEDECER SEÑALES,NO APLICA,CHOQUE,NO APLICA,NO APLICA,NO APLICA,NO APLICA,MOTO,HONDA,GUACARI,PARTICULAR,NO APLICA
DAÑOS,2020-04-07, 11:50:00,MAÑANA,2_MARTES,CENTRO,CALLE 31 CARRERA 27,URBANA,TECNICO,3.52781,-76.29786,DESOBEDECER SEÑALES,NO APLICA,CHOQUE,NO APLICA,NO APLICA,NO APLICA,NO APLICA,AUTOMOVIL,RENAULT,PALMIRA,PARTICULAR,NO APLICA
DAÑOS,2020-04-07, 13:20:00,TARDE,2_MARTES,CENTRO,CARRERA 29 CALLE 28,URBANA,TECNICO,3.52541,-76.30001,REVERSO IMPRUDENTE,NO APLICA,CHOQUE OBJETO FIJO,NO APLICA,NO APLICA,NO APLICA,NO APLICA,TRACTO CAMION,KENWORTH,MOSQUERA,PUBLICO,NO APLICA
HERIDOS,2020-04-08, 15:20:00,TARDE,3_MIERCOLES,VIA CORONADO -ROZO,KM 1,RURAL,TECNICO,3.55746,-76.31017,SEMOVIENTE EN LA VIA,MOTOCICLISTA,CHOQUE SEMOVIENTE,1,NO APLICA,PALMA,NO APLICA,MOTO,SUZUKI,PRADERA,PARTICULAR,NO APLICA
HERIDOS,2020-04-08, 10:30:00,MAÑANA,3_MIERCOLES,URIBE,CALLE 35 CARRERA 21,URBANA,TECNICO,3.5312,-76.29245,DESOBEDECER SEÑALES,MOTOCICLISTA,CHOQUE,1,NO APLICA,RAUL,NO APLICA,MOTO,HONDA,FLORIDA,PARTICULAR,NO APLICA
HERIDOS,2020-04-08, 10:30:00,MAÑANA,3_MIERCOLES,URIBE,CALLE 35 CARRERA 21,URBANA,TECNICO,3.5312,-76.29245,DESOBEDECER SEÑALES,NO APLICA,CHOQUE,NO APLICA,NO APLICA,NO APLICA,NO APLICA,CAMPERO,KIA,PEREIRA,PARTICULAR,NO APLICA
HERIDOS,2020-04-12, 05:30:00,MADRUGADA,7_DOMINGO,LOS MANGOS,CARRERA 28 CALLE 70,URBANA,TECNICO,3.55735,-76.29124,SEMAFORO EN ROJO,MOTOCICLISTA,CHOQUE,1,NO APLICA,PALMA,NO APLICA,MOTO,AKT,PALMIRA,PARTICULAR,NO APLICA
HERIDOS,2020-04-12, 05:30:00,MADRUGADA,7_DOMINGO,LOS MANGOS,CARRERA 28 CALLE 70,URBANA,TECNICO,3.55735,-76.29124,SEMAFORO EN ROJO,NO APLICA,CHOQUE,NO APLICA,NO APLICA,NO APLICA,NO APLICA,CAMPERO,NISSAN,CALI,PARTICULAR,NO APLICA
DAÑOS,2020-04-13, 10:00:00,MAÑANA,1_LUNES,SANTA RITA,CALLE 36 CARRERA 28-23,URBANA,TECNICO,3.53288,-76.2984,DETENER   UN VEHICULO SIN TOMAR MEDIDAS DE PRECAUCION,NO APLICA,CHOQUE,NO APLICA,NO APLICA,NO APLICA,NO APLICA,CAMION,INTERNATIONAL,MAGDALENA,PARTICULAR,NO APLICA
DAÑOS,2020-04-13, 10:00:00,MAÑANA,1_LUNES,SANTA RITA,CALLE 36 CARRERA 28-23,URBANA,TECNICO,3.53288,-76.2984,DETENER   UN VEHICULO SIN TOMAR MEDIDAS DE PRECAUCION,NO APLICA,CHOQUE,NO APLICA,NO APLICA,NO APLICA,NO APLICA,AUTOMOVIL,MAZDA,ANDALUCIA,PARTICULAR,NO APLICA
HERIDOS,2020-04-13, 11:15:00,MAÑANA,1_LUNES,TREBOL,CALLE 27 CARRERA 23,URBANA,TECNICO,3.52385,-76.29505,DESOBEDECER SEÑALES,MOTOCICLISTA,CHOQUE,1,NO APLICA,RAUL,NO APLICA,MOTO,HONDA,ANDALUCIA,PARTICULAR,NO APLICA
HERIDOS,2020-04-13, 11:15:00,MAÑANA,1_LUNES,TREBOL,CALLE 27 CARRERA 23,URBANA,TECNICO,3.52385,-76.29505,DESOBEDECER SEÑALES,NO APLICA,CHOQUE,NO APLICA,NO APLICA,NO APLICA,NO APLICA,MOTO,KEEWAY,GUACARI,PARTICULAR,NO APLICA
HERIDOS,2020-04-17, 11:20:00,MAÑANA,5_VIERNES,GUAYACANES,CALLE 27 CARRERA 20-62,URBANA,TECNICO,3.52361,-76.29271,TRANSITAR EN CONTRA VIA,NO APLICA,CHOQUE,NO APLICA,NO APLICA,NO APLICA,NO APLICA,MOTO,HONDA,CALI,PARTICULAR,NO APLICA
HERIDOS,2020-04-17, 11:20:00,MAÑANA,5_VIERNES,GUAYACANES,CALLE 27 CARRERA 20-62,URBANA,TECNICO,3.52361,-76.29271,TRANSITAR EN CONTRA VIA,PEATON,CHOQUE,1,NO APLICA,RAUL,NO APLICA,NO APLICA,NO APLICA,NO APLICA,NO APLICA,NO APLICA
HERIDOS,2020-04-16, 05:10:00,MADRUGADA,4_JUEVES,SAN PEDRO,CALLE 36 CARRERA 19-20,URBANA,TECNICO,3.53172,-76.29073,TRANSITAR EN CONTRAVIA,MOTOCICLISTA,CHOQUE,1,NO APLICA,RAUL,NO APLICA,MOTO,HERO,FLORIDA,PARTICULAR,NO APLICA
HERIDOS,2020-04-16, 05:10:00,MADRUGADA,4_JUEVES,SAN PEDRO,CALLE 36 CARRERA 19-20,URBANA,TECNICO,3.53172,-76.29073,TRANSITAR EN CONTRAVIA,NO APLICA,CHOQUE,NO APLICA,NO APLICA,NO APLICA,NO APLICA,MICROBUS,CHEVROLET,PALMIRA,PARTICULAR,NO APLICA
HERIDOS,2020-04-17, 16:30:00,TARDE,5_VIERNES,VERSALLE S,CALLE 42 CARRERA 28,URBANA,TECNICO,3.53809,-76.29703,NO ESTAR PENDIENTE DE LA VIA,MOTOCICLISTA,CHOQUE,1,NO APLICA,PALMIRA,NO APLICA,MOTO,VICTORY,FLORIDA,PARTICULAR,NO APLICA
HERIDOS,2020-04-17, 16:30:00,TARDE,5_VIERNES,VERSALLE S,CALLE 42 CARRERA 28,URBANA,TECNICO,3.53809,-76.29703,NO ESTAR PENDIENTE DE LA VIA,NO APLICA,CHOQUE,NO APLICA,NO APLICA,NO APLICA,NO APLICA,AUTOMOVIL,HYUNDAI,PALMIRA,PUBLICO,UNITAX
HERIDOS,2020-04-17, 16:30:00,TARDE,5_VIERNES,VERSALLE S,CALLE 42 CARRERA 28,URBANA,TECNICO,3.53809,-76.29703,NO ESTAR PENDIENTE DE LA VIA,ACOMPAÑANTE MOTOCICLISTA,CHOQUE,1,NO APLICA,PALMIRA,NO APLICA,NO APLICA,NO APLICA,NO APLICA,NO APLICA,NO APLICA
HERIDOS,2020-04-17, 20:00:00,NOCHE,5_VIERNES,AMERICAS,CARRERA 24 CALLE 13 -31,URBANA,TECNICO,3.51217,-76.29588,CAIDA POSTE,MOTOCICLISTA,OTRO,1,NO APLICA,PALMIRA,NO APLICA,MOTO,YAMAHA,CALI,PARTICULAR,NO APLICA
DAÑOS,2020-04-18, 18:40:00,NOCHE,6_SABADO,URIBE,CALLE 32 CARRERA 23,URBANA,TECNICO,3.52845,-76.29691,DESOBEDECER SEÑALES,NO APLICA,CHOQUE,NO APLICA,NO APLICA,NO APLICA,NO APLICA,AUTOMOVIL,CHEVROLET,CALI,PARTICULAR,NO APLICA
DAÑOS,2020-04-18, 18:40:00,NOCHE,6_SABADO,URIBE,CALLE 32 CARRERA 23,URBANA,TECNICO,3.52845,-76.29691,DESOBEDECER SEÑALES,NO APLICA,CHOQUE,NO APLICA,NO APLICA,NO APLICA,NO APLICA,AUTOMOVIL,HYUNDAI,PALMIRA,PUBLICO,PALMERAS
HERIDOS,2020-04-12, 18:30:00,NOCHE,7_DOMINGO,VIA PRIVADA,INGENIO MANUELITA,RURAL,TECNICO,3.58012,-76.29378,VEHICULO MAL ESTACIONADO,MOTOCICLISTA,CHOQUE,1,NO APLICA,PALMA,NO APLICA,MOTO,SUZUKI,ZARZAL,PARTICULAR,NO APLICA
HERIDOS,2020-04-12, 18:30:00,NOCHE,7_DOMINGO,VIA PRIVADA,INGENIO MANUELITA,RURAL,TECNICO,3.58012,-76.29378,VEHICULO MAL ESTACIONADO,MOTOCICLISTA,CHOQUE,1,NO APLICA,PALMA,NO APLICA,MOTO,HONDA,PALMIRA,PARTICULAR,NO APLICA
HERIDOS,2020-04-12, 18:30:00,NOCHE,7_DOMINGO,VIA PRIVADA,INGENIO MANUELITA,RURAL,TECNICO,3.58012,-76.29378,VEHICULO MAL ESTACIONADO,ACOMPAÑANTE MOTOCICLISTA,CHOQUE,1,NO APLICA,PALMA,NO APLICA,NO APLICA,NO APLICA,NO APLICA,NO APLICA,NO APLICA
HERIDOS,2020-04-21, 08:00:00,MAÑANA,2_MARTES,PRADO,CALLE 36 CARRERA 43,URBANA,TECNICO,3.53317,-76.31412,ADELANTAR INTERSECCION,NO APLICA,CHOQUE,NO APLICA,NO APLICA,NO APLICA,NO APLICA,CAMIONETA,RENAULT,FUNZA,PARTICULAR,NO APLICA
HERIDOS,2020-04-21, 08:00:00,MAÑANA,2_MARTES,PRADO,CALLE 36 CARRERA 43,URBANA,TECNICO,3.53317,-76.31412,ADELANTAR INTERSECCION,MOTOCICLISTA,CHOQUE,1,NO APLICA,RAUL,NO APLICA,MOTO,AKT,CALI,PARTICULAR,NO APLICA
DAÑOS,2020-04-21, 10:10:00,MAÑANA,2_MARTES,SANTA ISABEL,CARRERA 28 CALLE 46-78,URBANA,TECNICO,3.54187,-76.29659,ARRANCAR SIN PRECAUCION,NO APLICA,CHOQUE,NO APLICA,NO APLICA,NO APLICA,NO APLICA,AUTOMOVIL,CHEVROLET,PALMIRA,PARTICULAR,NO APLICA
DAÑOS,2020-04-21, 10:10:00,MAÑANA,2_MARTES,SANTA ISABEL,CARRERA 28 CALLE 46-78,URBANA,TECNICO,3.54187,-76.29659,ARRANCAR SIN PRECAUCION,NO APLICA,CHOQUE,NO APLICA,NO APLICA,NO APLICA,NO APLICA,CAMIONETA,MAZDA,PRADERA,PARTICULAR,NO APLICA
HERIDOS,2020-04-22, 11:30:00,MAÑANA,3_MIERCOLES,SESQUI,CARRERA 32 CALLE 8,URBANA,TECNICO,3.50711,-76.31207,DESOBEDECER SEÑALES,NO APLICA,CHOQUE,NO APLICA,NO APLICA,NO APLICA,NO APLICA,CAMION,CHEVROLET,CALI,PARTICULAR,NO APLICA
HERIDOS,2020-04-22, 11:30:00,MAÑANA,3_MIERCOLES,SESQUI,CARRERA 32 CALLE 8,URBANA,TECNICO,3.50711,-76.31207,DESOBEDECER SEÑALES,MOTOCICLISTA,CHOQUE,1,NO APLICA,PALMIRA,NO APLICA,MOTO,HONDA,FACATATIVA,PARTICULAR,NO APLICA
HERIDOS,2020-04-23, 07:35:00,MAÑANA,4_JUEVES,SAMANES,CARRERA 28 CALLE 47,URBANA,TECNICO,3.5422,-76.29663,POR ESTABLECER,NO APLICA,CHOQUE,NO APLICA,NO APLICA,NO APLICA,NO APLICA,AUTOMOVIL,KIA,PALMIRA,PARTICULAR,NO APLICA
HERIDOS,2020-04-23, 07:30:00,MAÑANA,4_JUEVES,SESQUI,CALLE 11 CARRERA 28-23,URBANA,TECNICO,3.51056,-76.30147,EMBRIAGUEZ,CONDUCTOR,CHOQUE OBJETO FIJO,1,NO APLICA,PALMIRA,NO APLICA,AUTOMOVIL,CHEVROLET,PALMIRA,PARTICULAR,NO APLICA
HERIDOS,2020-04-23, 07:30:00,MAÑANA,4_JUEVES,SESQUI,CALLE 11 CARRERA 28-23,URBANA,TECNICO,3.51056,-76.30147,EMBRIAGUEZ,NO APLICA,CHOQUE OBJETO FIJO,NO APLICA,NO APLICA,NO APLICA,NO APLICA,AUTOMOVIL,CHEVROLET,BELLO,PARTICULAR,NO APLICA
DAÑOS,2020-04-24, 20:10:00,NOCHE,5_VIERNES,CENTRO,CARRERA 33 A CALLE 31-30,URBANA,TECNICO,3.52908,-76.30425,EMBRIAGUEZ,NO APLICA,CHOQUE,NO APLICA,NO APLICA,NO APLICA,NO APLICA,AUTOMOVIL,CHEVROLET,CALI,PARTICULAR,NO APLICA
DAÑOS,2020-04-24, 20:10:00,NOCHE,5_VIERNES,CENTRO,CARRERA 33 A CALLE 31-30,URBANA,TECNICO,3.52908,-76.30425,EMBRIAGUEZ,NO APLICA,CHOQUE,NO APLICA,NO APLICA,NO APLICA,NO APLICA,AUTOMOVIL,RENAULT,PALMIRA,PARTICULAR,NO APLICA
HERIDOS,2020-04-25, 08:10:00,MAÑANA,6_SABADO,TREBOL,CARRERA 23 CALLE 27,URBANA,TECNICO,3.52387,-76.29505,DESOBEDECER SEÑALES,CONDUCTOR,CHOQUE,1,NO APLICA,PALMIRA,NO APLICA,AUTOMOVIL,RENAULT,CALI,PARTICULAR,NO APLICA
HERIDOS,2020-04-25, 08:10:00,MAÑANA,6_SABADO,TREBOL,CARRERA 23 CALLE 27,URBANA,TECNICO,3.52387,-76.29505,DESOBEDECER SEÑALES,NO APLICA,CHOQUE,NO APLICA,NO APLICA,NO APLICA,NO APLICA,AUTOMOVIL,CHEVROLET,JAMUNDI,PARTICULAR,NO APLICA
HERIDOS,2020-04-24, 10:40:00,MAÑANA,5_VIERNES,SANTA RITA,CALLE 35 CARRERA 27,URBANA,TECNICO,3.53182,-76.29715,DESOBEDECER SEÑALES,MOTOCICLISTA,CHOQUE,1,NO APLICA,PALMA,NO APLICA,MOTO,VICTORY,PRADERA,PARTICULAR,NO APLICA
HERIDOS,2020-04-24, 10:40:00,MAÑANA,5_VIERNES,SANTA RITA,CALLE 35 CARRERA 27,URBANA,TECNICO,3.53182,-76.29715,DESOBEDECER SEÑALES,NO APLICA,CHOQUE,NO APLICA,NO APLICA,NO APLICA,NO APLICA,AUTOMOVIL,HYUNDAI,PALMIRA,PUBLICO,FLOTA PALMIRA
MUERTO,2020-04-26, 04:50:00,MADRUGADA,7_DOMINGO,SAMANES,CALLE 47 CARRERA 29-42,URBANA,TECNICO,3.54226,-76.29784,PERDIDA DELCONTROL,MOTOCICLISTA,CHOQUE OBJETO FIJO,NO APLICA,1,NO APLICA,NO APLICA,MOTO,HONDA,EL CERRITO,PARTICULAR,NO APLICA