GRAVEDAD,FECHA,HORA,JORNADA,DIA_SEMANA,BARRIOS_CORREGIMIENTO_VIA,DIRECCION,ZONA,AUTORIDAD,LAT,LONG,HIPOTESIS,CONDICION_DE_LA_VICTIMA,CLASE_DE_SINIESTRO,LESIONADO,HOMICIDIOS,CLINICA,SITIO,CLASE_DE_VEHICULO,MARCA,MATRICULA,TIPO_DE_SERVICIO,EMPRESA
HERIDOS,2020-04-27, 11:30:00,MAÑANA,1_LUNES,TRINIDAD,CALLE28 CARRERA23,URBANA,TECNICO,3.52474,-76.29503,DESOBEDECER SEÑALES,NO APLICA,CHOQUE,NO APLICA,NO APLICA,NO APLICA,NO APLICA,AUTOMOVIL,HYUNDAI,PALMIRA,PUBLICO,VILLA DE LAS PALMAS
HERIDOS,2020-04-27, 11:30:00,MAÑANA,1_LUNES,TRINIDAD,CALLE28 CARRERA23,URBANA,TECNICO,3.52474,-76.29503,DESOBEDECER SEÑALES,MOTOCICLISTA,CHOQUE,1,NO APLICA,FRACTURAS,NO APLICA,MOTO,AKT,TULUA,PARTICULAR,NO APLICA
DAÑOS,2020-04-28, 10:00:00,MAÑANA,2_MARTES,CENTRO,CALLE 32 CARRERA 31,URBANA,TECNICO,3.52924,-76.30133,PONER EN MARCHA UN VEHICULO SIN PRECAUCION,NO APLICA,CHOQUE,NO APLICA,NO APLICA,NO APLICA,NO APLICA,CAMIONETA,JAC,PALMIRA,PARTICULAR,NO APLICA
DAÑOS,2020-04-28, 10:00:00,MAÑANA,2_MARTES,CENTRO,CALLE 32 CARRERA 31,URBANA,TECNICO,3.52924,-76.30133,PONER EN MARCHA UN VEHICULO SIN PRECAUCION,NO APLICA,CHOQUE,NO APLICA,NO APLICA,NO APLICA,NO APLICA,MOTO,YAMAHA,TULUA,PARTICULAR,NO APLICA
HERIDOS,2020-04-27, 17:00:00,TARDE,1_LUNES,COLOMBINA,CALLE 28 CARRERA 8,URBANA,TECNICO,3.52282,-76.28343,DESOBEDECER SEÑALES,NO APLICA,CHOQUE,NO APLICA,NO APLICA,NO APLICA,NO APLICA,MOTO,YAMAHA,PRADERA,PARTICULAR,NO APLICA
HERIDOS,2020-04-27, 17:00:00,TARDE,1_LUNES,COLOMBINA,CALLE 28 CARRERA 8,URBANA,TECNICO,3.52282,-76.28343,DESOBEDECER SEÑALES,NO APLICA,CHOQUE,NO APLICA,NO APLICA,NO APLICA,NO APLICA,MOTO,HONDA,CALI,PARTICULAR,NO APLICA
HERIDOS,2020-04-27, 17:00:00,TARDE,1_LUNES,COLOMBINA,CALLE 28 CARRERA 8,URBANA,TECNICO,3.52282,-76.28343,DESOBEDECER SEÑALES,ACOMPAÑANTE MOTOCICLISTA,CHOQUE,1,NO APLICA,RAUL,NO APLICA,NO APLICA,NO APLICA,NO APLICA,NO APLICA,NO APLICA
DAÑOS,2020-04-29, 06:50:00,MAÑANA,3_MIERCOLES,BERLIN,CARRERA 30 CALLE40,URBANA,TECNICO,3.53665,-76.29899,DESOBEDECER SEÑALES,NO APLICA,CHOQUE,NO APLICA,NO APLICA,NO APLICA,NO APLICA,MOTO,KYMCO,PALMIRA,PARTICULAR,NO APLICA
DAÑOS,2020-04-29, 06:50:00,MAÑANA,3_MIERCOLES,BERLIN,CARRERA 30 CALLE40,URBANA,TECNICO,3.53665,-76.29899,DESOBEDECER SEÑALES,NO APLICA,CHOQUE,NO APLICA,NO APLICA,NO APLICA,NO APLICA,AUTOMOVIL,RENAULT,CALI,PARTICULAR,NO APLICA
DAÑOS,2020-04-29, 10:40:00,MAÑANA,3_MIERCOLES,NUEVO,CARRERA 3 CALLE23-47,URBANA,TECNICO,3.51972,-76.27946,NO ESTAR PENDIENTE DE LA VIA,NO APLICA,CHOQUE OBJETO FIJO,NO APLICA,NO APLICA,NO APLICA,NO APLICA,AUTOMOVIL,CHEVROLET,PALMIRA,PUBLICO,NO APLICA
DAÑOS,2020-04-29, 10:40:00,MAÑANA,3_MIERCOLES,NUEVO,CARRERA 3 CALLE23-47,URBANA,TECNICO,3.51972,-76.27946,NO ESTAR PENDIENTE DE LA VIA,NO APLICA,CHOQUE OBJETO FIJO,NO APLICA,NO APLICA,NO APLICA,NO APLICA,AUTOMOVIL,RENAULT,BOGOTA,PARTICULAR,NO APLICA
DAÑOS,2020-04-29, 10:40:00,MAÑANA,3_MIERCOLES,NUEVO,CARRERA 3 CALLE23-47,URBANA,TECNICO,3.51972,-76.27946,NO ESTAR PENDIENTE DE LA VIA,NO APLICA,CHOQUE OBJETO FIJO,NO APLICA,NO APLICA,NO APLICA,NO APLICA,CAMPERO,RENAULT,GUACARI,PARTICULAR,NO APLICA
DAÑOS,2020-05-01, 08:45:00,MAÑANA,5_VIERNES,SEMBRADOR,CARRERA 19 CALLE 23,URBANA,TECNICO,3.52072,-76.29097,POR ESTABLECER,NO APLICA,CHOQUE,NO APLICA,NO APLICA,NO APLICA,NO APLICA,CAMIONETA,CHEVROLET,IBAGUE,PARTICULAR,NO APLICA
DAÑOS,2020-05-01, 08:45:00,MAÑANA,5_VIERNES,SEMBRADOR,CARRERA 19 CALLE 23,URBANA,TECNICO,3.52072,-76.29097,POR ESTABLECER,NO APLICA,CHOQUE,NO APLICA,NO APLICA,NO APLICA,NO APLICA,BICICLETA,NO APLICA,NO APLICA,PARTICULAR,NO APLICA
HERIDOS,2020-05-01, 19:25:00,NOCHE,5_VIERNES,CORONADO,CARRERA 35 DIAGONAL 65,URBANA,TECNICO,3.52072,-76.29097,NO RESPETAR PRELACION,MOTOCICLISTA,CHOQUE,1,NO APLICA,PALMA,NO APLICA,MOTO,HONDA,BUGA,PARTICULAR,NO APLICA
HERIDOS,2020-05-01, 19:25:00,NOCHE,5_VIERNES,CORONADO,CARRERA 35 DIAGONAL 65,URBANA,TECNICO,3.52072,-76.29097,NO RESPETAR PRELACION,NO APLICA,CHOQUE,NO APLICA,NO APLICA,NO APLICA,NO APLICA,CAMIONETA,JAC,GUACARI,PUBLICO,NO APLICA
DAÑOS,2020-05-02, 09:25:00,MAÑANA,6_SABADO,POBLADO COMFAUNION,CALLE 47A CARRERA 13,URBANA,TECNICO,3.54314,-76.28591,FALLAS EN LAS LLANTAS,NO APLICA,CHOQUE OBJETO FIJO,NO APLICA,NO APLICA,NO APLICA,NO APLICA,AUTOMOVIL,CHEVROLET,CALI,PARTICULAR,NO APLICA
DAÑOS,2020-05-05, 11:30:00,MAÑANA,2_MARTES,SAN PEDRO,CALLE 38 CARRERA 16,URBANA,TECNICO,3.53394,-76.28835,DESOBEDECER SEÑAL,NO APLICA,CHOQUE,NO APLICA,NO APLICA,NO APLICA,NO APLICA,AUTOMOVIL,FORD,CALI,PARTICULAR,NO APLICA
DAÑOS,2020-05-05, 11:30:00,MAÑANA,2_MARTES,SAN PEDRO,CALLE 38 CARRERA 16,URBANA,TECNICO,3.53394,-76.28835,DESOBEDECER SEÑAL,NO APLICA,CHOQUE,NO APLICA,NO APLICA,NO APLICA,NO APLICA,CAMIONETA,CHEVROLET,PALMIRA,PARTICULAR,NO APLICA
DAÑOS,2020-05-04, 15:15:00,TARDE,1_LUNES,CAMPESTRE,CALLE 42 CARRERA 13,URBANA,TECNICO,3.53702,-76.28575,GIRAR BRUSCAMNETE,NO APLICA,CHOQUE,NO APLICA,NO APLICA,NO APLICA,NO APLICA,MOTO,BAJAJ,PRADERA,PARTICULAR,NO APLICA
DAÑOS,2020-05-05, 18:50:00,NOCHE,2_MARTES,URIBE,CALLE 31 CARRERA 22,URBANA,TECNICO,3.5273,-76.29376,DESOBEDECER SEÑAL,NO APLICA,CHOQUE,NO APLICA,NO APLICA,NO APLICA,NO APLICA,AUTOMOVIL,CHEVROLET,EL CERRITO,PARTICULAR,NO APLICA
DAÑOS,2020-05-05, 18:50:00,NOCHE,2_MARTES,URIBE,CALLE 31 CARRERA 22,URBANA,TECNICO,3.5273,-76.29376,DESOBEDECER SEÑAL,NO APLICA,CHOQUE,NO APLICA,NO APLICA,NO APLICA,NO APLICA,CAMIONETA,CHEVROLET,CALI,PARTICULAR,NO APLICA
HERIDOS,2020-05-08, 06:45:00,MAÑANA,5_VIERNES,LAS FLORES,CALLE 30 CARRERA 1,URBANA,TECNICO,3.52107,-76.27804,NO RESPETAR PRELACION,NO APLICA,CHOQUE,NO APLICA,NO APLICA,NO APLICA,NO APLICA,MOTO,AKT,PALMIRA,PARTICULAR,NO APLICA
HERIDOS,2020-05-08, 06:45:00,MAÑANA,5_VIERNES,LAS FLORES,CALLE 30 CARRERA 1,URBANA,TECNICO,3.52107,-76.27804,NO RESPETAR PRELACION,CICLISTA,CHOQUE,1,NO APLICA,PALMA,NO APLICA,BICICLETA,NO APLICA,NO APLICA,PARTICULAR,NO APLICA
DAÑOS,2020-05-08, 08:55:00,MAÑANA,5_VIERNES,SAN JOSE,CALLE 31 CARRERA 4EB-13,URBANA,TECNICO,3.52563,-76.27456,NO ESTAR PENDIENTE DE LA VIA,NO APLICA,CHOQUE OBJETO FIJO,NO APLICA,NO APLICA,NO APLICA,NO APLICA,MOTO,HONDA,PALMIRA,PARTICULAR,NO APLICA
DAÑOS,2020-05-08, 08:55:00,MAÑANA,5_VIERNES,SAN JOSE,CALLE 31 CARRERA 4EB-13,URBANA,TECNICO,3.52563,-76.27456,NO ESTAR PENDIENTE DE LA VIA,NO APLICA,CHOQUE OBJETO FIJO,NO APLICA,NO APLICA,NO APLICA,NO APLICA,AUTOMOVIL,CHEVROLET,BOGOTA,PARTICULAR,NO APLICA
HERIDOS,2020-05-08, 13:10:00,TARDE,5_VIERNES,RECREO,CALLE 20 CARRERA 27,URBANA,TECNICO,3.51854,-76.29929,DESOBEDECER SEÑAL,CONDUCTOR,CHOQUE,1,NO APLICA,PALMIRA,NO APLICA,AUTOMOVIL,RENAULT,CALI,PARTICULAR,NO APLICA
HERIDOS,2020-05-08, 13:10:00,TARDE,5_VIERNES,RECREO,CALLE 20 CARRERA 27,URBANA,TECNICO,3.51854,-76.29929,DESOBEDECER SEÑAL,CONDUCTOR,CHOQUE,1,NO APLICA,PALMIRA,NO APLICA,CAMIONETA,CHANGAN,CALI,PARTICULAR,NO APLICA
HERIDOS,2020-05-08, 13:10:00,TARDE,5_VIERNES,RECREO,CALLE 20 CARRERA 27,URBANA,TECNICO,3.51854,-76.29929,DESOBEDECER SEÑAL,ACOMPAÑANTE CONDUCTOR,CHOQUE,1,NO APLICA,PALMIRA,NO APLICA,NO APLICA,NO APLICA,NO APLICA,NO APLICA,NO APLICA
HERIDOS,2020-05-09, 11:20:00,MAÑANA,6_SABADO,TREBOL,CARRERA 23 CALLE 27,URBANA,TECNICO,3.52386,-76.29507,DESOBEDECER SEÑAL,MOTOCICLISTA,CHOQUE,1,NO APLICA,PALMIRA,NO APLICA,MOTO,KYMCO,PALMIRA,PARTICULAR,NO APLICA
HERIDOS,2020-05-09, 11:20:00,MAÑANA,6_SABADO,TREBOL,CARRERA 23 CALLE 27,URBANA,TECNICO,3.52386,-76.29507,DESOBEDECER SEÑAL,NO APLICA,CHOQUE,NO APLICA,NO APLICA,NO APLICA,NO APLICA,AUTOMOVIL,CHEVROLET,PEREIRA,PARTICULAR,NO APLICA
HERIDOS,2020-05-09, 11:15:00,MAÑANA,6_SABADO,PRIMERO DE MAYO,CALLE 41 CARRERA 1,URBANA,TECNICO,3.5362,-76.27746,GIRAR BRUSCAMNETE,MOTOCICLISTA,CHOQUE,1,NO APLICA,RAUL,NO APLICA,MOTO,YAMAHA,GIRARDO,PARTICULAR,NO APLICA
HERIDOS,2020-05-09, 11:15:00,MAÑANA,6_SABADO,PRIMERO DE MAYO,CALLE 41 CARRERA 1,URBANA,TECNICO,3.5362,-76.27746,GIRAR BRUSCAMNETE,MOTOCICLISTA,CHOQUE,1,NO APLICA,FRACTURAS,NO APLICA,MOTO,TVS,PALMIRA,PARTICULAR,NO APLICA
DAÑOS,2020-05-07, 20:50:00,NOCHE,4_JUEVES,INDUSTRIAL,CALLE 42 CARRERA 35,URBANA,TECNICO,3.53898,-76.30674,NO ESTAR PENDIENTE DE LA VIA,NO APLICA,CHOQUE,NO APLICA,NO APLICA,NO APLICA,NO APLICA,AUTOMOVIL,KIA,CALI,PARTICULAR,NO APLICA
DAÑOS,2020-05-07, 20:50:00,NOCHE,4_JUEVES,INDUSTRIAL,CALLE 42 CARRERA 35,URBANA,TECNICO,3.53898,-76.30674,NO ESTAR PENDIENTE DE LA VIA,NO APLICA,CHOQUE,NO APLICA,NO APLICA,NO APLICA,NO APLICA,CAMIONETA,NISSAN,S QULICHAO,PARTICULAR,NO APLICA
HERIDOS,2020-05-11, 09:20:00,MAÑANA,1_LUNES,VERSALLE S,CALLE 42 CARRERA 28,URBANA,TECNICO,3.53819,-76.29728,NO ESTAR PENDIENTE DE LA VIA,NO APLICA,CHOQUE,NO APLICA,NO APLICA,NO APLICA,NO APLICA,MOTO,BAJAJ,FLORIDA,PARTICULAR,NO APLICA
HERIDOS,2020-05-11, 09:20:00,MAÑANA,1_LUNES,VERSALLE S,CALLE 42 CARRERA 28,URBANA,TECNICO,3.53819,-76.29728,NO ESTAR PENDIENTE DE LA VIA,NO APLICA,CHOQUE,NO APLICA,NO APLICA,NO APLICA,NO APLICA,BICICLETA,NO APLICA,NO APLICA,PARTICULAR,NO APLICA
HERIDOS,2020-05-11, 09:20:00,MAÑANA,1_LUNES,VERSALLE S,CALLE 42 CARRERA 28,URBANA,TECNICO,3.53819,-76.29728,NO ESTAR PENDIENTE DE LA VIA,ACOMPAÑANTE MOTOCICLISTA,CHOQUE,1,NO APLICA,PALMIRA,NO APLICA,NO APLICA,NO APLICA,NO APLICA,NO APLICA,NO APLICA
HERIDOS,2020-05-11, 09:40:00,MAÑANA,1_LUNES,RECREO,CARRERA 28 CALLE 24,URBANA,TECNICO,3.52189,-76.29965,ADELANTAR POR LA DERECHA,MOTOCICLISTA,CHOQUE,1,NO APLICA,PALMIRA,NO APLICA,MOTO,SUZUKI,PALMIRA,PARTICULAR,NO APLICA
HERIDOS,2020-05-11, 09:40:00,MAÑANA,1_LUNES,RECREO,CARRERA 28 CALLE 24,URBANA,TECNICO,3.52189,-76.29965,ADELANTAR POR LA DERECHA,MOTOCICLISTA,CHOQUE,1,NO APLICA,PALMIRA,NO APLICA,MOTO,BAJAJ,CALI,PARTICULAR,NO APLICA
HERIDOS,2020-05-11, 13:45:00,TARDE,1_LUNES,DANUBIO,CARRERA 23 CALLE 34,URBANA,TECNICO,3.53057,-76.29415,DESOBEDECER SEÑAL,NO APLICA,CHOQUE,NO APLICA,NO APLICA,NO APLICA,NO APLICA,AUTOMOVIL,MAZDA,SABANETA,PARTICULAR,NO APLICA
HERIDOS,2020-05-11, 13:45:00,TARDE,1_LUNES,DANUBIO,CARRERA 23 CALLE 34,URBANA,TECNICO,3.53057,-76.29415,DESOBEDECER SEÑAL,MOTOCICLISTA,CHOQUE,1,NO APLICA,PALMIRA,NO APLICA,MOTO,HONDA,GUACARI,PARTICULAR,NO APLICA
DAÑOS,2020-05-12, 11:40:00,MAÑANA,2_MARTES,CUIDAD DEL CAMPO,CALLE 97 #12-91,URBANA,TECNICO,3.45583,-76.4708,REVERSO IMPRUDENTE,NO APLICA,CHOQUE,NO APLICA,NO APLICA,NO APLICA,NO APLICA,AUTOMOVIL,HYUNDAI,CALI,PARTICULAR,NO APLICA
DAÑOS,2020-05-12, 11:40:00,MAÑANA,2_MARTES,CUIDAD DEL CAMPO,CALLE 97 #12-91,URBANA,TECNICO,3.45583,-76.4708,REVERSO IMPRUDENTE,NO APLICA,CHOQUE,NO APLICA,NO APLICA,NO APLICA,NO APLICA,AUTOMOVIL,RENAULT,CALI,PARTICULAR,NO APLICA
DAÑOS,2020-05-12, 11:15:00,MAÑANA,2_MARTES,POBLADO,CALLE 43 CARRERA 13-14,URBANA,TECNICO,3.53755,-76.28573,NO MANTENER DISTANCIA,NO APLICA,CHOQUE,NO APLICA,NO APLICA,NO APLICA,NO APLICA,CAMIONETA,FORD,GUACARI,PARTICULAR,NO APLICA
DAÑOS,2020-05-12, 11:15:00,MAÑANA,2_MARTES,POBLADO,CALLE 43 CARRERA 13-14,URBANA,TECNICO,3.53755,-76.28573,NO MANTENER DISTANCIA,NO APLICA,CHOQUE,NO APLICA,NO APLICA,NO APLICA,NO APLICA,CAMION,MERCEDES,PALMIRA,PARTICULAR,NO APLICA
DAÑOS,2020-05-13, 14:10:00,TARDE,3_MIERCOLES,URIBE,CALLE 36 CARRERA 21,URBANA,TECNICO,3.53203,-76.29231,DESOBEDECER SEÑAL,NO APLICA,CHOQUE,NO APLICA,NO APLICA,NO APLICA,NO APLICA,AUTOMOVIL,KIA,PALMIRA,PUBLICO,TRANS UNIDOS
DAÑOS,2020-05-13, 14:10:00,TARDE,3_MIERCOLES,URIBE,CALLE 36 CARRERA 21,URBANA,TECNICO,3.53203,-76.29231,DESOBEDECER SEÑAL,NO APLICA,CHOQUE,NO APLICA,NO APLICA,NO APLICA,NO APLICA,AUTOMOVIL,CHEVROLET,IBAGUE,PARTICULAR,NO APLICA
MUERTO,2020-05-13, 14:20:00,TARDE,3_MIERCOLES,SAN PEDRO,CALLE 37 CARRERA 12,URBANA,TECNICO,3.53346,-76.28498,PERDIDA DE CONTROL,MOTOCICLISTA,CHOQUE OBJETO FIJO,NO APLICA,1,NO APLICA,NO APLICA,MOTO,HONDA,DOSQUEBRADAS,PARTICULAR,NO APLICA
HERIDOS,2020-05-14, 14:30:00,TARDE,4_JUEVES,ESTONIA,CARRERA 32A CALLE 44,URBANA,TECNICO,3.53989,-76.30139,DESOBEDECER SEÑAL,NO APLICA,CHOQUE,NO APLICA,NO APLICA,NO APLICA,NO APLICA,CAMIONETA,SUZUKI,PALMIRA,PARTICULAR,NO APLICA
HERIDOS,2020-05-14, 14:30:00,TARDE,4_JUEVES,ESTONIA,CARRERA 32A CALLE 44,URBANA,TECNICO,3.53989,-76.30139,DESOBEDECER SEÑAL,MOTOCICLISTA,CHOQUE,1,NO APLICA,PALMA,NO APLICA,MOTO,VICTORY,PALMIRA,PARTICULAR,NO APLICA
HERIDOS,2020-05-15, 00:05:00,MADRUGADA,5_VIERNES,RECREO,CARRERA 28 CALLE 23,URBANA,TECNICO,3.52097,-76.29982,SEMAFORO EN ROJO,NO APLICA,CHOQUE,NO APLICA,NO APLICA,NO APLICA,NO APLICA,BUS,CHEVROLET,EL CERRITO,PUBLICO,NO APLICA
HERIDOS,2020-05-15, 00:05:00,MADRUGADA,5_VIERNES,RECREO,CARRERA 28 CALLE 23,URBANA,TECNICO,3.52097,-76.29982,SEMAFORO EN ROJO,PASAJERO,CHOQUE,1,NO APLICA,PALMA,NO APLICA,NO APLICA,NO APLICA,NO APLICA,NO APLICA,NO APLICA
DAÑOS,2020-05-14, 11:30:00,MAÑANA,4_JUEVES,LOS PINOS,CARRERA 25 CALLE 41,URBANA,TECNICO,3.53674,-76.29463,DESOBEDECER SEÑAL,NO APLICA,CHOQUE,NO APLICA,NO APLICA,NO APLICA,NO APLICA,CAMIONETA,CHERRY,PALMIRA,PUBLICO,UNITAX
DAÑOS,2020-05-14, 11:30:00,MAÑANA,4_JUEVES,LOS PINOS,CARRERA 25 CALLE 41,URBANA,TECNICO,3.53674,-76.29463,DESOBEDECER SEÑAL,NO APLICA,CHOQUE,NO APLICA,NO APLICA,NO APLICA,NO APLICA,MOTO,SUZUKI,FLORIDA,PARTICULAR,NO APLICA
HERIDOS,2020-05-18, 09:40:00,MAÑANA,1_LUNES,CENTRO,CALLE 32 CARRERA 26,URBANA,TECNICO,3.52845,-76.29691,DESOBEDECER SEÑAL,MOTOCICLISTA,CHOQUE,1,NO APLICA,PALMIRA,NO APLICA,MOTO,JIANLIGN,PALMIRA,PARTICULAR,NO APLICA
HERIDOS,2020-05-18, 09:40:00,MAÑANA,1_LUNES,CENTRO,CALLE 32 CARRERA 26,URBANA,TECNICO,3.52845,-76.29691,DESOBEDECER SEÑAL,NO APLICA,CHOQUE,NO APLICA,NO APLICA,NO APLICA,NO APLICA,MOTO,BAJAJ,GUACARI,PARTICULAR,NO APLICA
HERIDOS,2020-05-18, 10:20:00,MAÑANA,1_LUNES,COLOMBINA,CARRERA 18 CALLE 31,URBANA,TECNICO,3.52687,-76.29045,ARRANCAR SIN PRECAUCION,MOTOCICLISTA,CHOQUE,1,NO APLICA,PALMIRA,NO APLICA,MOTO,SUZUKI,PALMIRA,PARTICULAR,NO APLICA
HERIDOS,2020-05-18, 10:20:00,MAÑANA,1_LUNES,COLOMBINA,CARRERA 18 CALLE 31,URBANA,TECNICO,3.52687,-76.29045,ARRANCAR SIN PRECAUCION,NO APLICA,CHOQUE,NO APLICA,NO APLICA,NO APLICA,NO APLICA,AUTOMOVIL,TOYOTA,CALI,PARTICULAR,NO APLICA
HERIDOS,2020-05-18, 17:50:00,TARDE,1_LUNES,COLOMBINA,CALLE 31 CARRERA 13,URBANA,TECNICO,3.52629,-76.28611,CRUZAR SIN OBSERVAR,NO APLICA,ATROPELLO,NO APLICA,NO APLICA,NO APLICA,NO APLICA,MOTO,KAWASAKI,FUNZA,PARTICULAR,NO APLICA
HERIDOS,2020-05-18, 17:50:00,TARDE,1_LUNES,COLOMBINA,CALLE 31 CARRERA 13,URBANA,TECNICO,3.52629,-76.28611,CRUZAR SIN OBSERVAR,PEATON,ATROPELLO,1,NO APLICA,FRACTURAS,NO APLICA,NO APLICA,NO APLICA,NO APLICA,NO APLICA,NO APLICA
HERIDOS,2020-05-19, 08:00:00,MAÑANA,2_MARTES,MERCEDES,CALLE 57 CARRERA 28-55,URBANA,TECNICO,3.54769,-76.29369,ARRANCAR POR LA DERECHA,NO APLICA,CHOQUE,NO APLICA,NO APLICA,NO APLICA,NO APLICA,MOTO,BAJAJ,GINEBRA,PARTICULAR,NO APLICA
HERIDOS,2020-05-19, 08:00:00,MAÑANA,2_MARTES,MERCEDES,CALLE 57 CARRERA 28-55,URBANA,TECNICO,3.54769,-76.29369,ARRANCAR POR LA DERECHA,MOTOCICLISTA,CHOQUE,1,NO APLICA,PALMA,NO APLICA,MOTO,HONDA,GINEBRA,PARTICULAR,NO APLICA
HERIDOS,2020-05-19, 08:00:00,MAÑANA,2_MARTES,MERCEDES,CALLE 57 CARRERA 28-55,URBANA,TECNICO,3.54769,-76.29369,ARRANCAR POR LA DERECHA,NO APLICA,CHOQUE,NO APLICA,NO APLICA,NO APLICA,NO APLICA,MOTO,HONDA,GUACARI,PARTICULAR,NO APLICA
DAÑOS,2020-05-19, 18:20:00,NOCHE,2_MARTES,ITALIA,CARRERA 24AB CALLE 6A,URBANA,TECNICO,3.50575,-76.29633,TRANSITAR EN CONTRA VIA,NO APLICA,CHOQUE,NO APLICA,NO APLICA,NO APLICA,NO APLICA,AUTOMOVIL,CHEVROLET,PALMIRA,PARTICULAR,NO APLICA
HERIDOS,2020-05-19, 19:50:00,NOCHE,2_MARTES,URIBE,CALLE 35 CARRERA 23,URBANA,TECNICO,3.53141,-76.29399,DESOBEDECER SEÑAL,MOTOCICLISTA,CHOQUE,1,NO APLICA,RAUL,NO APLICA,MOTO,HONDA,GUACARI,PARTICULAR,NO APLICA
HERIDOS,2020-05-19, 19:50:00,NOCHE,2_MARTES,URIBE,CALLE 35 CARRERA 23,URBANA,TECNICO,3.53141,-76.29399,DESOBEDECER SEÑAL,NO APLICA,CHOQUE,NO APLICA,NO APLICA,NO APLICA,NO APLICA,AUTOMOVIL,KIA,PALMIRA,PARTICULAR,NO APLICA
HERIDOS,2020-05-19, 13:30:00,TARDE,2_MARTES,URIBE,CALLE 33 CARRERA 23,URBANA,TECNICO,3.52971,-76.29426,DESOBEDECER SEÑAL,CONDUCTOR,CHOQUE,1,NO APLICA,PALMIRA,NO APLICA,CAMIONETA,CHEVROLET,EL CERRITO,PARTICULAR,NO APLICA
HERIDOS,2020-05-19, 13:30:00,TARDE,2_MARTES,URIBE,CALLE 33 CARRERA 23,URBANA,TECNICO,3.52971,-76.29426,DESOBEDECER SEÑAL,NO APLICA,CHOQUE,NO APLICA,NO APLICA,NO APLICA,NO APLICA,AUTOMOVIL,RENAULT,PALMIRA,PARTICULAR,NO APLICA
HERIDOS,2020-05-19, 13:30:00,TARDE,2_MARTES,URIBE,CALLE 33 CARRERA 23,URBANA,TECNICO,3.52971,-76.29426,DESOBEDECER SEÑAL,ACOMPAÑANTE CONDUCTOR,CHOQUE,1,NO APLICA,PALMIRA,NO APLICA,NO APLICA,NO APLICA,NO APLICA,NO APLICA,NO APLICA
HERIDOS,2020-05-19, 22:30:00,NOCHE,2_MARTES,CAMPESTRE,CALLE 42 CARRERA 9,URBANA,TECNICO,3.53698,-76.28231,DESOBEDECER SEÑAL,MOTOCICLISTA,CHOQUE,1,NO APLICA,PALMA,NO APLICA,MOTO,AKT,PALMIRA,PARTICULAR,NO APLICA
HERIDOS,2020-05-19, 22:30:00,NOCHE,2_MARTES,CAMPESTRE,CALLE 42 CARRERA 9,URBANA,TECNICO,3.53698,-76.28231,DESOBEDECER SEÑAL,NO APLICA,CHOQUE,NO APLICA,NO APLICA,NO APLICA,NO APLICA,AUTOMOVIL,CHEVROLET,CALI,PARTICULAR,NO APLICA
HERIDOS,2020-05-20, 00:45:00,MADRUGADA,3_MIERCOLES,VIA PALMIRA - GUAYABAL,KM 2 + 796 MTS,URBANA,TECNICO,3.54456,-76.26816,PERDIDA DE CONTROL,MOTOCICLISTA,VOLCAMIENTO,1,NO APLICA,PALMA,NO APLICA,MOTO,HONDA,PRADERA,PARTICULAR,NO APLICA
HERIDOS,2020-05-21, 16:15:00,TARDE,4_JUEVES,ALTAMIRA,CARRERA 19 CALLE 46,URBANA,TECNICO,3.54093,-76.29091,DESOBEDECER SEÑAL,MOTOCICLISTA,CHOQUE,1,NO APLICA,PALMA,NO APLICA,MOTO,HERO,PRADERA,PARTICULAR,NO APLICA
HERIDOS,2020-05-21, 16:15:00,TARDE,4_JUEVES,ALTAMIRA,CARRERA 19 CALLE 46,URBANA,TECNICO,3.54093,-76.29091,DESOBEDECER SEÑAL,NO APLICA,CHOQUE,NO APLICA,NO APLICA,NO APLICA,NO APLICA,MOTO,SUZUKI,PALMIRA,PARTICULAR,NO APLICA
DAÑOS,2020-05-22, 06:40:00,MAÑANA,5_VIERNES,LAS PALMERAS,CALLE 35 CARRERA 1,URBANA,TECNICO,3.5311,-76.27731,GIRAR EN U,NO APLICA,CHOQUE,NO APLICA,NO APLICA,NO APLICA,NO APLICA,BUS,HINO,CAJICA,PARTICULAR,NO APLICA
DAÑOS,2020-05-22, 06:40:00,MAÑANA,5_VIERNES,LAS PALMERAS,CALLE 35 CARRERA 1,URBANA,TECNICO,3.5311,-76.27731,GIRAR EN U,NO APLICA,CHOQUE,NO APLICA,NO APLICA,NO APLICA,NO APLICA,MOTO,KEEWAY,PRADERA,PARTICULAR,NO APLICA
DAÑOS,2020-05-22, 12:50:00,TARDE,5_VIERNES,CENTRO,CALLE 31 CARRERA 33A,URBANA,TECNICO,3.52876,-76.30431,NO MANTENER DISTANCIA,NO APLICA,CHOQUE,NO APLICA,NO APLICA,NO APLICA,NO APLICA,MOTO,HONDA,HONDA,PARTICULAR,NO APLICA