GRAVEDAD,FECHA,HORA,JORNADA,DIA_SEMANA,BARRIOS_CORREGIMIENTO_VIA,DIRECCION,ZONA,AUTORIDAD,LAT,LONG,HIPOTESIS,CONDICION_DE_LA_VICTIMA,CLASE_DE_SINIESTRO,LESIONADO,HOMICIDIOS,CLINICA,SITIO,CLASE_DE_VEHICULO,MARCA,MATRICULA,TIPO_DE_SERVICIO,EMPRESA
DAÑOS,2020-05-22, 12:50:00,TARDE,5_VIERNES,CENTRO,CALLE 31 CARRERA 33A,URBANA,TECNICO,3.52876,-76.30431,NO MANTENER DISTANCIA,NO APLICA,CHOQUE,NO APLICA,NO APLICA,NO APLICA,NO APLICA,AUTOMOVIL,VOLKSWAGEN,CALI,PARTICULAR,NO APLICA
DAÑOS,2020-05-22, 12:50:00,TARDE,5_VIERNES,CENTRO,CALLE 31 CARRERA 33A,URBANA,TECNICO,3.52876,-76.30431,NO MANTENER DISTANCIA,NO APLICA,CHOQUE,NO APLICA,NO APLICA,NO APLICA,NO APLICA,CAMIONETA,CHEVROLET,COTA,PUBLICO,NO APLICA
HERIDOS,2020-05-22, 14:20:00,TARDE,5_VIERNES,URIBE,CARRERA 21 CALLE 34,URBANA,TECNICO,3.53032,-76.29252,DESOBEDECER SEÑAL,MOTOCICLISTA,CHOQUE,1,NO APLICA,PALMIRA,NO APLICA,MOTO,YAMAHA,IBAGUE,PARTICULAR,NO APLICA
HERIDOS,2020-05-22, 14:20:00,TARDE,5_VIERNES,URIBE,CARRERA 21 CALLE 34,URBANA,TECNICO,3.53032,-76.29252,DESOBEDECER SEÑAL,NO APLICA,CHOQUE,NO APLICA,NO APLICA,NO APLICA,NO APLICA,AUTOMOVIL,KIA,PALMIRA,PARTICULAR,NO APLICA
DAÑOS,2020-05-22, 14:50:00,TARDE,5_VIERNES,URIBE,CARRERA 21 CALLE 34 -19,URBANA,TECNICO,3.53072,-76.2925,DESOBEDECER SEÑAL,NO APLICA,CHOQUE,NO APLICA,NO APLICA,NO APLICA,NO APLICA,MOTO,HONDA,PRADERA,PARTICULAR,NO APLICA
DAÑOS,2020-05-22, 14:50:00,TARDE,5_VIERNES,URIBE,CARRERA 21 CALLE 34 -19,URBANA,TECNICO,3.53072,-76.2925,DESOBEDECER SEÑAL,NO APLICA,CHOQUE,NO APLICA,NO APLICA,NO APLICA,NO APLICA,CAMIONETA,HYUNDAI,MOSQUERA,PUBLICO,NO APLICA
DAÑOS,2020-05-22, 15:20:00,TARDE,5_VIERNES,SANTA RITA,CARRERA 27 CALLE 38,URBANA,TECNICO,3.53466,-76.29674,DESOBEDECER SEÑAL,NO APLICA,CHOQUE,NO APLICA,NO APLICA,NO APLICA,NO APLICA,AUTOMOVIL,RENAULT,TULUA,PARTICULAR,NO APLICA
DAÑOS,2020-05-22, 15:20:00,TARDE,5_VIERNES,SANTA RITA,CARRERA 27 CALLE 38,URBANA,TECNICO,3.53466,-76.29674,DESOBEDECER SEÑAL,NO APLICA,CHOQUE,NO APLICA,NO APLICA,NO APLICA,NO APLICA,AUTOMOVIL,CHEVROLET,CALI,PARTICULAR,NO APLICA
HERIDOS,2020-05-22, 16:00:00,TARDE,5_VIERNES,SANTA RITA,CALLE 33CARRERA27,URBANA,TECNICO,3.53017,-76.29744,SEMAFORO EN ROJO,MOTOCICLISTA,CHOQUE,1,NO APLICA,FRACTURAS,NO APLICA,MOTO,HONDA,GUACARI,PARTICULAR,NO APLICA
HERIDOS,2020-05-22, 16:00:00,TARDE,5_VIERNES,SANTA RITA,CALLE 33CARRERA27,URBANA,TECNICO,3.53017,-76.29744,SEMAFORO EN ROJO,MOTOCICLISTA,CHOQUE,1,NO APLICA,FRACTURAS,NO APLICA,MOTO,HONDA,FLORIDA,PARTICULAR,NO APLICA
HERIDOS,2020-05-22, 16:00:00,TARDE,5_VIERNES,SANTA RITA,CALLE 33CARRERA27,URBANA,TECNICO,3.53017,-76.29744,SEMAFORO EN ROJO,ACOMPAÑANTE MOTOCICLISTA,CHOQUE,1,NO APLICA,FRACTURAS,NO APLICA,NO APLICA,NO APLICA,NO APLICA,NO APLICA,NO APLICA
HERIDOS,2020-05-22, 18:15:00,NOCHE,5_VIERNES,FRAY LUIS,CALLE 42 CARRERA 47-15,URBANA,TECNICO,3.53874,-76.31624,CRUZAR SIN OBSERVAR,MOTOCICLISTA,ATROPELLO,1,NO APLICA,PALMA,NO APLICA,MOTO,HONDA,FLORIDA,PARTICULAR,NO APLICA
HERIDOS,2020-05-22, 18:15:00,NOCHE,5_VIERNES,FRAY LUIS,CALLE 42 CARRERA 47-15,URBANA,TECNICO,3.53874,-76.31624,CRUZAR SIN OBSERVAR,PEATON,ATROPELLO,NO APLICA,1,PALMA,NO APLICA,NO APLICA,NO APLICA,NO APLICA,NO APLICA,NO APLICA
HERIDOS,2020-05-22, 19:15:00,NOCHE,5_VIERNES,BOSQUE,CALLE 31 CARRERA 13-11,URBANA,TECNICO,3.52636,-76.28654,FALLAS EN LAS LLANTAS,MOTOCICLISTA,VOLCAMIENTO,1,NO APLICA,PALMA,NO APLICA,MOTO,HONDA,PALMIRA,PARTICULAR,NO APLICA
HERIDOS,2020-05-22, 19:15:00,NOCHE,5_VIERNES,BOSQUE,CALLE 31 CARRERA 13-11,URBANA,TECNICO,3.52636,-76.28654,FALLAS EN LAS LLANTAS,ACOMPAÑANTE MOTOCICLISTA,VOLCAMIENTO,1,NO APLICA,PALMA,NO APLICA,NO APLICA,NO APLICA,NO APLICA,NO APLICA,NO APLICA
HERIDOS,2020-05-23, 09:30:00,MAÑANA,6_SABADO,COLOMBIA,CALLE 32 CARRERA 33,URBANA,TECNICO,3.52958,-76.30314,DESOBEDECER SEÑAL,MOTOCICLISTA,CHOQUE,1,NO APLICA,FRACTURAS,NO APLICA,MOTO,HONDA,GUADALAJARA,PARTICULAR,NO APLICA
HERIDOS,2020-05-24, 09:30:00,MAÑANA,6_SABADO,COLOMBIA,CALLE 32 CARRERA 33,URBANA,TECNICO,3.52958,-76.30314,DESOBEDECER SEÑAL,NO APLICA,CHOQUE,NO APLICA,NO APLICA,NO APLICA,NO APLICA,CAMIONETA,FORD,BOGOTA,PARTICULAR,NO APLICA
HERIDOS,2020-05-24, 09:30:00,MAÑANA,7_DOMINGO,COLOMBIA,CARRERA 32 CALLE 37,URBANA,TECNICO,3.53416,-76.30145,DESOBEDECER SEÑAL,MOTOCICLISTA,CHOQUE,1,NO APLICA,PALMA,NO APLICA,MOTO,AKT,GINEBRA,PARTICULAR,NO APLICA
HERIDOS,2020-05-24, 09:30:00,MAÑANA,7_DOMINGO,COLOMBIA,CARRERA 32 CALLE 37,URBANA,TECNICO,3.53416,-76.30145,DESOBEDECER SEÑAL,NO APLICA,CHOQUE,NO APLICA,NO APLICA,NO APLICA,NO APLICA,VOLQUETA,INTERNATIONAL,PUERTO TEJADA,PARTICULAR,NO APLICA
MUERTO,2020-05-25, 06:20:00,MAÑANA,1_LUNES,CENTRO POBLADO MATAPALOS,SANJON VARELA 23 MTS,RURAL,TECNICO,3.58519,-76.42845,PERDIDA DEL CONTRO,MOTOCICLISTA,CHOQUE,NO APLICA,1,NO APLICA,NO APLICA,MOTO,HONDA,GUADALAJARA,PARTICULAR,NO APLICA
DAÑOS,2020-05-26, 08:00:00,MAÑANA,2_MARTES,NUEVO,CALLE 18 CARRERA 31,URBANA,TECNICO,3.51709,-76.30349,DESOBEDECER SEÑAL,NO APLICA,CHOQUE,NO APLICA,NO APLICA,NO APLICA,NO APLICA,CAMPERO,RENAULT,ENVIGADO,PARTICULAR,NO APLICA
DAÑOS,2020-05-26, 08:00:00,MAÑANA,2_MARTES,NUEVO,CALLE 18 CARRERA 31,URBANA,TECNICO,3.51709,-76.30349,DESOBEDECER SEÑAL,NO APLICA,CHOQUE,NO APLICA,NO APLICA,NO APLICA,NO APLICA,MOTO,HONDA,CALI,PARTICULAR,NO APLICA
HERIDOS,2020-05-26, 16:00:00,TARDE,2_MARTES,CENTRO POBLADO POTRERILLO,AVENIDAD 4  KM 8-104,RURAL,TECNICO,3.55447,-76.20194,INVADIR CARRIL,NO APLICA,CHOQUE,NO APLICA,NO APLICA,NO APLICA,NO APLICA,CAMION,CHEVROLET,CHOCONTA,PARTICULAR,NO APLICA
HERIDOS,2020-05-26, 16:00:00,TARDE,2_MARTES,CENTRO POBLADO POTRERILLO,AVENIDAD 4  KM 8-104,RURAL,TECNICO,3.55447,-76.20194,INVADIR CARRIL,MOTOCICLISTA,CHOQUE,1,NO APLICA,PALMA,NO APLICA,MOTO,AKT,DOSQUEBRADAS,PARTICULAR,NO APLICA
DAÑOS,2020-05-27, 12:10:00,TARDE,3_MIERCOLES,LA EMILIA,CARRERA 35 CALLE 40-280,URBANA,TECNICO,3.53759,-76.30647,CAMBIO DE CARIL CON O SIN INDICACION,NO APLICA,CHOQUE,NO APLICA,NO APLICA,NO APLICA,NO APLICA,CAMIONETA,TOYOTA,CALI,PARTICULAR,NO APLICA
DAÑOS,2020-05-27, 12:10:00,TARDE,3_MIERCOLES,LA EMILIA,CARRERA 35 CALLE 40-280,URBANA,TECNICO,3.53759,-76.30647,CAMBIO DE CARIL CON O SIN INDICACION,NO APLICA,CHOQUE,NO APLICA,NO APLICA,NO APLICA,NO APLICA,CAMION,CHEVROLET,BOGOTA,PUBLICO,NO APLICA
DAÑOS,2020-05-27, 11:20:00,MAÑANA,3_MIERCOLES,URIBE,CALLE 34 CARRERA 25,URBANA,TECNICO,3.53078,-76.2957,DESOBEDECER SEÑAL,NO APLICA,CHOQUE,NO APLICA,NO APLICA,NO APLICA,NO APLICA,AUTOMOVIL,KIA,CALI,PARTICULAR,NO APLICA
DAÑOS,2020-05-27, 11:20:00,MAÑANA,3_MIERCOLES,URIBE,CALLE 34 CARRERA 25,URBANA,TECNICO,3.53078,-76.2957,DESOBEDECER SEÑAL,NO APLICA,CHOQUE,NO APLICA,NO APLICA,NO APLICA,NO APLICA,AUTOMOVIL,HYUNDAI,PALMIRA,PUBLICO,NO APLICA
DAÑOS,2020-05-28, 07:00:00,MAÑANA,4_JUEVES,OBRERO,CALLE 36 CARRERA 26,URBANA,TECNICO,3.53254,-76.2963,DESOBEDECER SEÑAL,NO APLICA,CHOQUE,NO APLICA,NO APLICA,NO APLICA,NO APLICA,MOTO,HERO,QUIMBQYA,PARTICULAR,NO APLICA
DAÑOS,2020-05-28, 07:00:00,MAÑANA,4_JUEVES,OBRERO,CALLE 36 CARRERA 26,URBANA,TECNICO,3.53254,-76.2963,DESOBEDECER SEÑAL,NO APLICA,CHOQUE,NO APLICA,NO APLICA,NO APLICA,NO APLICA,AUTOMOVIL,KIA,CALI,PARTICULAR,NO APLICA
DAÑOS,2020-05-29, 07:00:00,MAÑANA,5_VIERNES,CENTRO,CARRERA 28 CALLE 29-15,URBANA,TECNICO,3.52641,-76.29902,NO ESTAR PENDIENTE DE LA VIA,NO APLICA,CHOQUE,NO APLICA,NO APLICA,NO APLICA,NO APLICA,MOTO,VICTORY,PALMIRA,PARTICULAR,NO APLICA
DAÑOS,2020-05-29, 07:00:00,MAÑANA,5_VIERNES,CENTRO,CARRERA 28 CALLE 29-15,URBANA,TECNICO,3.52641,-76.29902,NO ESTAR PENDIENTE DE LA VIA,NO APLICA,CHOQUE,NO APLICA,NO APLICA,NO APLICA,NO APLICA,MOTO,YAMAHA,PRADERA,PARTICULAR,NO APLICA
HERIDOS,2020-05-28, 14:20:00,TARDE,4_JUEVES,BIZERTA,CALLE 37 CARRERA22,URBANA,TECNICO,3.53299,-76.29303,DESOBEDECER SEÑAL,NO APLICA,CHOQUE,NO APLICA,NO APLICA,NO APLICA,NO APLICA,AUTOMOVIL,KIA,PALMIRA,PARTICULAR,UNITAX
HERIDOS,2020-05-28, 14:20:00,TARDE,4_JUEVES,BIZERTA,CALLE 37 CARRERA22,URBANA,TECNICO,3.53299,-76.29303,DESOBEDECER SEÑAL,NO APLICA,CHOQUE,NO APLICA,NO APLICA,NO APLICA,NO APLICA,AUTOMOVIL,NISSAN,FUNZA,PARTICULAR,NO APLICA
HERIDOS,2020-05-28, 14:20:00,TARDE,4_JUEVES,BIZERTA,CALLE 37 CARRERA22,URBANA,TECNICO,3.53299,-76.29303,DESOBEDECER SEÑAL,PASAJERO,CHOQUE,1,NO APLICA,PALMIRA,NO APLICA,NO APLICA,NO APLICA,NO APLICA,NO APLICA,NO APLICA
HERIDOS,2020-05-28, 14:30:00,TARDE,4_JUEVES,URIBE,CALLE 33 CARRERA 23,URBANA,TECNICO,3.52971,-76.29427,DESOBEDECER SEÑAL,MOTOCICLISTA,CHOQUE,1,NO APLICA,PALMIRA,NO APLICA,MOTO,HERO,FLORIDA,PARTICULAR,NO APLICA
HERIDOS,2020-05-28, 14:30:00,TARDE,4_JUEVES,URIBE,CALLE 33 CARRERA 23,URBANA,TECNICO,3.52971,-76.29427,DESOBEDECER SEÑAL,NO APLICA,CHOQUE,NO APLICA,NO APLICA,NO APLICA,NO APLICA,MOTO,YAMAHA,TULUA,PARTICULAR,NO APLICA
HERIDOS,2020-05-28, 17:30:00,TARDE,4_JUEVES,COLOMBINA,CALLE 29 CARRERA 13,URBANA,TECNICO,3.52457,-76.28664,DESOBEDECER SEÑAL,MOTOCICLISTA,CHOQUE,1,NO APLICA,PALMIRA,NO APLICA,MOTO,SUZUKI,PRADERA,PARTICULAR,NO APLICA
HERIDOS,2020-05-28, 17:30:00,TARDE,4_JUEVES,COLOMBINA,CALLE 29 CARRERA 13,URBANA,TECNICO,3.52457,-76.28664,DESOBEDECER SEÑAL,NO APLICA,CHOQUE,NO APLICA,NO APLICA,NO APLICA,NO APLICA,CAMIONETA,CHEVROLET,PALMIRA,OFICIAL,NO APLICA
DAÑOS,2020-05-29, 18:00:00,NOCHE,4_JUEVES,SESQUI,CARRERA 32 CALLE 8,URBANA,TECNICO,3.50673,-76.31264,NO MANTENER DISTANCIA,NO APLICA,CHOQUE,NO APLICA,NO APLICA,NO APLICA,NO APLICA,AUTOMOVIL,NISSAN,CALI,PARTICULAR,NO APLICA
DAÑOS,2020-05-29, 18:00:00,NOCHE,4_JUEVES,SESQUI,CARRERA 32 CALLE 8,URBANA,TECNICO,3.50673,-76.31264,NO MANTENER DISTANCIA,NO APLICA,CHOQUE,NO APLICA,NO APLICA,NO APLICA,NO APLICA,MOTO,SUZUKI,PALMIRA,PARTICULAR,NO APLICA
HERIDOS,2020-05-29, 12:50:00,TARDE,4_JUEVES,ALAMEDA,CARRERA 26 CALLE 69 D,URBANA,TECNICO,3.55522,-76.28904,TRANSITAR EN CONTRA VIA,MOTOCICLISTA,CHOQUE,1,NO APLICA,PALMIRA,NO APLICA,MOTO,BAJAJ,PALMIRA,PARTICULAR,NO APLICA
HERIDOS,2020-05-29, 12:50:00,TARDE,4_JUEVES,ALAMEDA,CARRERA 26 CALLE 69 D,URBANA,TECNICO,3.55522,-76.28904,TRANSITAR EN CONTRA VIA,MOTOCICLISTA,CHOQUE,1,NO APLICA,PALMA,NO APLICA,MOTO,AKT,BUENAVENTURA,PARTICULAR,NO APLICA
HERIDOS,2020-05-29, 12:50:00,TARDE,4_JUEVES,ALAMEDA,CARRERA 26 CALLE 69 D,URBANA,TECNICO,3.55522,-76.28904,TRANSITAR EN CONTRA VIA,ACOMPAÑANTE MOTOCICLISTA,CHOQUE,1,NO APLICA,PALMIRA,NO APLICA,NO APLICA,NO APLICA,NO APLICA,NO APLICA,NO APLICA
DAÑOS,2020-05-31, 20:45:00,NOCHE,7_DOMINGO,NUEVO,CALLE 23 CARRERA 33A-34,URBANA,TECNICO,3.52166,-76.30497,NO MANTENER DISTANCIA,NO APLICA,CHOQUE,NO APLICA,NO APLICA,NO APLICA,NO APLICA,AUTOMOVIL,MAZDA,BOGOTA,PARTICULAR,NO APLICA
DAÑOS,2020-05-31, 20:45:00,NOCHE,7_DOMINGO,NUEVO,CALLE 23 CARRERA 33A-34,URBANA,TECNICO,3.52166,-76.30497,NO MANTENER DISTANCIA,NO APLICA,CHOQUE,NO APLICA,NO APLICA,NO APLICA,NO APLICA,CAMIONETA,RENAULT,CALI,PARTICULAR,NO APLICA
DAÑOS,2020-05-31, 13:20:00,TARDE,7_DOMINGO,ESPERANZA,CALLE 58B CARRERA 34C,URBANA,TECNICO,3.54912,-76.3049,TRANSITAR EN CONTRA VIA,NO APLICA,CHOQUE,NO APLICA,NO APLICA,NO APLICA,NO APLICA,BUS,HINO,GUACARI,PARTICULAR,NO APLICA
DAÑOS,2020-05-31, 13:20:00,TARDE,7_DOMINGO,ESPERANZA,CALLE 58B CARRERA 34C,URBANA,TECNICO,3.54912,-76.3049,TRANSITAR EN CONTRA VIA,NO APLICA,CHOQUE,NO APLICA,NO APLICA,NO APLICA,NO APLICA,AUTOMOVIL,CHEVROLET,EL CERRITO,PARTICULAR,NO APLICA
HERIDOS,2020-05-24, 18:45:00,NOCHE,7_DOMINGO,RECREO,CALLE 22 CARRERA 25,URBANA,TECNICO,3.51993,-76.2974,DESOBEDECER SEÑAL,NO APLICA,CHOQUE,NO APLICA,NO APLICA,NO APLICA,NO APLICA,CAMIONETA,FORD,BUGA,PARTICULAR,NO APLICA
HERIDOS,2020-05-24, 18:45:00,NOCHE,7_DOMINGO,RECREO,CALLE 22 CARRERA 25,URBANA,TECNICO,3.51993,-76.2974,DESOBEDECER SEÑAL,MOTOCICLISTA,CHOQUE,1,NO APLICA,PALMIRA,NO APLICA,MOTO,NO APLICA,NO APLICA,PARTICULAR,NO APLICA
DAÑOS,2020-05-30, 17:30:00,TARDE,6_SABADO,ITALIA,CALLE 6A CARRERA 29C,URBANA,TECNICO,3.50523,-76.30328,SOBRE PASR UN VEHICULO,NO APLICA,CHOQUE,NO APLICA,NO APLICA,NO APLICA,NO APLICA,AUTOMOVIL,SUZUKI,CALI,PARTICULAR,NO APLICA
DAÑOS,2020-05-30, 15:40:00,TARDE,6_SABADO,URIBE,CALLE 35 CARRERA 20,URBANA,TECNICO,3.53109,-76.29158,DESOBEDECER SEÑAL,NO APLICA,CHOQUE,NO APLICA,NO APLICA,NO APLICA,NO APLICA,CAMIONETA,CHEVROLET,PALMIRA,PARTICULAR,NO APLICA
DAÑOS,2020-05-30, 15:40:00,TARDE,6_SABADO,URIBE,CALLE 35 CARRERA 20,URBANA,TECNICO,3.53109,-76.29158,DESOBEDECER SEÑAL,NO APLICA,CHOQUE,NO APLICA,NO APLICA,NO APLICA,NO APLICA,AUTOMOVIL,VOLKSWAGEN,BOGOTA,PARTICULAR,NO APLICA
DAÑOS,2020-06-01, 08:00:00,MAÑANA,1_LUNES,INDUSTRIAL,CARRERA 35 CALLE 46-47,URBANA,TECNICO,3.54174,-76.30729,NO MANTENER DISTANCIA,NO APLICA,CHOQUE,NO APLICA,NO APLICA,NO APLICA,NO APLICA,CAMIONETA,CHEVROLET,GUACARI,PARTICULAR,NO APLICA
HERIDOS,2020-06-01, 17:30:00,TARDE,1_LUNES,SAN PEDRO,CALLE 37 CARRERA 17,URBANA,TECNICO,3.53292,-76.28903,GIRAR BRUSCAMENTE,MOTOCICLISTA,CHOQUE,1,NO APLICA,PALMA,NO APLICA,MOTO,HERO,PRADERA,PARTICULAR,NO APLICA
HERIDOS,2020-06-01, 18:30:00,NOCHE,1_LUNES,SAN PEDRO,CALLE 37 CARRERA 17,URBANA,TECNICO,3.53292,-76.28903,GIRAR BRUSCAMENTE,MOTOCICLISTA,CHOQUE,1,NO APLICA,RAUL,NO APLICA,MOTO,SUZUKI,CHINCHINA,PARTICULAR,NO APLICA
DAÑOS,2020-06-02, 07:40:00,MAÑANA,2_MARTES,FRAY LUIS,CALLE 42 CARRERA 49,URBANA,TECNICO,3.53873,-76.31779,FALLAS EN LAS LLANTA,NO APLICA,CHOQUE OBJETO FIJO,NO APLICA,NO APLICA,NO APLICA,NO APLICA,AUTOMOVIL,CHEVROLET,CALI,PARTICULAR,NO APLICA
HERIDOS,2020-06-02, 08:40:00,MAÑANA,2_MARTES,EMILIA,CARRERA 38 CALLE 40,URBANA,TECNICO,3.53673,-76.30879,DESOBEDECER SEÑALES,MOTOCICLISTA,CHOQUE,1,NO APLICA,RAUL,NO APLICA,MOTO,TONGKO,CALI,PARTICULAR,NO APLICA
HERIDOS,2020-06-02, 08:40:00,MAÑANA,2_MARTES,EMILIA,CARRERA 38 CALLE 40,URBANA,TECNICO,3.53673,-76.30879,DESOBEDECER SEÑALES,MOTOCICLISTA,CHOQUE,1,NO APLICA,RAUL,NO APLICA,MOTO,AKT,FLORIDA,PARTICULAR,NO APLICA
DAÑOS,2020-06-02, 16:00:00,TARDE,2_MARTES,BIZERTA,CALLE 37 CARRERA 23,URBANA,TECNICO,3.53307,-76.2937,DESOBEDECER SEÑALES,NO APLICA,CHOQUE,NO APLICA,NO APLICA,NO APLICA,NO APLICA,CAMIONETA,KIA,CALI,PARTICULAR,NO APLICA
HERIDOS,2020-06-05, 09:30:00,MAÑANA,5_VIERNES,COLOMBINA,CALLE 28 CARRERA15,URBANA,TECNICO,3.52403,-76.28808,DESOBEDECER SEÑALES,MOTOCICLISTA,CHOQUE,1,NO APLICA,PALMA,NO APLICA,MOTO,HONDA,JAMUNDI,PARTICULAR,NO APLICA
DAÑOS,2020-06-02, 16:00:00,TARDE,2_MARTES,BIZERTA,CALLE 37 CARRERA 23,URBANA,TECNICO,3.53307,-76.2937,DESOBEDECER SEÑALES,NO APLICA,CHOQUE,NO APLICA,NO APLICA,NO APLICA,NO APLICA,MOTO,SUZUKI,JAMUNDI,PARTICULAR,NO APLICA
DAÑOS,2020-06-01, 16:00:00,TARDE,1_LUNES,NUEVO,CALLE 23 CARRERA31,URBANA,TECNICO,3.52143,-76.30264,ARRANCAR SIN PRECAUCION,NO APLICA,CHOQUE,NO APLICA,NO APLICA,NO APLICA,NO APLICA,CAMPERO,TOYOTA,PALMIRA,PARTICULAR,NO APLICA
DAÑOS,2020-06-01, 16:00:00,TARDE,1_LUNES,NUEVO,CALLE 23 CARRERA31,URBANA,TECNICO,3.52143,-76.30264,ARRANCAR SIN PRECAUCION,NO APLICA,CHOQUE,NO APLICA,NO APLICA,NO APLICA,NO APLICA,BUS,YOTONG,TURBACO,PUBLICO,TRANS SOTRANCE
HERIDOS,2020-06-02, 18:50:00,NOCHE,2_MARTES,LOS PINOS,CALLE 42 CAEERA 25,URBANA,TECNICO,3.53755,-76.2945,SEMAFORO EN ROJO,MOTOCICLISTA,CHOQUE,1,NO APLICA,PALMA,NO APLICA,MOTO,AUTECO,PALMIRA,PARTICULAR,NO APLICA
HERIDOS,2020-06-02, 18:50:00,NOCHE,2_MARTES,LOS PINOS,CALLE 42 CAEERA 25,URBANA,TECNICO,3.53755,-76.2945,SEMAFORO EN ROJO,NO APLICA,CHOQUE,NO APLICA,NO APLICA,NO APLICA,NO APLICA,MOTO,HONDA,DOSQUEBRADAS,PARTICULAR,NO APLICA
HERIDOS,2020-06-02, 18:50:00,NOCHE,2_MARTES,LOS PINOS,CALLE 42 CAEERA 25,URBANA,TECNICO,3.53755,-76.2945,SEMAFORO EN ROJO,ACOMPAÑANTE MOTOCICLISTA,CHOQUE,1,NO APLICA,PALMA,NO APLICA,NO APLICA,NO APLICA,NO APLICA,NO APLICA,NO APLICA
DAÑOS,2020-06-02, 15:50:00,TARDE,2_MARTES,COLOMBIA,CALLE 33 CARRERA 34,URBANA,TECNICO,3.5312,-76.30407,ADELANTAR POR  LA DERECHA,NO APLICA,CHOQUE,NO APLICA,NO APLICA,NO APLICA,NO APLICA,MOTO,YAMAHA,PALMIRA,PARTICULAR,NO APLICA
DAÑOS,2020-06-02, 15:50:00,TARDE,2_MARTES,COLOMBIA,CALLE 33 CARRERA 34,URBANA,TECNICO,3.5312,-76.30407,ADELANTAR POR  LA DERECHA,NO APLICA,CHOQUE,NO APLICA,NO APLICA,NO APLICA,NO APLICA,MOTO,AKT,CALI,PARTICULAR,NO APLICA
HERIDOS,2020-06-02, 22:20:00,NOCHE,2_MARTES,SANTA RITA,CALLE 36 CARRERA 27,URBANA,TECNICO,3.5326,-76.29703,NO  RESPETAR PRELACION,MOTOCICLISTA,CHOQUE,1,NO APLICA,PALMIRA,NO APLICA,MOTO,HERO,FLORIDA,PARTICULAR,NO APLICA
HERIDOS,2020-06-02, 22:20:00,NOCHE,2_MARTES,SANTA RITA,CALLE 36 CARRERA 27,URBANA,TECNICO,3.5326,-76.29703,NO  RESPETAR PRELACION,CONDUCTOR,CHOQUE,1,NO APLICA,PALMIRA,NO APLICA,AUTOMOVIL,RENAULT,CALI,PARTICULAR,NO APLICA
DAÑOS,2020-06-03, 17:40:00,TARDE,3_MIERCOLES,SANTA BARBARA,PUENTE LA Y,URBANA,TECNICO,3.52813,-76.32621,INVADIR CARRIL DE SENTIDO CONTRARIO,NO APLICA,CHOQUE,NO APLICA,NO APLICA,NO APLICA,NO APLICA,AUTOMOVIL,CHEVROLET,EL CERRITO,PARTICULAR,NO APLICA
DAÑOS,2020-06-03, 17:40:00,TARDE,3_MIERCOLES,SANTA BARBARA,PUENTE LA Y,URBANA,TECNICO,3.52813,-76.32621,INVADIR CARRIL DE SENTIDO CONTRARIO,NO APLICA,CHOQUE,NO APLICA,NO APLICA,NO APLICA,NO APLICA,MOTO,AKT,CALI,PARTICULAR,NO APLICA
HERIDOS,2020-06-03, 18:40:00,NOCHE,3_MIERCOLES,ALTAMIRA,CALLE 46 CARRERA 27-58,URBANA,TECNICO,3.54118,-76.29604,IMPERICIA EN EL MANEJO,MOTOCICLISTA,CHOQUE,1,NO APLICA,PALMA,NO APLICA,MOTO,YAMAHA,MIRANDA,PARTICULAR,NO APLICA
HERIDOS,2020-06-03, 18:40:00,NOCHE,3_MIERCOLES,ALTAMIRA,CALLE 46 CARRERA 27-58,URBANA,TECNICO,3.54118,-76.29604,IMPERICIA EN EL MANEJO,NO APLICA,CHOQUE,NO APLICA,NO APLICA,NO APLICA,NO APLICA,AUTOMOVIL,VOLKSWAGEN,CALI,PARTICULAR,NO APLICA
DAÑOS,2020-06-04, 13:50:00,TARDE,4_JUEVES,INDUSTRIAL,CALLE 42 CARRERA 35 SUR,URBANA,TECNICO,3.53875,-76.30632,NO MANTENER DISTANCIA,NO APLICA,CHOQUE,NO APLICA,NO APLICA,NO APLICA,NO APLICA,CAMIONETA,CHEVROLET,GUACARI,PARTICULAR,NO APLICA
DAÑOS,2020-06-04, 13:50:00,TARDE,4_JUEVES,INDUSTRIAL,CALLE 42 CARRERA 35 SUR,URBANA,TECNICO,3.53875,-76.30632,NO MANTENER DISTANCIA,NO APLICA,CHOQUE,NO APLICA,NO APLICA,NO APLICA,NO APLICA,AUTOMOVIL,RENAULT,PALMIRA,PARTICULAR,NO APLICA
DAÑOS,2020-06-04, 16:10:00,TARDE,4_JUEVES,CENTRO,CALLE 31 CARRERA 23,URBANA,TECNICO,3.52743,-76.29461,ARRANCAR SIN PRECAUCION,NO APLICA,CHOQUE,NO APLICA,NO APLICA,NO APLICA,NO APLICA,MOTO,KYMCO,PRADERA,PARTICULAR,NO APLICA
DAÑOS,2020-06-04, 16:10:00,TARDE,4_JUEVES,CENTRO,CALLE 31 CARRERA 23,URBANA,TECNICO,3.52743,-76.29461,ARRANCAR SIN PRECAUCION,NO APLICA,CHOQUE,NO APLICA,NO APLICA,NO APLICA,NO APLICA,AUTOMOVIL,CHEVROLET,CALI,PARTICULAR,NO APLICA