GRAVEDAD,FECHA,HORA,JORNADA,DIA_SEMANA,BARRIOS_CORREGIMIENTO_VIA,DIRECCION,ZONA,AUTORIDAD,LAT,LONG,HIPOTESIS,CONDICION_DE_LA_VICTIMA,CLASE_DE_SINIESTRO,LESIONADO,HOMICIDIOS,CLINICA,SITIO,CLASE_DE_VEHICULO,MARCA,MATRICULA,TIPO_DE_SERVICIO,EMPRESA
HERIDOS,2020-06-04, 15:40:00,TARDE,4_JUEVES,COLOMBIA,CALLE 33 CARRERA 30,URBANA,TECNICO,3.53059,-76.30011,DESOBEDECER SEÑALES,MOTOCICLISTA,CHOQUE,1,NO APLICA,RAUL,NO APLICA,MOTO,SUZUKI,CARTAGO,PARTICULAR,NO APLICA
HERIDOS,2020-06-04, 15:40:00,TARDE,4_JUEVES,COLOMBIA,CALLE 33 CARRERA 30,URBANA,TECNICO,3.53059,-76.30011,DESOBEDECER SEÑALES,NO APLICA,CHOQUE,NO APLICA,NO APLICA,NO APLICA,NO APLICA,NO APLICA,NO APLICA,NO APLICA,NO APLICA,NO APLICA
HERIDOS,2020-06-04, 16:30:00,TARDE,4_JUEVES,ZAMORANO,CALLE 69 CARRERA 29,URBANA,TECNICO,3.5563,-76.29375,NO RESPETAR PRELACION,MOTOCICLISTA,CHOQUE,1,NO APLICA,PALMA,NO APLICA,MOTO,SUZUKI,MIRANDA,PARTICULAR,NO APLICA
HERIDOS,2020-06-04, 16:30:00,TARDE,4_JUEVES,ZAMORANO,CALLE 69 CARRERA 29,URBANA,TECNICO,3.5563,-76.29375,NO RESPETAR PRELACION,NO APLICA,CHOQUE,NO APLICA,NO APLICA,NO APLICA,NO APLICA,AUTOMOVIL,CHEVROLET,IBAGUE,PARTICULAR,NO APLICA
HERIDOS,2020-06-04, 17:50:00,TARDE,4_JUEVES,POBLADO,CALLE 43 CARRERA 14-16,URBANA,TECNICO,3.53775,-76.2873,HUECOS,NO APLICA,VOLCAMIENTO,NO APLICA,NO APLICA,NO APLICA,NO APLICA,MOTO,SUZUKI,CARTAGO,PARTICULAR,NO APLICA
HERIDOS,2020-06-04, 17:50:00,TARDE,4_JUEVES,POBLADO,CALLE 43 CARRERA 14-16,URBANA,TECNICO,3.53775,-76.2873,HUECOS,ACOMPAÑANTE MOTOCICLISTA,VOLCAMIENTO,1,NO APLICA,FRACTURAS,NO APLICA,NO APLICA,NO APLICA,NO APLICA,NO APLICA,NO APLICA
HERIDOS,2020-06-05, 14:30:00,TARDE,5_VIERNES,CUIDAD DEL CAMPO,CALLE 93 N 7M-322,RURAL,TECNICO,3.45234,-76.47446,EXCESO DE VELOCIDAD,NO APLICA,ATROPELLO,NO APLICA,NO APLICA,NO APLICA,NO APLICA,MOTO,SUZUKI,PRADERA,PARTICULAR,NO APLICA
HERIDOS,2020-06-05, 14:30:00,TARDE,5_VIERNES,CUIDAD DEL CAMPO,CALLE 93 N 7M-322,RURAL,TECNICO,3.45234,-76.47446,EXCESO DE VELOCIDAD,PEATON,ATROPELLO,1,NO APLICA,REY DAVID,NO APLICA,NO APLICA,NO APLICA,NO APLICA,NO APLICA,NO APLICA
HERIDOS,2020-06-05, 09:30:00,MAÑANA,5_VIERNES,COLOMBINA,CALLE 28 CARRERA15,URBANA,TECNICO,3.52403,-76.28808,DESOBEDECER SEÑALES,NO APLICA,CHOQUE,NO APLICA,NO APLICA,NO APLICA,NO APLICA,AUTOMOVIL,CHEVROLET,EL CERRITO,PARTICULAR,NO APLICA
DAÑOS,2020-06-07, 08:30:00,MAÑANA,7_DOMINGO,CENTRO,CALLE 29 CARRERA 31,URBANA,TECNICO,3.5265,-76.30182,SEMAFORO EN ROJO,NO APLICA,CHOQUE,NO APLICA,NO APLICA,NO APLICA,NO APLICA,AUTOMOVIL,CHEVROLET,PALMIRA,PUBLICO,VILLA DE LAS PALMAS
HERIDOS,2020-06-07, 09:30:00,MAÑANA,7_DOMINGO,ZAMORANO,DIAGONAL 65 CARRERA 30-114,URBANA,TECNICO,3.5539999999999995e-05,-76.29682,NO ESTAR PNDIENTE DE LA VIA Y DEMAS CONDUCTORES,MOTOCICLISTA,ATROPELLO,1,NO APLICA,RAUL,NO APLICA,MOTO,HONDA,FLORIDA,PARTICULAR,NO APLICA
HERIDOS,2020-06-07, 09:30:00,MAÑANA,7_DOMINGO,ZAMORANO,DIAGONAL 65 CARRERA 30-114,URBANA,TECNICO,3.5539999999999995e-05,-76.29682,NO ESTAR PNDIENTE DE LA VIA Y DEMAS CONDUCTORES,PEATON,ATROPELLO,1,NO APLICA,RAUL,NO APLICA,NO APLICA,NO APLICA,NO APLICA,NO APLICA,NO APLICA
HERIDOS,2020-06-07, 11:30:00,MAÑANA,7_DOMINGO,SAN PEDRO,CALLE 34A CARRERA 13,URBANA,TECNICO,3.53111,-76.28549,GIRAR BRUSCAMENTE,MOTOCICLISTA,CHOQUE,1,NO APLICA,PALMIRA,NO APLICA,MOTO,HERO,FLORIDA,PARTICULAR,NO APLICA
HERIDOS,2020-06-07, 11:30:00,MAÑANA,7_DOMINGO,SAN PEDRO,CALLE 34A CARRERA 13,URBANA,TECNICO,3.53111,-76.28549,GIRAR BRUSCAMENTE,MOTOCICLISTA,CHOQUE,1,NO APLICA,PALMIRA,NO APLICA,MOTO,SUZUKI,PALMIRA,PARTICULAR,NO APLICA
HERIDOS,2020-06-07, 11:30:00,MAÑANA,7_DOMINGO,SAN PEDRO,CALLE 34A CARRERA 13,URBANA,TECNICO,3.53111,-76.28549,GIRAR BRUSCAMENTE,ACOMPAÑANTE MOTOCICLISTA,CHOQUE,1,NO APLICA,PALMIRA,NO APLICA,NO APLICA,NO APLICA,NO APLICA,NO APLICA,NO APLICA
DAÑOS,2020-06-07, 13:30:00,TARDE,7_DOMINGO,CENTRO,CALLE 28 CARRERA 28-29,URBANA,TECNICO,3.52537,-76.29967,ARRANCAR SIN PRECAUCION,NO APLICA,CHOQUE,NO APLICA,NO APLICA,NO APLICA,NO APLICA,AUTOMOVIL,CHEVROLET,CALI,PARTICULAR,NO APLICA
DAÑOS,2020-06-07, 13:30:00,TARDE,7_DOMINGO,CENTRO,CALLE 28 CARRERA 28-29,URBANA,TECNICO,3.52537,-76.29967,ARRANCAR SIN PRECAUCION,NO APLICA,CHOQUE,NO APLICA,NO APLICA,NO APLICA,NO APLICA,AUTOMOVIL,JAC,PALMIRA,PUBLICO,NO APLICA
DAÑOS,2020-06-07, 03:50:00,MADRUGADA,7_DOMINGO,LA EMILIA,CALLE 36 CARRERA 37,URBANA,TECNICO,3.53377,-76.30737,DESOBEDECER SEÑALES,NO APLICA,CHOQUE,NO APLICA,NO APLICA,NO APLICA,NO APLICA,AUTOMOVIL,KIA,CALI,PARTICULAR,NO APLICA
DAÑOS,2020-06-08, 10:15:00,MAÑANA,1_LUNES,SANTA ISABEL,CARRERA 28 CALLE 46-48,URBANA,TECNICO,3.54171,-76.29661,ARRANCAR SIN PRECAUCION,NO APLICA,CHOQUE,NO APLICA,NO APLICA,NO APLICA,NO APLICA,CAMIONETA,NISSAN,CALI,PARTICULAR,NO APLICA
DAÑOS,2020-06-08, 10:15:00,MAÑANA,1_LUNES,SANTA ISABEL,CARRERA 28 CALLE 46-48,URBANA,TECNICO,3.54171,-76.29661,ARRANCAR SIN PRECAUCION,NO APLICA,CHOQUE,NO APLICA,NO APLICA,NO APLICA,NO APLICA,CAMIONETA,CHEVROLET,GUACARI,PARTICULAR,NO APLICA
MUERTO,2020-06-08, 13:30:00,TARDE,1_LUNES,PRADO,CALLE 42 CARRERA 41-42NORTE,URBANA,TECNICO,3.5389,-76.31224,INVADIR CARRIL DE SENTIDO CONTRARIO,CONDUCTOR,CHOQUE,NO APLICA,1,NO APLICA,NO APLICA,AUTOMOVIL,CHEVROLET,CALI,PARTICULAR,NO APLICA
HERIDOS,2020-06-08, 13:30:00,TARDE,1_LUNES,PRADO,CALLE 42 CARRERA 41-42NORTE,URBANA,TECNICO,3.5389,-76.31224,INVADIR CARRIL DE SENTIDO CONTRARIO,CONDUCTOR,CHOQUE,1,NO APLICA,PALMA,NO APLICA,CAMION,HINO,EL CERRITO,PUBLICO,NO APLICA
HERIDOS,2020-06-08, 13:30:00,TARDE,1_LUNES,PRADO,CALLE 42 CARRERA 41-42NORTE,URBANA,TECNICO,3.5389,-76.31224,INVADIR CARRIL DE SENTIDO CONTRARIO,ACOMPAÑANTE CONDUCTOR,CHOQUE,1,NO APLICA,PALMIRA,NO APLICA,NO APLICA,NO APLICA,NO APLICA,NO APLICA,NO APLICA
HERIDOS,2020-06-08, 13:30:00,TARDE,1_LUNES,PRADO,CALLE 42 CARRERA 41-42NORTE,URBANA,TECNICO,3.5389,-76.31224,INVADIR CARRIL DE SENTIDO CONTRARIO,NO APLICA,CHOQUE,NO APLICA,NO APLICA,NO APLICA,NO APLICA,AUTOMOVIL,CHEVROLET,MINISTERIO,PARTICULAR,NO APLICA
HERIDOS,2020-06-08, 13:30:00,TARDE,1_LUNES,PRADO,CALLE 42 CARRERA 41-42NORTE,URBANA,TECNICO,3.5389,-76.31224,INVADIR CARRIL DE SENTIDO CONTRARIO,ACOMPAÑANTE CONDUCTOR,CHOQUE,1,NO APLICA,PALMA,NO APLICA,NO APLICA,NO APLICA,NO APLICA,NO APLICA,NO APLICA
HERIDOS,2020-06-08, 12:15:00,TARDE,1_LUNES,SEMBRADOR,CARRERA 21 CALLE 21A,URBANA,TECNICO,3.51913,-76.29344,NO ESTAR PNDIENTE DE LA VIA Y DEMAS CONDUCTORES,MOTOCICLISTA,CHOQUE,1,NO APLICA,PALMA,NO APLICA,MOTO,HONDA,CALI,PARTICULAR,NO APLICA
HERIDOS,2020-06-08, 12:15:00,TARDE,1_LUNES,SEMBRADOR,CARRERA 21 CALLE 21A,URBANA,TECNICO,3.51913,-76.29344,NO ESTAR PNDIENTE DE LA VIA Y DEMAS CONDUCTORES,NO APLICA,CHOQUE,NO APLICA,NO APLICA,NO APLICA,NO APLICA,MOTO,YAMAHA,MEDELLIN,PARTICULAR,NO APLICA
HERIDOS,2020-06-06, 16:20:00,TARDE,6_SABADO,INDUSTRIAL,CALLE 42 CARRERA 34,URBANA,TECNICO,3.53851,-76.30279,GIRAR BRUSCAMENTE,MOTOCICLISTA,CHOQUE,1,NO APLICA,FRACTURAS,NO APLICA,MOTO,YAMAHA,CIRCASIA,PARTICULAR,NO APLICA
HERIDOS,2020-06-06, 16:20:00,TARDE,6_SABADO,INDUSTRIAL,CALLE 42 CARRERA 34,URBANA,TECNICO,3.53851,-76.30279,GIRAR BRUSCAMENTE,MOTOCICLISTA,CHOQUE,1,NO APLICA,FRACTURAS,NO APLICA,MOTO,HONDA,GUACARI,PARTICULAR,NO APLICA
HERIDOS,2020-06-09, 21:00:00,NOCHE,2_MARTES,URIBE,CALLE 35 CARRERA 23,URBANA,TECNICO,3.5314,-76.29399,DESOBEDECER SEÑALES,MOTOCICLISTA,CHOQUE,1,NO APLICA,PALMIRA,NO APLICA,MOTO,AKT,PRADERA,PARTICULAR,NO APLICA
HERIDOS,2020-06-09, 21:00:00,NOCHE,2_MARTES,URIBE,CALLE 35 CARRERA 23,URBANA,TECNICO,3.5314,-76.29399,DESOBEDECER SEÑALES,NO APLICA,CHOQUE,NO APLICA,NO APLICA,NO APLICA,NO APLICA,AUTOMOVIL,NISSAN,CALI,PARTICULAR,NO APLICA
DAÑOS,2020-06-10, 16:00:00,TARDE,3_MIERCOLES,EL BOSQUE,CALLE 31 CARRERA 1-2,URBANA,TECNICO,3.52516,-76.27857,NO MANTENER DISTANCIA,NO APLICA,CHOQUE,NO APLICA,NO APLICA,NO APLICA,NO APLICA,AUTOMOVIL,CHEVROLET,PALMIRA,PARTICULAR,NO APLICA
DAÑOS,2020-06-10, 16:00:00,TARDE,3_MIERCOLES,EL BOSQUE,CALLE 31 CARRERA 1-2,URBANA,TECNICO,3.52516,-76.27857,NO MANTENER DISTANCIA,NO APLICA,CHOQUE,NO APLICA,NO APLICA,NO APLICA,NO APLICA,AUTOMOVIL,CHEVROLET,CALI,PARTICULAR,NO APLICA
DAÑOS,2020-06-10, 21:30:00,NOCHE,3_MIERCOLES,SAMANES,CALLE 47 CARRERA 30-32,URBANA,TECNICO,3.54228,-76.29829,NO MANTENER DISTANCIA,NO APLICA,CHOQUE,NO APLICA,NO APLICA,NO APLICA,NO APLICA,AUTOMOVIL,KIA,CALI,PARTICULAR,NO APLICA
DAÑOS,2020-06-10, 21:30:00,NOCHE,3_MIERCOLES,SAMANES,CALLE 47 CARRERA 30-32,URBANA,TECNICO,3.54228,-76.29829,NO MANTENER DISTANCIA,NO APLICA,CHOQUE,NO APLICA,NO APLICA,NO APLICA,NO APLICA,CAMPERO,SUZUKI,PALMIRA,PARTICULAR,NO APLICA
HERIDOS,2020-06-09, 13:10:00,TARDE,2_MARTES,ITALIA,CALLE 6 CARRERA 28,URBANA,TECNICO,3.50554,-76.29915,DESOBEDECER SEÑALES,MOTOCICLISTA,CHOQUE,1,NO APLICA,PALMIRA,NO APLICA,MOTO,YAMAHA,TULUA,PARTICULAR,NO APLICA
HERIDOS,2020-06-09, 13:10:00,TARDE,2_MARTES,ITALIA,CALLE 6 CARRERA 28,URBANA,TECNICO,3.50554,-76.29915,DESOBEDECER SEÑALES,NO APLICA,CHOQUE,NO APLICA,NO APLICA,NO APLICA,NO APLICA,CAMIONETA,MAZDA,CALI,PARTICULAR,NO APLICA
HERIDOS,2020-06-09, 09:30:00,MAÑANA,2_MARTES,TRINIDAD,CARRERA 23 CALLE 27,URBANA,TECNICO,3.52387,-76.29507,DESOBEDECER SEÑALES,MOTOCICLISTA,CHOQUE,1,NO APLICA,PALMA,NO APLICA,MOTO,HONDA,FLORIDA,PARTICULAR,NO APLICA
HERIDOS,2020-06-09, 09:30:00,MAÑANA,2_MARTES,TRINIDAD,CARRERA 23 CALLE 27,URBANA,TECNICO,3.52387,-76.29507,DESOBEDECER SEÑALES,NO APLICA,CHOQUE,NO APLICA,NO APLICA,NO APLICA,NO APLICA,CAMIONETA,DODGE,JAMUNDI,PARTICULAR,NO APLICA
HERIDOS,2020-06-10, 09:30:00,MAÑANA,3_MIERCOLES,COLOMBINA,CALLE29 CARRERA 20,URBANA,TECNICO,3.52517,-76.29231,DESOBEDECER SEÑALES,MOTOCICLISTA,CHOQUE,1,NO APLICA,PALMIRA,NO APLICA,MOTO,AKT,PRADERA,PARTICULAR,NO APLICA
HERIDOS,2020-06-10, 09:30:00,MAÑANA,3_MIERCOLES,COLOMBINA,CALLE29 CARRERA 20,URBANA,TECNICO,3.52517,-76.29231,DESOBEDECER SEÑALES,ACOMPAÑANTE MOTOCICLISTA,CHOQUE,1,NO APLICA,PALMIRA,NO APLICA,NO APLICA,NO APLICA,NO APLICA,NO APLICA,NO APLICA
HERIDOS,2020-06-10, 09:30:00,MAÑANA,3_MIERCOLES,COLOMBINA,CALLE29 CARRERA 20,URBANA,TECNICO,3.52517,-76.29231,DESOBEDECER SEÑALES,NO APLICA,CHOQUE,NO APLICA,NO APLICA,NO APLICA,NO APLICA,CAMIONETA,CHNGUN,BOGOTA,PARTICULAR,NO APLICA
HERIDOS,2020-06-11, 08:50:00,MAÑANA,4_JUEVES,CENTRO,CALLE 31 CARRERA 25,URBANA,TECNICO,3.5276,-76.29619,SEMAFORO EN ROJO,MOTOCICLISTA,CHOQUE,1,NO APLICA,RAUL,NO APLICA,MOTO,YAMAHA,CALI,PARTICULAR,NO APLICA
HERIDOS,2020-06-11, 08:50:00,MAÑANA,4_JUEVES,CENTRO,CALLE 31 CARRERA 25,URBANA,TECNICO,3.5276,-76.29619,SEMAFORO EN ROJO,NO APLICA,CHOQUE,NO APLICA,NO APLICA,NO APLICA,NO APLICA,CAMIONETA,CHEVROLET,CALI,PARTICULAR,NO APLICA
HERIDOS,2020-06-11, 13:45:00,TARDE,4_JUEVES,EMILIA,CALLE 36 CARRERA 23,URBANA,TECNICO,3.5323,-76.29386,DESOBEDECER SEÑALES,MOTOCICLISTA,CHOQUE,1,NO APLICA,RAUL,NO APLICA,MOTO,SUZUKI,LA VIRGINIA,PARTICULAR,NO APLICA
HERIDOS,2020-06-11, 13:45:00,TARDE,4_JUEVES,EMILIA,CALLE 36 CARRERA 23,URBANA,TECNICO,3.5323,-76.29386,DESOBEDECER SEÑALES,NO APLICA,CHOQUE,NO APLICA,NO APLICA,NO APLICA,NO APLICA,MOTO,SYM,PALMIRA,PARTICULAR,NO APLICA
HERIDOS,2020-06-11, 13:45:00,TARDE,4_JUEVES,EMILIA,CALLE 36 CARRERA 23,URBANA,TECNICO,3.5323,-76.29386,DESOBEDECER SEÑALES,ACOMPAÑANTE MOTOCICLISTA,CHOQUE,1,NO APLICA,RAUL,NO APLICA,NO APLICA,NO APLICA,NO APLICA,NO APLICA,NO APLICA
DAÑOS,2020-06-12, 09:10:00,MAÑANA,5_VIERNES,VERSALLE S,CALLE 42 CARRERA 28,URBANA,TECNICO,3.53784,-76.2972,MAL USO DEL CARRIL,NO APLICA,CHOQUE,NO APLICA,NO APLICA,NO APLICA,NO APLICA,AUTOMOVIL,KIA,PALMIRA,PARTICULAR,NO APLICA
DAÑOS,2020-06-12, 09:10:00,MAÑANA,5_VIERNES,VERSALLE S,CALLE 42 CARRERA 28,URBANA,TECNICO,3.53784,-76.2972,MAL USO DEL CARRIL,NO APLICA,CHOQUE,NO APLICA,NO APLICA,NO APLICA,NO APLICA,AUTOMOVIL,RENAULT,ENVIGADO,PARTICULAR,NO APLICA
HERIDOS,2020-06-13, 10:20:00,MAÑANA,6_SABADO,OBRERO,CARRERA 27 CALLE 35,URBANA,TECNICO,3.53183,-76.29716,DESOBEDECER SEÑALES,NO APLICA,CHOQUE,NO APLICA,NO APLICA,NO APLICA,NO APLICA,AUTOMOVIL,RENAULT,PALMIRA,PARTICULAR,NO APLICA
HERIDOS,2020-06-13, 10:20:00,MAÑANA,6_SABADO,OBRERO,CARRERA 27 CALLE 35,URBANA,TECNICO,3.53183,-76.29716,DESOBEDECER SEÑALES,MOTOCICLISTA,CHOQUE,1,NO APLICA,FRACTURAS,NO APLICA,MOTO,YAMAHA,PALMIRA,PARTICULAR,NO APLICA
HERIDOS,2020-06-13, 21:00:00,NOCHE,6_SABADO,COLOMBINA,CALLE 29 CARRERA 21,URBANA,TECNICO,3.52529,-76.29316,DESOBEDECER SEÑALES,NO APLICA,CHOQUE,NO APLICA,NO APLICA,NO APLICA,NO APLICA,MOTO,HONDA,GUACARI,PARTICULAR,NO APLICA
HERIDOS,2020-06-13, 21:00:00,NOCHE,6_SABADO,COLOMBINA,CALLE 29 CARRERA 21,URBANA,TECNICO,3.52529,-76.29316,DESOBEDECER SEÑALES,MOTOCICLISTA,CHOQUE,1,NO APLICA,PALMIRA,NO APLICA,MOTO,BAJAJ,PRADERA,PARTICULAR,NO APLICA
HERIDOS,2020-06-14, 13:00:00,TARDE,7_DOMINGO,COLOMBIA,CALLE 36 CARRERA 29,URBANA,TECNICO,3.53293,-76.29887,SEMAFORO EN ROJO,MOTOCICLISTA,CHOQUE,1,NO APLICA,PALMA,NO APLICA,MOTO,YAMAHA,PALMIRA,PARTICULAR,NO APLICA
HERIDOS,2020-06-14, 13:00:00,TARDE,7_DOMINGO,COLOMBIA,CALLE 36 CARRERA 29,URBANA,TECNICO,3.53293,-76.29887,SEMAFORO EN ROJO,NO APLICA,CHOQUE,NO APLICA,NO APLICA,NO APLICA,NO APLICA,CAMIONETA,ISUZU,CANDELARIA,PARTICULAR,NO APLICA
HERIDOS,2020-06-13, 16:00:00,TARDE,6_SABADO,URIBE,CALLE 34 CARRERA 22,URBANA,TECNICO,3.53045,-76.29337,DESOBEDECER SEÑALES,MOTOCICLISTA,CHOQUE,1,NO APLICA,PALMA,NO APLICA,MOTO,HERO,GUACARI,PARTICULAR,NO APLICA
HERIDOS,2020-06-13, 16:00:00,TARDE,6_SABADO,URIBE,CALLE 34 CARRERA 22,URBANA,TECNICO,3.53045,-76.29337,DESOBEDECER SEÑALES,NO APLICA,CHOQUE,NO APLICA,NO APLICA,NO APLICA,NO APLICA,CAMIONETA,NISSAN,BOGOTA,PARTICULAR,NO APLICA
HERIDOS,2020-06-13, 14:00:00,TARDE,6_SABADO,BIZERTA,CALLE 36 CARRERA 22,URBANA,TECNICO,3.53219,-76.29315,DESOBEDECER SEÑALES,MOTOCICLISTA,CHOQUE,1,NO APLICA,PALMA,NO APLICA,MOTO,YAMAHA,PRADERA,PARTICULAR,NO APLICA
HERIDOS,2020-06-13, 14:00:00,TARDE,6_SABADO,BIZERTA,CALLE 36 CARRERA 22,URBANA,TECNICO,3.53219,-76.29315,DESOBEDECER SEÑALES,NO APLICA,CHOQUE,NO APLICA,NO APLICA,NO APLICA,NO APLICA,AUTOMOVIL,CHEVROLET,CALI,PARTICULAR,NO APLICA
DAÑOS,2020-06-16, 13:30:00,TARDE,2_MARTES,CENTRO,CALLE 28 CARRERA 33A,URBANA,TECNICO,3.52603,-76.30442,ARRANCAR SIN PRECAUCION,NO APLICA,CHOQUE,NO APLICA,NO APLICA,NO APLICA,NO APLICA,AUTOMOVIL,CHEVROLET,PALMIRA,PARTICULAR,NO APLICA
DAÑOS,2020-06-16, 13:30:00,TARDE,2_MARTES,CENTRO,CALLE 28 CARRERA 33A,URBANA,TECNICO,3.52603,-76.30442,ARRANCAR SIN PRECAUCION,NO APLICA,CHOQUE,NO APLICA,NO APLICA,NO APLICA,NO APLICA,MOTO,YAMAHA,FLORIDA,PARTICULAR,NO APLICA
DAÑOS,2020-06-12, 20:20:00,NOCHE,5_VIERNES,CENTRO POBLADO BOLO ALIZAL,KM 9,RURAL,TECNICO,3.46729,-76.36368,PERDIDA DEL CONTROL,NO APLICA,CHOQUE OBJETO FIJO,NO APLICA,NO APLICA,NO APLICA,NO APLICA,CAMIONETA,CHEVROLET,CALI,PARTICULAR,NO APLICA
HERIDOS,2020-06-15, 14:30:00,TARDE,1_LUNES,PALMERAS,CARRERA 1 CALLE 35,URBANA,TECNICO,3.53217,-76.27731,SEMAFORO EN ROJO,MOTOCICLISTA,CHOQUE,1,NO APLICA,RAUL,NO APLICA,MOTO,AUTECO,BUGA,PARTICULAR,NO APLICA
HERIDOS,2020-06-15, 14:30:00,TARDE,1_LUNES,PALMERAS,CARRERA 1 CALLE 35,URBANA,TECNICO,3.53217,-76.27731,SEMAFORO EN ROJO,MOTOCICLISTA,CHOQUE,1,NO APLICA,RAUL,NO APLICA,MOTO,AKT,DOSQUEBRADAS,PARTICULAR,NO APLICA
HERIDOS,2020-06-15, 14:30:00,TARDE,1_LUNES,PALMERAS,CARRERA 1 CALLE 35,URBANA,TECNICO,3.53217,-76.27731,SEMAFORO EN ROJO,ACOMPAÑANTE MOTOCICLISTA,CHOQUE,1,NO APLICA,RAUL,NO APLICA,NO APLICA,NO APLICA,NO APLICA,NO APLICA,NO APLICA
HERIDOS,2020-06-15, 15:00:00,TARDE,1_LUNES,PRADO,CALLE 35 CARRERA 40-26,URBANA,TECNICO,3.53238,-76.30992,PERDIDA DEL CONTROL,CONDUCTOR,CHOQUE OBJETO FIJO,1,NO APLICA,PALMIRA,NO APLICA,CAMIONETA,NISSAN,CALI,PARTICULAR,NO APLICA
HERIDOS,2020-06-15, 15:00:00,TARDE,1_LUNES,PRADO,CALLE 35 CARRERA 40-26,URBANA,TECNICO,3.53238,-76.30992,PERDIDA DEL CONTROL,ACOMPAÑANTE CONDUCTOR,CHOQUE OBJETO FIJO,1,NO APLICA,PALMIRA,NO APLICA,NO APLICA,NO APLICA,NO APLICA,NO APLICA,NO APLICA
DAÑOS,2020-06-15, 20:20:00,NOCHE,1_LUNES,SANTA RITA,CALLE 33 CARRERA 27,URBANA,TECNICO,3.53016,-76.29745,SEMAFORO EN ROJO,NO APLICA,CHOQUE,NO APLICA,NO APLICA,NO APLICA,NO APLICA,MOTO,YAMAHA,PRADERA,PARTICULAR,NO APLICA
DAÑOS,2020-06-15, 20:20:00,NOCHE,1_LUNES,SANTA RITA,CALLE 33 CARRERA 27,URBANA,TECNICO,3.53016,-76.29745,SEMAFORO EN ROJO,NO APLICA,CHOQUE,NO APLICA,NO APLICA,NO APLICA,NO APLICA,AUTOMOVIL,KIA,CALI,PARTICULAR,NO APLICA
DAÑOS,2020-06-15, 18:00:00,NOCHE,1_LUNES,URIBE,CALLE 31 CARRERA 20,URBANA,TECNICO,3.52708,-76.29207,DESOBEDECER SEÑALES,NO APLICA,CHOQUE,NO APLICA,NO APLICA,NO APLICA,NO APLICA,MOTO,BAJAJ,CALI,PARTICULAR,NO APLICA
DAÑOS,2020-06-15, 18:00:00,NOCHE,1_LUNES,URIBE,CALLE 31 CARRERA 20,URBANA,TECNICO,3.52708,-76.29207,DESOBEDECER SEÑALES,NO APLICA,CHOQUE,NO APLICA,NO APLICA,NO APLICA,NO APLICA,AUTOMOVIL,CHEVROLET,CALI,PARTICULAR,NO APLICA
HERIDOS,2020-06-16, 17:30:00,TARDE,2_MARTES,INDUSTRIAL,CARRERA 35 CALLE 44-36,URBANA,TECNICO,3.54041,-76.30704,POR ESTABLECER,MOTOCICLISTA,ATROPELLO,1,NO APLICA,RAUL,NO APLICA,MOTO,HONDA,GUACARI,PARTICULAR,NO APLICA
HERIDOS,2020-06-16, 17:30:00,TARDE,2_MARTES,INDUSTRIAL,CARRERA 35 CALLE 44-36,URBANA,TECNICO,3.54041,-76.30704,POR ESTABLECER,ACOMPAÑANTE MOTOCICLISTA,ATROPELLO,1,NO APLICA,RAUL,NO APLICA,NO APLICA,NO APLICA,NO APLICA,NO APLICA,NO APLICA
HERIDOS,2020-06-16, 17:30:00,TARDE,2_MARTES,INDUSTRIAL,CARRERA 35 CALLE 44-36,URBANA,TECNICO,3.54041,-76.30704,POR ESTABLECER,PEATON,ATROPELLO,1,NO APLICA,RAUL,NO APLICA,NO APLICA,NO APLICA,NO APLICA,NO APLICA,NO APLICA
HERIDOS,2020-06-17, 14:30:00,TARDE,3_MIERCOLES,SAN CAYETANO,CARRERA 24 CALLE 40,URBANA,TECNICO,3.53585,-76.29415,DESOBEDECER SEÑALES,MOTOCICLISTA,CHOQUE,1,NO APLICA,PALMA,NO APLICA,MOTO,TVS,FLORIDA,PARTICULAR,NO APLICA
HERIDOS,2020-06-17, 14:30:00,TARDE,3_MIERCOLES,SAN CAYETANO,CARRERA 24 CALLE 40,URBANA,TECNICO,3.53585,-76.29415,DESOBEDECER SEÑALES,MOTOCICLISTA,CHOQUE,1,NO APLICA,PALMA,NO APLICA,MOTO,KYMCO,GUACARI,PARTICULAR,NO APLICA
HERIDOS,2020-06-18, 12:35:00,TARDE,4_JUEVES,MERCEDES,CARRERA 25 CALLE 57,URBANA,TECNICO,3.5477,-76.28962,NO RESPETAR PRELACION,MOTOCICLISTA,CHOQUE,1,NO APLICA,PALMA,NO APLICA,MOTO,AKT,PALMIRA,PARTICULAR,NO APLICA
HERIDOS,2020-06-18, 12:35:00,TARDE,4_JUEVES,MERCEDES,CARRERA 25 CALLE 57,URBANA,TECNICO,3.5477,-76.28962,NO RESPETAR PRELACION,NO APLICA,CHOQUE,NO APLICA,NO APLICA,NO APLICA,NO APLICA,AUTOMOVIL,CHEVROLET,CARTAGENA,PARTICULAR,NO APLICA