GRAVEDAD,FECHA,HORA,JORNADA,DIA_SEMANA,BARRIOS_CORREGIMIENTO_VIA,DIRECCION,ZONA,AUTORIDAD,LAT,LONG,HIPOTESIS,CONDICION_DE_LA_VICTIMA,CLASE_DE_SINIESTRO,LESIONADO,HOMICIDIOS,CLINICA,SITIO,CLASE_DE_VEHICULO,MARCA,MATRICULA,TIPO_DE_SERVICIO,EMPRESA
DAÑOS,2020-06-18, 17:20:00,TARDE,4_JUEVES,COLOMBIA,CALLE 38 CARRERA 31,URBANA,TECNICO,3.53521,-76.30036,TRANSITAR EN CONTRAVIA,NO APLICA,CHOQUE,NO APLICA,NO APLICA,NO APLICA,NO APLICA,AUTOMOVIL,KIA,PALMIRA,PARTICULAR,NO APLICA
DAÑOS,2020-06-18, 17:20:00,TARDE,4_JUEVES,COLOMBIA,CALLE 38 CARRERA 31,URBANA,TECNICO,3.53521,-76.30036,TRANSITAR EN CONTRAVIA,NO APLICA,CHOQUE,NO APLICA,NO APLICA,NO APLICA,NO APLICA,BICICLETA,NO APLICA,NO APLICA,PARTICULAR,NO APLICA
DAÑOS,2020-06-18, 07:00:00,MAÑANA,4_JUEVES,NUEVO,CARRERA 30A CALLE 20,URBANA,TECNICO,3.51884,-76.30262,PONER EN MARCHA UN VEHICULO SIN PRECAUCION,NO APLICA,CHOQUE,NO APLICA,NO APLICA,NO APLICA,NO APLICA,CAMIONETA,CHEVROLET,CALI,PARTICULAR,NO APLICA
DAÑOS,2020-06-18, 07:00:00,MAÑANA,4_JUEVES,NUEVO,CARRERA 30A CALLE 20,URBANA,TECNICO,3.51884,-76.30262,PONER EN MARCHA UN VEHICULO SIN PRECAUCION,NO APLICA,CHOQUE,NO APLICA,NO APLICA,NO APLICA,NO APLICA,AUTOMOVIL,KIA,PALMIRA,PARTICULAR,NO APLICA
HERIDOS,2020-06-19, 10:40:00,MAÑANA,5_VIERNES,NUEVO,CARRERA 30 CALLE 26,URBANA,TECNICO,3.52382,-76.30132,DESOBEDECER SEÑALES,NO APLICA,CHOQUE,NO APLICA,NO APLICA,NO APLICA,NO APLICA,AUTOMOVIL,KIA,CALI,PARTICULAR,NO APLICA
HERIDOS,2020-06-19, 10:40:00,MAÑANA,5_VIERNES,NUEVO,CARRERA 30 CALLE 26,URBANA,TECNICO,3.52382,-76.30132,DESOBEDECER SEÑALES,CICLISTA,CHOQUE,1,NO APLICA,PALMIRA,NO APLICA,CICLISTA,CONRIS,NO APLICA,PARTICULAR,NO APLICA
DAÑOS,2020-06-19, 12:15:00,TARDE,5_VIERNES,ESTONIA,CALLE 46 CARRERA 32,URBANA,TECNICO,3.54149,-76.3007,PONER EN MARCHA UN VEHICULO SIN PRECAUCION,NO APLICA,CHOQUE,NO APLICA,NO APLICA,NO APLICA,NO APLICA,AUTOMOVIL,CHEVROLET,CALI,PARTICULAR,NO APLICA
DAÑOS,2020-06-19, 12:15:00,TARDE,5_VIERNES,ESTONIA,CALLE 46 CARRERA 32,URBANA,TECNICO,3.54149,-76.3007,PONER EN MARCHA UN VEHICULO SIN PRECAUCION,NO APLICA,CHOQUE,NO APLICA,NO APLICA,NO APLICA,NO APLICA,AUTOMOVIL,HYUNDAI,PALMIRA,PARTICULAR,NO APLICA
DAÑOS,2020-06-20, 17:10:00,TARDE,6_SABADO,URIBE,CALLE 35 CARRERA 22,URBANA,TECNICO,3.53132,-76.29326,DESOBEDECER SEÑALES,NO APLICA,CHOQUE,NO APLICA,NO APLICA,NO APLICA,NO APLICA,AUTOMOVIL,RENAULT,PALMIRA,PARTICULAR,NO APLICA
DAÑOS,2020-06-20, 17:10:00,TARDE,6_SABADO,URIBE,CALLE 35 CARRERA 22,URBANA,TECNICO,3.53132,-76.29326,DESOBEDECER SEÑALES,NO APLICA,CHOQUE,NO APLICA,NO APLICA,NO APLICA,NO APLICA,MOTO,BAJAJ,FUNZA,PARTICULAR,NO APLICA
DAÑOS,2020-06-20, 17:10:00,TARDE,6_SABADO,URIBE,CALLE 35 CARRERA 22,URBANA,TECNICO,3.53132,-76.29326,DESOBEDECER SEÑALES,NO APLICA,CHOQUE,NO APLICA,NO APLICA,NO APLICA,NO APLICA,MOTO,SUZUKI,CALI,PARTICULAR,NO APLICA
DAÑOS,2020-06-21, 21:15:00,NOCHE,7_DOMINGO,OLIMPICO,CARRERA 35 CALLE 27-01,URBANA,TECNICO,3.52721,-76.30583,ADELANTAR POR LA DERECHA,NO APLICA,CHOQUE,NO APLICA,NO APLICA,NO APLICA,NO APLICA,CAMIONETA,SSANGYONG,CALI,PARTICULAR,NO APLICA
DAÑOS,2020-06-21, 21:15:00,NOCHE,7_DOMINGO,OLIMPICO,CARRERA 35 CALLE 27-01,URBANA,TECNICO,3.52721,-76.30583,ADELANTAR POR LA DERECHA,NO APLICA,CHOQUE,NO APLICA,NO APLICA,NO APLICA,NO APLICA,AUTOMOVIL,CHEVROLET,ENVIGADO,PARTICULAR,NO APLICA
DAÑOS,2020-06-19, 17:20:00,TARDE,5_VIERNES,RIVERA ESCOBAR,CALLE 31 CARRERA 36,URBANA,TECNICO,3.52912,-76.30674,GIRAR CON O SIN INDICACION,NO APLICA,CHOQUE,NO APLICA,NO APLICA,NO APLICA,NO APLICA,MOTO,HONDA,GUACARI,PARTICULAR,NO APLICA
DAÑOS,2020-06-19, 17:20:00,TARDE,5_VIERNES,RIVERA ESCOBAR,CALLE 31 CARRERA 36,URBANA,TECNICO,3.52912,-76.30674,GIRAR CON O SIN INDICACION,NO APLICA,CHOQUE,NO APLICA,NO APLICA,NO APLICA,NO APLICA,AUTOMOVIL,CHEVROLET,CALI,PARTICULAR,NO APLICA
HERIDOS,2020-06-19, 18:00:00,NOCHE,5_VIERNES,ALTAMIRA,CALLE 46 CARRERA 25,URBANA,TECNICO,3.54102,-76.29381,ADELANTAR INTERSECCION,NO APLICA,CHOQUE,NO APLICA,NO APLICA,NO APLICA,NO APLICA,AUTOMOVIL,FORD,CALI,PARTICULAR,NO APLICA
HERIDOS,2020-06-19, 18:00:00,NOCHE,5_VIERNES,ALTAMIRA,CALLE 46 CARRERA 25,URBANA,TECNICO,3.54102,-76.29381,ADELANTAR INTERSECCION,MOTOCICLISTA,CHOQUE,1,NO APLICA,PALMIRA,NO APLICA,MOTO,SUZUKI,PALMIRA,PARTICULAR,NO APLICA
HERIDOS,2020-06-21, 15:30:00,TARDE,7_DOMINGO,RECREO,CALLE 23 CARRERA 18,URBANA,TECNICO,3.52076,-76.29096,SEMAFORO EN ROJO,NO APLICA,CHOQUE,NO APLICA,NO APLICA,NO APLICA,NO APLICA,AUTOMOVIL,RENAULT,PALMIRA,PARTICULAR,NO APLICA
HERIDOS,2020-06-21, 15:30:00,TARDE,7_DOMINGO,RECREO,CALLE 23 CARRERA 18,URBANA,TECNICO,3.52076,-76.29096,SEMAFORO EN ROJO,MOTOCICLISTA,CHOQUE,1,NO APLICA,PALMIRA,NO APLICA,MOTO,HONDA,PALMIRA,PARTICULAR,NO APLICA
DAÑOS,2020-06-19, 21:30:00,NOCHE,5_VIERNES,LOS PINOS,CALLE 42 CARRERA 19,URBANA,TECNICO,3.53707,-76.29063,MAL UTILIZACION DEL CARRIL,NO APLICA,CHOQUE,NO APLICA,NO APLICA,NO APLICA,NO APLICA,AUTOMOVIL,CHEVROLET,PALMIRA,PUBLICO,NO APLICA
DAÑOS,2020-06-19, 21:30:00,NOCHE,5_VIERNES,LOS PINOS,CALLE 42 CARRERA 19,URBANA,TECNICO,3.53707,-76.29063,MAL UTILIZACION DEL CARRIL,NO APLICA,CHOQUE,NO APLICA,NO APLICA,NO APLICA,NO APLICA,NO APLICA,NO APLICA,NO APLICA,NO APLICA,NO APLICA
HERIDOS,2020-06-22, 17:00:00,TARDE,1_LUNES,OLIMPICO,CARRERA 35 CALLE 26,URBANA,TECNICO,3.5251,-76.3063,DESOBEDECER SEÑALES,MOTOCICLISTA,CHOQUE,1,NO APLICA,PALMIRA,NO APLICA,MOTO,HERO,PALMIRA,PARTICULAR,NO APLICA
HERIDOS,2020-06-22, 17:00:00,TARDE,1_LUNES,OLIMPICO,CARRERA 35 CALLE 26,URBANA,TECNICO,3.5251,-76.3063,DESOBEDECER SEÑALES,MOTOCICLISTA,CHOQUE,1,NO APLICA,PALMIRA,NO APLICA,MOTO,AKT,PRADERA,PARTICULAR,NO APLICA
HERIDOS,2020-06-22, 18:00:00,NOCHE,1_LUNES,JUNAPABLO,CALLE 57 CARRERA 41,URBANA,TECNICO,3.54784,-76.31197,DESOBEDECER SEÑALES,MOTOCICLISTA,CHOQUE,1,NO APLICA,PALMA,NO APLICA,MOTO,BAJAJ,PALMIRA,PARTICULAR,NO APLICA
HERIDOS,2020-06-22, 18:00:00,NOCHE,1_LUNES,JUNAPABLO,CALLE 57 CARRERA 41,URBANA,TECNICO,3.54784,-76.31197,DESOBEDECER SEÑALES,MOTOCICLISTA,CHOQUE,1,NO APLICA,PALMA,NO APLICA,MOTO,BAJAJ,MEDELLIN,PARTICULAR,NO APLICA
HERIDOS,2020-06-22, 18:00:00,NOCHE,1_LUNES,JUNAPABLO,CALLE 57 CARRERA 41,URBANA,TECNICO,3.54784,-76.31197,DESOBEDECER SEÑALES,ACOMPAÑANTE MOTOCICLISTA,CHOQUE,1,NO APLICA,PALMA,NO APLICA,NO APLICA,NO APLICA,NO APLICA,NO APLICA,NO APLICA
HERIDOS,2020-06-22, 21:20:00,NOCHE,1_LUNES,SANTA RITA,CALLE 38 CARRERA 38,URBANA,TECNICO,3.53594,-76.30863,DESOBEDECER SEÑALES,MOTOCICLISTA,CHOQUE,1,NO APLICA,PALMA,NO APLICA,MOTO,HONDA,MIRANDA,PARTICULAR,NO APLICA
HERIDOS,2020-06-22, 21:20:00,NOCHE,1_LUNES,SANTA RITA,CALLE 38 CARRERA 38,URBANA,TECNICO,3.53594,-76.30863,DESOBEDECER SEÑALES,NO APLICA,CHOQUE,NO APLICA,NO APLICA,NO APLICA,NO APLICA,AUTOMOVIL,VOLKSWAGEN,CHIA,PARTICULAR,NO APLICA
HERIDOS,2020-06-22, 21:20:00,NOCHE,1_LUNES,SANTA RITA,CALLE 38 CARRERA 38,URBANA,TECNICO,3.53594,-76.30863,DESOBEDECER SEÑALES,ACOMPAÑANTE CONDUCTOR,CHOQUE,1,NO APLICA,PALMA,NO APLICA,NO APLICA,NO APLICA,NO APLICA,NO APLICA,NO APLICA
DAÑOS,2020-06-21, 13:20:00,TARDE,7_DOMINGO,COLOMBINA,CALLE 29 CARRERA 19-15,URBANA,TECNICO,3.52509,-76.29172,NO ESTAR PNDIENTE DE LA VIA Y DEMAS CONDUCTORES,NO APLICA,CHOQUE,NO APLICA,NO APLICA,NO APLICA,NO APLICA,CAMIONETA,NISSAN,PRADERA,PARTICULAR,NO APLICA
DAÑOS,2020-06-21, 13:20:00,TARDE,7_DOMINGO,COLOMBINA,CALLE 29 CARRERA 19-15,URBANA,TECNICO,3.52509,-76.29172,NO ESTAR PNDIENTE DE LA VIA Y DEMAS CONDUCTORES,NO APLICA,CHOQUE,NO APLICA,NO APLICA,NO APLICA,NO APLICA,MOTO,HONDA,PRADERA,PARTICULAR,NO APLICA
DAÑOS,2020-06-23, 19:40:00,NOCHE,2_MARTES,LOS MANGOS,CARRERA 28 CALLE 71-B-70,URBANA,TECNICO,3.55776,-76.29118,MAL USO DEL CARRIL,NO APLICA,CHOQUE,NO APLICA,NO APLICA,NO APLICA,NO APLICA,BUS,AGRALE,GUACARI,PUBLICO,SERVICIOS SAS
DAÑOS,2020-06-23, 19:40:00,NOCHE,2_MARTES,LOS MANGOS,CARRERA 28 CALLE 71-B-70,URBANA,TECNICO,3.55776,-76.29118,MAL USO DEL CARRIL,NO APLICA,CHOQUE,NO APLICA,NO APLICA,NO APLICA,NO APLICA,AUTOMOVIL,RENAULT,PALMIRA,PARTICULAR,NO APLICA
HERIDOS,2020-06-24, 09:00:00,MAÑANA,3_MIERCOLES,HAROL LEDER,CARRERA 34A CALLE 57,URBANA,TECNICO,3.54722,-76.30285,PERDIDA DEL CONTROL,CONDUCTOR,CHOQUE OBJETO FIJO,1,NO APLICA,PALMA,NO APLICA,AUTOMOVIL,HYUNDAI,PALMIRA,PUBLICO,NO APLICA
HERIDOS,2020-06-24, 09:00:00,MAÑANA,3_MIERCOLES,HAROL LEDER,CARRERA 34A CALLE 57,URBANA,TECNICO,3.54722,-76.30285,PERDIDA DEL CONTROL,PASAJERO,CHOQUE OBJETO FIJO,1,NO APLICA,PALMA,NO APLICA,NO APLICA,NO APLICA,NO APLICA,NO APLICA,NO APLICA
HERIDOS,2020-06-24, 09:20:00,MAÑANA,3_MIERCOLES,NUEVO,CARRERA 29 CALLE 26,URBANA,TECNICO,3.52369,-76.30028,POR ESTABLECER,MOTOCICLISTA,CHOQUE,1,NO APLICA,PALMA,NO APLICA,MOTO,BAJAJ,FLORIDA,PARTICULAR,NO APLICA
HERIDOS,2020-06-24, 09:20:00,MAÑANA,3_MIERCOLES,NUEVO,CARRERA 29 CALLE 26,URBANA,TECNICO,3.52369,-76.30028,POR ESTABLECER,CICLISTA,CHOQUE,1,NO APLICA,PALMA,NO APLICA,BICICLETA,NO APLICA,NO APLICA,PARTICULAR,NO APLICA
HERIDOS,2020-06-24, 11:20:00,MAÑANA,3_MIERCOLES,TREBOL,CALLE 26 A CARRERA 21,URBANA,TECNICO,3.52311,-76.2934,DESOBEDECER SEÑALES,MOTOCICLISTA,CHOQUE,1,NO APLICA,PALMIRA,NO APLICA,MOTO,HONDA,GUACARI,PARTICULAR,NO APLICA
HERIDOS,2020-06-24, 11:20:00,MAÑANA,3_MIERCOLES,TREBOL,CALLE 26 A CARRERA 21,URBANA,TECNICO,3.52311,-76.2934,DESOBEDECER SEÑALES,NO APLICA,CHOQUE,NO APLICA,NO APLICA,NO APLICA,NO APLICA,AUTOMOVIL,CHEVROLET,BUGA,PARTICULAR,NO APLICA
HERIDOS,2020-06-24, 19:00:00,NOCHE,3_MIERCOLES,COLOMBIA,CARRERA 32 CALLE 35,URBANA,TECNICO,3.53249,-76.30172,POR ESTABLECER,PEATON,ATROPELLO,1,NO APLICA,RAUL,NO APLICA,NO APLICA,NO APLICA,NO APLICA,NO APLICA,NO APLICA
HERIDOS,2020-06-24, 21:25:00,NOCHE,3_MIERCOLES,ALAMEDA,CARRERA 26 CALLE 70,URBANA,TECNICO,3.55663,-76.28853,DESOBEDECER SEÑALES,MOTOCICLISTA,CHOQUE,1,NO APLICA,PALMA,NO APLICA,MOTO,BAJAJ,FLORIDA,PARTICULAR,NO APLICA
HERIDOS,2020-06-24, 21:25:00,NOCHE,3_MIERCOLES,ALAMEDA,CARRERA 26 CALLE 70,URBANA,TECNICO,3.55663,-76.28853,DESOBEDECER SEÑALES,NO APLICA,CHOQUE,NO APLICA,NO APLICA,NO APLICA,NO APLICA,MOTO,YAMAHA,CALI,PARTICULAR,NO APLICA
HERIDOS,2020-06-25, 14:30:00,TARDE,4_JUEVES,RIVERA ESCOBAR,CALLE 31 CARRERA 37-50,URBANA,TECNICO,3.52926,-76.30763,REALIZAR GIRO EN U,MOTOCICLISTA,CHOQUE,1,NO APLICA,PALMIRA,NO APLICA,MOTO,YAMAHA,TULUA,PARTICULAR,NO APLICA
HERIDOS,2020-06-25, 14:30:00,TARDE,4_JUEVES,RIVERA ESCOBAR,CALLE 31 CARRERA 37-50,URBANA,TECNICO,3.52926,-76.30763,REALIZAR GIRO EN U,NO APLICA,CHOQUE,NO APLICA,NO APLICA,NO APLICA,NO APLICA,AUTOMOVIL,CHEVROLET,CALI,PARTICULAR,NO APLICA
HERIDOS,2020-06-26, 06:30:00,MAÑANA,5_VIERNES,LA ITALIA,TRANSVERSAL 30 CALLE 6E-45,URBANA,TECNICO,3.50607,-76.30203,GIRO EN U,MOTOCICLISTA,CHOQUE,1,NO APLICA,RAUL,NO APLICA,MOTO,BAJAJ,GUACARI,PARTICULAR,NO APLICA
HERIDOS,2020-06-26, 06:30:00,MAÑANA,5_VIERNES,LA ITALIA,TRANSVERSAL 30 CALLE 6E-45,URBANA,TECNICO,3.50607,-76.30203,GIRO EN U,NO APLICA,CHOQUE,NO APLICA,NO APLICA,NO APLICA,NO APLICA,BUS,CHEVROLET,PALMIRA,PUBLICO,LINEAS DEL VALLE
HERIDOS,2020-06-29, 13:40:00,TARDE,1_LUNES,RECREO,CALLE 19 CARRERA 28,URBANA,TECNICO,3.51782,-76.30029,DESOBEDECER SEÑALES,NO APLICA,CHOQUE,NO APLICA,NO APLICA,NO APLICA,NO APLICA,AUTOMOVIL,PEUGEOT,BOGOTA,PARTICULAR,NO APLICA
HERIDOS,2020-06-29, 13:40:00,TARDE,1_LUNES,RECREO,CALLE 19 CARRERA 28,URBANA,TECNICO,3.51782,-76.30029,DESOBEDECER SEÑALES,MOTOCICLISTA,CHOQUE,1,NO APLICA,FRACTURAS,NO APLICA,MOTO,HONDA,FLORIDA,PARTICULAR,NO APLICA
HERIDOS,2020-06-30, 14:30:00,TARDE,2_MARTES,CAMPESTRE,CALLE 42 CARRERA 12,URBANA,TECNICO,3.53711,-76.29073,GIRAR BRUSCAMENTE,NO APLICA,CHOQUE,NO APLICA,NO APLICA,NO APLICA,NO APLICA,BICICLETA,NO APLICA,NO APLICA,PARTICULAR,NO APLICA
HERIDOS,2020-06-30, 14:30:00,TARDE,2_MARTES,CAMPESTRE,CALLE 42 CARRERA 12,URBANA,TECNICO,3.53711,-76.29073,GIRAR BRUSCAMENTE,MOTOCICLISTA,CHOQUE,1,NO APLICA,FRACTURAS,NO APLICA,MOTO,HONDA,LA VIRGINIA,PARTICULAR,NO APLICA
DAÑOS,2020-06-30, 15:50:00,TARDE,2_MARTES,NUEVO,CARRERA 32 - 15CALLE 20,URBANA,TECNICO,3.51909,-76.30416,NO ESTAR PNDIENTE DE LA VIA Y DEMAS CONDUCTORES,NO APLICA,CHOQUE,NO APLICA,NO APLICA,NO APLICA,NO APLICA,AUTOMOVIL,RENAULT,CALI,PARTICULAR,NO APLICA
DAÑOS,2020-06-30, 15:50:00,TARDE,2_MARTES,NUEVO,CARRERA 32 - 15CALLE 20,URBANA,TECNICO,3.51909,-76.30416,NO ESTAR PNDIENTE DE LA VIA Y DEMAS CONDUCTORES,NO APLICA,CHOQUE,NO APLICA,NO APLICA,NO APLICA,NO APLICA,CAMION,CHEVROLET,BUGA,PUBLICO,NO APLICA
HERIDOS,2020-06-27, 16:15:00,TARDE,6_SABADO,RECREO,CALLE 18 CARRERA 30,URBANA,TECNICO,3.51694,-76.30256,DESOBEDECER SEÑALES,MOTOCICLISTA,CHOQUE,1,NO APLICA,RAUL,NO APLICA,MOTO,HONDA,CANDELARIA,PARTICULAR,NO APLICA
HERIDOS,2020-06-27, 16:15:00,TARDE,6_SABADO,RECREO,CALLE 18 CARRERA 30,URBANA,TECNICO,3.51694,-76.30256,DESOBEDECER SEÑALES,MOTOCICLISTA,CHOQUE,1,NO APLICA,RAUL,NO APLICA,MOTO,NO APLICA,NO APLICA,PARTICULAR,NO APLICA
HERIDOS,2020-06-30, 22:15:00,NOCHE,2_MARTES,COLOMBIA,CALLE 36 CARRERA 32,URBANA,TECNICO,3.5322,-76.29318,DESOBEDECER SEÑALES,MOTOCICLISTA,CHOQUE,1,NO APLICA,RAUL,NO APLICA,MOTO,SUZUKI,ENVIGADO,PARTICULAR,NO APLICA
HERIDOS,2020-06-30, 22:15:00,NOCHE,2_MARTES,COLOMBIA,CALLE 36 CARRERA 32,URBANA,TECNICO,3.5322,-76.29318,DESOBEDECER SEÑALES,MOTOCICLISTA,CHOQUE,1,NO APLICA,PALMIRA,NO APLICA,MOTO,BAJAJ,PALMIRA,PARTICULAR,NO APLICA
HERIDOS,2020-06-30, 22:15:00,NOCHE,2_MARTES,COLOMBIA,CALLE 36 CARRERA 32,URBANA,TECNICO,3.5322,-76.29318,DESOBEDECER SEÑALES,ACOMPAÑANTE MOTOCICLISTA,CHOQUE,1,NO APLICA,RAUL,NO APLICA,NO APLICA,NO APLICA,NO APLICA,NO APLICA,NO APLICA
DAÑOS,2020-07-01, 17:40:00,TARDE,3_MIERCOLES,INDUSTRIAL,CALLE 42 CARRERA 35 SUR,URBANA,TECNICO,3.53874,-76.3067,NO MANTENER DISTANCIA DE SEGURIDAD,NO APLICA,CHOQUE,NO APLICA,NO APLICA,NO APLICA,NO APLICA,AUTOMOVIL,MAZDA,ARMENIA,PARTICULAR,NO APLICA
DAÑOS,2020-07-01, 17:40:00,TARDE,3_MIERCOLES,INDUSTRIAL,CALLE 42 CARRERA 35 SUR,URBANA,TECNICO,3.53874,-76.3067,NO MANTENER DISTANCIA DE SEGURIDAD,NO APLICA,CHOQUE,NO APLICA,NO APLICA,NO APLICA,NO APLICA,MOTO,SIGMA,FLORIDA,PARTICULAR,NO APLICA
HERIDOS,2020-07-01, 08:30:00,MAÑANA,3_MIERCOLES,RECREO,CARRERA 29A CALLE 18,URBANA,TECNICO,3.51703,-76.302,DESOBEDECER SEÑALES,NO APLICA,CHOQUE,NO APLICA,NO APLICA,NO APLICA,NO APLICA,CAMIONETA,NISSAN,PALMIRA,OFICIAL,NO APLICA
HERIDOS,2020-07-01, 08:30:00,MAÑANA,3_MIERCOLES,RECREO,CARRERA 29A CALLE 18,URBANA,TECNICO,3.51703,-76.302,DESOBEDECER SEÑALES,MOTOCICLISTA,CHOQUE,1,NO APLICA,PALMIRA,NO APLICA,MOTO,HONDA,GUACARI,PARTICULAR,NO APLICA
HERIDOS,2020-07-01, 07:20:00,MAÑANA,3_MIERCOLES,VERSALLE S,CARRERA 25 CALLE 42-43,URBANA,TECNICO,3.37882,-76.29446,PERDIDA DEL CONTROL DEL VEHICULO,CONDUCTOR,VOLCAMIENTO,1,NO APLICA,PALMA,NO APLICA,CAMIONETA,RENAULT,PALMIRA,PARTICULAR,NO APLICA
HERIDOS,2020-07-01, 07:20:00,MAÑANA,3_MIERCOLES,VERSALLE S,CARRERA 25 CALLE 42-43,URBANA,TECNICO,3.37882,-76.29446,PERDIDA DEL CONTROL DEL VEHICULO,ACOMPAÑANTE CONDUCTOR,VOLCAMIENTO,1,NO APLICA,PALMA,NO APLICA,NO APLICA,NO APLICA,NO APLICA,NO APLICA,NO APLICA
HERIDOS,2020-07-02, 08:50:00,MAÑANA,4_JUEVES,SANTA RITA,CARRERA 27 CALLE 38,URBANA,TECNICO,3.53466,-76.29674,DESOBEDECER SEÑALES,MOTOCICLISTA,CHOQUE,1,NO APLICA,PALMIRA,NO APLICA,MOTO,YAMAHA,FLORIDA,PARTICULAR,NO APLICA
HERIDOS,2020-07-02, 08:50:00,MAÑANA,4_JUEVES,SANTA RITA,CARRERA 27 CALLE 38,URBANA,TECNICO,3.53466,-76.29674,DESOBEDECER SEÑALES,NO APLICA,CHOQUE,NO APLICA,NO APLICA,NO APLICA,NO APLICA,AUTOMOVIL,MAZDA,PRADERA,PARTICULAR,NO APLICA
HERIDOS,2020-07-03, 10:40:00,MAÑANA,5_VIERNES,TRINIDAD,CALLE 28 CARRERA 23,URBANA,TECNICO,3.52473,-76.29501,DESOBEDECER SEÑALES,MOTOCICLISTA,CHOQUE,1,NO APLICA,PALMIRA,NO APLICA,MOTO,AKT,TULUA,PARTICULAR,NO APLICA
HERIDOS,2020-07-03, 10:40:00,MAÑANA,5_VIERNES,TRINIDAD,CALLE 28 CARRERA 23,URBANA,TECNICO,3.52473,-76.29501,DESOBEDECER SEÑALES,MOTOCICLISTA,CHOQUE,1,NO APLICA,PALMIRA,NO APLICA,MOTO,KYMCO,GUACARI,PARTICULAR,NO APLICA
HERIDOS,2020-07-03, 10:40:00,MAÑANA,5_VIERNES,TRINIDAD,CALLE 28 CARRERA 23,URBANA,TECNICO,3.52473,-76.29501,DESOBEDECER SEÑALES,ACOMPAÑANTE MOTOCICLISTA,CHOQUE,1,NO APLICA,PALMIRA,NO APLICA,NO APLICA,NO APLICA,NO APLICA,NO APLICA,NO APLICA
DAÑOS,2020-07-03, 13:30:00,TARDE,5_VIERNES,NUEVO,CARRERA 29 CALLE 27,URBANA,TECNICO,3.52455,-76.30013,DESOBEDECER SEÑALES,NO APLICA,CHOQUE,NO APLICA,NO APLICA,NO APLICA,NO APLICA,MOTO,SUZUKI,PRADERA,PARTICULAR,NO APLICA
DAÑOS,2020-07-03, 13:30:00,TARDE,5_VIERNES,NUEVO,CARRERA 29 CALLE 27,URBANA,TECNICO,3.52455,-76.30013,DESOBEDECER SEÑALES,NO APLICA,CHOQUE,NO APLICA,NO APLICA,NO APLICA,NO APLICA,AUTOMOVIL,KIA,BOGOTA,PARTICULAR,NO APLICA
HERIDOS,2020-07-04, 07:10:00,MAÑANA,6_SABADO,COLOMBIA,CARRERA 31 CALLE 41,URBANA,TECNICO,3.5375,-76.29992,DESOBEDECER SEÑALES,NO APLICA,CHOQUE,NO APLICA,NO APLICA,NO APLICA,NO APLICA,CAMIONETA,JAC,GUACARI,PARTICULAR,NO APLICA
HERIDOS,2020-07-04, 07:10:00,MAÑANA,6_SABADO,COLOMBIA,CARRERA 31 CALLE 41,URBANA,TECNICO,3.5375,-76.29992,DESOBEDECER SEÑALES,MOTOCICLISTA,CHOQUE,1,NO APLICA,PALMA,NO APLICA,MOTO,SUZUKI,GUACARI,PARTICULAR,NO APLICA
DAÑOS,2020-07-04, 07:55:00,MAÑANA,6_SABADO,CENTRO,CALLE 29 CARRERA 32,URBANA,TECNICO,3.52657,-76.30255,SEMAFORO EN ROJO,NO APLICA,CHOQUE,NO APLICA,NO APLICA,NO APLICA,NO APLICA,CAMIONETA,RENAULT,CALI,PARTICULAR,NO APLICA
DAÑOS,2020-07-04, 07:55:00,MAÑANA,6_SABADO,CENTRO,CALLE 29 CARRERA 32,URBANA,TECNICO,3.52657,-76.30255,SEMAFORO EN ROJO,NO APLICA,CHOQUE,NO APLICA,NO APLICA,NO APLICA,NO APLICA,AUTOMOVIL,HYUNDAI,PALMIRA,PUBLICO,NO APLICA
DAÑOS,2020-07-04, 08:50:00,MAÑANA,6_SABADO,DELICIAS,CALLE 23 CARRERA 23,URBANA,TECNICO,3.52071,-76.29499,DESOBEDECER SEÑALES,NO APLICA,CHOQUE,NO APLICA,NO APLICA,NO APLICA,NO APLICA,CAMIONETA,CHEVROLET,EL CERRITO,PARTICULAR,NO APLICA
DAÑOS,2020-07-04, 08:50:00,MAÑANA,6_SABADO,DELICIAS,CALLE 23 CARRERA 23,URBANA,TECNICO,3.52071,-76.29499,DESOBEDECER SEÑALES,NO APLICA,CHOQUE,NO APLICA,NO APLICA,NO APLICA,NO APLICA,AUTOMOVIL,HYUNDAI,PALMIRA,PARTICULAR,NO APLICA
DAÑOS,2020-07-03, 12:10:00,TARDE,5_VIERNES,SEMBRADOR,CALLE 23 CARRERA 23,URBANA,TECNICO,3.52071,-76.29499,ARRANCAR SIN PRECAUCION,NO APLICA,CHOQUE,NO APLICA,NO APLICA,NO APLICA,NO APLICA,AUTOMOVIL,HYUNDAI,PALMIRA,PUBLICO,FLOTA PALMIRA
DAÑOS,2020-07-03, 12:10:00,TARDE,5_VIERNES,SEMBRADOR,CALLE 23 CARRERA 23,URBANA,TECNICO,3.52071,-76.29499,ARRANCAR SIN PRECAUCION,NO APLICA,CHOQUE,NO APLICA,NO APLICA,NO APLICA,NO APLICA,CAMPERO,CHEVROLET,CALI,PARTICULAR,NO APLICA