GRAVEDAD,FECHA,HORA,JORNADA,DIA_SEMANA,BARRIOS_CORREGIMIENTO_VIA,DIRECCION,ZONA,AUTORIDAD,LAT,LONG,HIPOTESIS,CONDICION_DE_LA_VICTIMA,CLASE_DE_SINIESTRO,LESIONADO,HOMICIDIOS,CLINICA,SITIO,CLASE_DE_VEHICULO,MARCA,MATRICULA,TIPO_DE_SERVICIO,EMPRESA
HERIDOS,2020-07-04, 15:30:00,TARDE,6_SABADO,LOS MANGOS,CARRERA28 CALLE 74,URBANA,TECNICO,3.5595,-76.29096,ADELANTAR POR LA DERECHA,NO APLICA,ATROPELLO,NO APLICA,NO APLICA,NO APLICA,NO APLICA,MOTO,HONDA,FLORIDA,PARTICULAR,NO APLICA
HERIDOS,2020-07-04, 15:30:00,TARDE,6_SABADO,LOS MANGOS,CARRERA28 CALLE 74,URBANA,TECNICO,3.5595,-76.29096,ADELANTAR POR LA DERECHA,PEATON,ATROPELLO,1,NO APLICA,FRACTURAS,NO APLICA,NO APLICA,NO APLICA,NO APLICA,NO APLICA,NO APLICA
HERIDOS,2020-07-05, 10:30:00,MAÑANA,7_DOMINGO,SEMBRADOR,CALLE 16 CARRERA 21,URBANA,TECNICO,3.51471,-76.2934,ADELANTAR POR LA DERECHA,MOTOCICLISTA,CHOQUE,1,NO APLICA,RAUL,NO APLICA,MOTO,HONDA,FLORIDA,PARTICULAR,NO APLICA
HERIDOS,2020-07-05, 10:30:00,MAÑANA,7_DOMINGO,SEMBRADOR,CALLE 16 CARRERA 21,URBANA,TECNICO,3.51471,-76.2934,ADELANTAR POR LA DERECHA,MOTOCICLISTA,CHOQUE,1,NO APLICA,RAUL,NO APLICA,MOTO,SUZUKI,EL CERRITO,PARTICULAR,NO APLICA
HERIDOS,2020-07-05, 10:30:00,MAÑANA,7_DOMINGO,SEMBRADOR,CALLE 16 CARRERA 21,URBANA,TECNICO,3.51471,-76.2934,ADELANTAR POR LA DERECHA,ACOMPAÑANTE MOTOCICLISTA,CHOQUE,1,NO APLICA,RAUL,NO APLICA,NO APLICA,NO APLICA,NO APLICA,NO APLICA,NO APLICA
DAÑOS,2020-07-06, 11:20:00,MAÑANA,1_LUNES,TRINIDAD,CALLE 27 CARRERA 23,URBANA,TECNICO,3.52386,-76.29506,DESOBEDECER SEÑALES,NO APLICA,CHOQUE,NO APLICA,NO APLICA,NO APLICA,NO APLICA,AUTOMOVIL,VOLKSWAGEN,BOGOTA,PARTICULAR,NO APLICA
DAÑOS,2020-07-06, 11:20:00,MAÑANA,1_LUNES,TRINIDAD,CALLE 27 CARRERA 23,URBANA,TECNICO,3.52386,-76.29506,DESOBEDECER SEÑALES,NO APLICA,CHOQUE,NO APLICA,NO APLICA,NO APLICA,NO APLICA,CAMIONETA,CHEVROLET,ARMENIA,PARTICULAR,NO APLICA
HERIDOS,2020-07-06, 12:10:00,TARDE,1_LUNES,FRAY LUIS,CALLE 42 CARRERA 39SUR,URBANA,TECNICO,3.53885,-76.30988,NO RESPETAR PRELACION,NO APLICA,CHOQUE,NO APLICA,NO APLICA,NO APLICA,NO APLICA,AUTOMOVIL,CHEVROLET,CALARCA,PARTICULAR,NO APLICA
HERIDOS,2020-07-06, 12:10:00,TARDE,1_LUNES,FRAY LUIS,CALLE 42 CARRERA 39SUR,URBANA,TECNICO,3.53885,-76.30988,NO RESPETAR PRELACION,CICLISTA,CHOQUE,1,NO APLICA,PALMA,NO APLICA,BICICLETA,NO APLICA,NO APLICA,PARTICULAR,NO APLICA
DAÑOS,2020-07-07, 10:40:00,MAÑANA,2_MARTES,NUEVO,CALLE 27 CARRERA 29,URBANA,TECNICO,3.52459,-76.30012,DESOBEDECER SEÑALES,NO APLICA,CHOQUE,NO APLICA,NO APLICA,NO APLICA,NO APLICA,CAMPERO,RENAULT,BELLO,PARTICULAR,NO APLICA
DAÑOS,2020-07-07, 10:40:00,MAÑANA,2_MARTES,NUEVO,CALLE 27 CARRERA 29,URBANA,TECNICO,3.52459,-76.30012,DESOBEDECER SEÑALES,NO APLICA,CHOQUE,NO APLICA,NO APLICA,NO APLICA,NO APLICA,MOTO,BAJAJ,PALMIRA,PARTICULAR,NO APLICA
HERIDOS,2020-07-07, 12:50:00,TARDE,2_MARTES,TREBOL,CALLE 26A CARRERA 21,URBANA,TECNICO,3.5231,-76.2934,DESOBEDECER SEÑALES,MOTOCICLISTA,CHOQUE,1,NO APLICA,PALMIRA,NO APLICA,MOTO,BAJAJ,PRADERA,PARTICULAR,NO APLICA
HERIDOS,2020-07-07, 12:50:00,TARDE,2_MARTES,TREBOL,CALLE 26A CARRERA 21,URBANA,TECNICO,3.5231,-76.2934,DESOBEDECER SEÑALES,MOTOCICLISTA,CHOQUE,1,NO APLICA,PALMIRA,NO APLICA,MOTO,SUZUKI,META,PARTICULAR,NO APLICA
HERIDOS,2020-07-06, 15:35:00,TARDE,1_LUNES,LA ITALIA,TRASVERSAL 8 DIAGONAL 29,URBANA,TECNICO,3.508e-05,-76.30254,DESOBEDECER SEÑALES,MOTOCICLISTA,CHOQUE,1,NO APLICA,PALMIRA,NO APLICA,MOTO,SUZUKI,PALMIRA,PARTICULAR,NO APLICA
HERIDOS,2020-07-06, 15:35:00,TARDE,1_LUNES,LA ITALIA,TRASVERSAL 8 DIAGONAL 29,URBANA,TECNICO,3.508e-05,-76.30254,DESOBEDECER SEÑALES,MOTOCICLISTA,CHOQUE,1,NO APLICA,PALMA,NO APLICA,MOTO,HONDA,FLORIDA,PARTICULAR,NO APLICA
HERIDOS,2020-07-06, 15:35:00,TARDE,1_LUNES,LA ITALIA,TRASVERSAL 8 DIAGONAL 29,URBANA,TECNICO,3.508e-05,-76.30254,DESOBEDECER SEÑALES,ACOMPAÑANTE MOTOCICLISTA,CHOQUE,1,NO APLICA,PALMA,NO APLICA,NO APLICA,NO APLICA,NO APLICA,NO APLICA,NO APLICA
HERIDOS,2020-07-06, 18:30:00,NOCHE,1_LUNES,LOS SAUSES,CALLE 35 CARRRA 2E-36,URBANA,TECNICO,3.53163,-76.27608,EMBRIAGUEZ,NO APLICA,ATROPELLO,NO APLICA,NO APLICA,NO APLICA,NO APLICA,MOTO,HONDA,PALMIRA,PARTICULAR,NO APLICA
HERIDOS,2020-07-06, 18:30:00,NOCHE,1_LUNES,LOS SAUSES,CALLE 35 CARRRA 2E-36,URBANA,TECNICO,3.53163,-76.27608,EMBRIAGUEZ,PEATON,ATROPELLO,1,NO APLICA,PALMA,NO APLICA,NO APLICA,NO APLICA,NO APLICA,NO APLICA,NO APLICA
HERIDOS,2020-07-08, 09:00:00,MAÑANA,3_MIERCOLES,RECREO,CALLE 23 CARRERA 26,URBANA,TECNICO,3.52077,-76.29823,DESOBEDECER SEÑALES,MOTOCICLISTA,CHOQUE,1,NO APLICA,PALMIRA,NO APLICA,MOTO,AKT,PRADERA,PARTICULAR,NO APLICA
HERIDOS,2020-07-08, 09:00:00,MAÑANA,3_MIERCOLES,RECREO,CALLE 23 CARRERA 26,URBANA,TECNICO,3.52077,-76.29823,DESOBEDECER SEÑALES,NO APLICA,CHOQUE,NO APLICA,NO APLICA,NO APLICA,NO APLICA,AUTOMOVIL,CHEVROLET,CALI,PARTICULAR,NO APLICA
HERIDOS,2020-07-08, 09:00:00,MAÑANA,3_MIERCOLES,RECREO,CALLE 23 CARRERA 26,URBANA,TECNICO,3.52077,-76.29823,DESOBEDECER SEÑALES,NO APLICA,CHOQUE,NO APLICA,NO APLICA,NO APLICA,NO APLICA,MOTO,SUZUKI,JAMUNDI,PARTICULAR,NO APLICA
DAÑOS,2020-07-08, 10:00:00,MAÑANA,3_MIERCOLES,NUEVO,CALLE 24 CARRERA 31-21,URBANA,TECNICO,3.52232,-76.30278,PERDIDA DEL CONTROL DEL VEHICULO,NO APLICA,CHOQUE,NO APLICA,NO APLICA,NO APLICA,NO APLICA,AUTOMOVIL,NISSAN,CALI,PARTICULAR,NO APLICA
DAÑOS,2020-07-07, 16:20:00,TARDE,2_MARTES,INDUSTRIAL,CALLE 42 CARRERA 34BNORTE,URBANA,TECNICO,3.53871,-76.30392,NO MANTENER DISTANCIA DE SEGURIDAD,NO APLICA,CHOQUE,NO APLICA,NO APLICA,NO APLICA,NO APLICA,AUTOMOVIL,MAZDA,PALMIRA,PARTICULAR,NO APLICA
DAÑOS,2020-07-07, 16:20:00,TARDE,2_MARTES,INDUSTRIAL,CALLE 42 CARRERA 34BNORTE,URBANA,TECNICO,3.53871,-76.30392,NO MANTENER DISTANCIA DE SEGURIDAD,NO APLICA,CHOQUE,NO APLICA,NO APLICA,NO APLICA,NO APLICA,MOTO,SUZUKI,GINEBRA,PARTICULAR,NO APLICA
HERIDOS,2020-07-07, 20:15:00,NOCHE,2_MARTES,CAMPESTRE,CALLE 42 CARRERA 2 NORTE,URBANA,TECNICO,3.53675,-76.27794,GIRO EN U,MOTOCICLISTA,CHOQUE,1,NO APLICA,RAUL,NO APLICA,MOTO,HONDA,FLORIDA,PARTICULAR,NO APLICA
HERIDOS,2020-07-07, 20:15:00,NOCHE,2_MARTES,CAMPESTRE,CALLE 42 CARRERA 2 NORTE,URBANA,TECNICO,3.53675,-76.27794,GIRO EN U,NO APLICA,CHOQUE,NO APLICA,NO APLICA,NO APLICA,NO APLICA,CAMIONETA,NISSAN,CALI,PARTICULAR,NO APLICA
HERIDOS,2020-07-07, 20:15:00,NOCHE,2_MARTES,CAMPESTRE,CALLE 42 CARRERA 2 NORTE,URBANA,TECNICO,3.53675,-76.27794,GIRO EN U,ACOMPAÑANTE MOTOCICLISTA,CHOQUE,1,NO APLICA,RAUL,NO APLICA,NO APLICA,NO APLICA,NO APLICA,NO APLICA,NO APLICA
DAÑOS,2020-07-07, 19:30:00,NOCHE,2_MARTES,CENTRO,CARRERA 27 CALLE 31-54,URBANA,TECNICO,3.5274,-76.29793,NO MANTENER DISTANCIA DE SEGURIDAD,NO APLICA,CHOQUE OBJETO FIJO,NO APLICA,NO APLICA,NO APLICA,NO APLICA,CAMIONETA,JAC,EL CERRITO,PARTICULAR,NO APLICA
DAÑOS,2020-07-07, 20:45:00,NOCHE,2_MARTES,MERCEDES,CALLE 57 CARRERA 25,URBANA,TECNICO,3.54772,-76.28967,DESOBEDECER SEÑALES,NO APLICA,CHOQUE,NO APLICA,NO APLICA,NO APLICA,NO APLICA,MOTO,BAJAJ,TULUA,PARTICULAR,NO APLICA
DAÑOS,2020-07-07, 20:45:00,NOCHE,2_MARTES,MERCEDES,CALLE 57 CARRERA 25,URBANA,TECNICO,3.54772,-76.28967,DESOBEDECER SEÑALES,NO APLICA,CHOQUE,NO APLICA,NO APLICA,NO APLICA,NO APLICA,AUTOMOVIL,NISSAN,PALMIRA,PARTICULAR,NO APLICA
HERIDOS,2020-07-07, 16:30:00,TARDE,2_MARTES,CAMPESTRE,CALLE 42A CARRERA 8-67SUR,URBANA,TECNICO,3.5374,-76.27979,REVERSO IMPRUDENTE,NO APLICA,ATROPELLO,NO APLICA,NO APLICA,NO APLICA,NO APLICA,CAMPERO,HYUNDAI,BUGA,PARTICULAR,NO APLICA
HERIDOS,2020-07-07, 16:30:00,TARDE,2_MARTES,CAMPESTRE,CALLE 42A CARRERA 8-67SUR,URBANA,TECNICO,3.5374,-76.27979,REVERSO IMPRUDENTE,PEATON,ATROPELLO,1,NO APLICA,FRACTURAS,NO APLICA,NO APLICA,NO APLICA,NO APLICA,NO APLICA,NO APLICA
DAÑOS,2020-07-07, 16:00:00,TARDE,2_MARTES,CENTRO,CALLE 29 CARRERA 27-29,URBANA,TECNICO,3.52595,-76.29838,INVADIR CARRIL,NO APLICA,CHOQUE,NO APLICA,NO APLICA,NO APLICA,NO APLICA,MICROBUS,CHEVROLET,PALMIRA,PUBLICO,NO APLICA
DAÑOS,2020-07-07, 16:00:00,TARDE,2_MARTES,CENTRO,CALLE 29 CARRERA 27-29,URBANA,TECNICO,3.52595,-76.29838,INVADIR CARRIL,NO APLICA,CHOQUE,NO APLICA,NO APLICA,NO APLICA,NO APLICA,CAMIONETA,FORD,CALI,PARTICULAR,NO APLICA
HERIDOS,2020-07-08, 13:00:00,TARDE,3_MIERCOLES,URIBE,CALLE 33 CARRERA 21,URBANA,TECNICO,3.52946,-76.29262,DESOBEDECER SEÑALES,MOTOCICLISTA,CHOQUE,1,NO APLICA,PALMA,NO APLICA,MOTO,SUZUKI,PALMIRA,PARTICULAR,NO APLICA
HERIDOS,2020-07-08, 13:00:00,TARDE,3_MIERCOLES,URIBE,CALLE 33 CARRERA 21,URBANA,TECNICO,3.52946,-76.29262,DESOBEDECER SEÑALES,NO APLICA,CHOQUE,NO APLICA,NO APLICA,NO APLICA,NO APLICA,AUTOMOVIL,RENAULT,MONTERIA,PARTICULAR,NO APLICA
HERIDOS,2020-07-09, 04:20:00,MADRUGADA,4_JUEVES,VIA PALMIRA CANDELARIA,KM 1 HACIENDA LLANO GRANDE,RURAL,TECNICO,3.50116,-76.31777,NO ACATAR LAS SEÑALES DEL AUXILIAR,NO APLICA,CHOQUE,NO APLICA,NO APLICA,NO APLICA,NO APLICA,TRACTO CAMION,KENWORTH,BELLO,PUBLICO,NO APLICA
HERIDOS,2020-07-09, 04:20:00,MADRUGADA,4_JUEVES,VIA PALMIRA CANDELARIA,KM 1 HACIENDA LLANO GRANDE,RURAL,TECNICO,3.50116,-76.31777,NO ACATAR LAS SEÑALES DEL AUXILIAR,MOTOCICLISTA,CHOQUE,1,NO APLICA,PALMIRA,NO APLICA,MOTO,BAJAJ,PALMIRA,PARTICULAR,NO APLICA
DAÑOS,2020-07-07, 14:13:00,TARDE,2_MARTES,CENTRO,CARRERA 28 CALLE 29-56,URBANA,TECNICO,3.52642,-76.29901,NO MANTENER DISTANCIA DE SEGURIDAD,NO APLICA,CHOQUE,NO APLICA,NO APLICA,NO APLICA,NO APLICA,CAMIONETA,RENAULT,CALI,PARTICULAR,NO APLICA
DAÑOS,2020-07-07, 14:13:00,TARDE,2_MARTES,CENTRO,CARRERA 28 CALLE 29-56,URBANA,TECNICO,3.52642,-76.29901,NO MANTENER DISTANCIA DE SEGURIDAD,NO APLICA,CHOQUE,NO APLICA,NO APLICA,NO APLICA,NO APLICA,AUTOMOVIL,CHEVROLET,GUACARI,PARTICULAR,NO APLICA
HERIDOS,2020-07-09, 08:45:00,MAÑANA,4_JUEVES,URIBE,CALLE 36 CARRERA 22,URBANA,TECNICO,3.53219,-76.29315,DESOBEDECER SEÑALES,MOTOCICLISTA,CHOQUE,1,NO APLICA,PALMIRA,NO APLICA,MOTO,HONDA,FLORIDA,PARTICULAR,NO APLICA
HERIDOS,2020-07-09, 08:45:00,MAÑANA,4_JUEVES,URIBE,CALLE 36 CARRERA 22,URBANA,TECNICO,3.53219,-76.29315,DESOBEDECER SEÑALES,NO APLICA,CHOQUE,NO APLICA,NO APLICA,NO APLICA,NO APLICA,MOTO,HONDA,PRADERA,PARTICULAR,NO APLICA
DAÑOS,2020-07-09, 18:20:00,NOCHE,4_JUEVES,COLOMBIA,DIAGONAL 34 CALLE 32,URBANA,TECNICO,3.53077,-76.30431,DESOBEDECER SEÑALES,NO APLICA,CHOQUE,NO APLICA,NO APLICA,NO APLICA,NO APLICA,MOTO,AKT,PASTO,PARTICULAR,NO APLICA
DAÑOS,2020-07-09, 18:20:00,NOCHE,4_JUEVES,COLOMBIA,DIAGONAL 34 CALLE 32,URBANA,TECNICO,3.53077,-76.30431,DESOBEDECER SEÑALES,NO APLICA,CHOQUE,NO APLICA,NO APLICA,NO APLICA,NO APLICA,CAMIONETA,FORD,CALI,PARTICULAR,NO APLICA
DAÑOS,2020-07-10, 11:00:00,MAÑANA,5_VIERNES,EMILIA,CALLE 36 CARRERA 36,URBANA,TECNICO,3.53392,-76.30657,DESOBEDECER SEÑALES,NO APLICA,CHOQUE,NO APLICA,NO APLICA,NO APLICA,NO APLICA,AUTOMOVIL,MAZDA,CALI,PARTICULAR,NO APLICA
DAÑOS,2020-07-10, 11:00:00,MAÑANA,5_VIERNES,EMILIA,CALLE 36 CARRERA 36,URBANA,TECNICO,3.53392,-76.30657,DESOBEDECER SEÑALES,NO APLICA,CHOQUE,NO APLICA,NO APLICA,NO APLICA,NO APLICA,MOTO,TVS,PRADERA,PARTICULAR,NO APLICA
DAÑOS,2020-07-10, 20:10:00,NOCHE,5_VIERNES,OBRERO,CALLE 36 CARRERA 26,URBANA,TECNICO,3.53392,-76.30657,NO RESPETAR  PRELACION,NO APLICA,CHOQUE,NO APLICA,NO APLICA,NO APLICA,NO APLICA,CAMIONETA,TOYOTA,PALMIRA,PARTICULAR,NO APLICA
DAÑOS,2020-07-10, 20:10:00,NOCHE,5_VIERNES,OBRERO,CALLE 36 CARRERA 26,URBANA,TECNICO,3.53392,-76.30657,NO RESPETAR  PRELACION,NO APLICA,CHOQUE,NO APLICA,NO APLICA,NO APLICA,NO APLICA,MOTO,UNITED M,PRADERA,PARTICULAR,NO APLICA
HERIDOS,2020-07-11, 22:30:00,NOCHE,6_SABADO,SAN CARLOS,CARRERA 7 CALLE 37,URBANA,TECNICO,3.53409,-76.28094,TRANSITAR EN SENTIDO CONTRARIO,MOTOCICLISTA,CHOQUE,1,NO APLICA,PALMA,NO APLICA,MOTO,SUZUKI,PRADERA,PARTICULAR,NO APLICA
HERIDOS,2020-07-11, 22:30:00,NOCHE,6_SABADO,SAN CARLOS,CARRERA 7 CALLE 37,URBANA,TECNICO,3.53409,-76.28094,TRANSITAR EN SENTIDO CONTRARIO,ACOMPAÑANTE MOTOCICLISTA,CHOQUE,1,NO APLICA,PALMA,NO APLICA,NO APLICA,NO APLICA,NO APLICA,NO APLICA,NO APLICA
HERIDOS,2020-07-12, 21:30:00,NOCHE,7_DOMINGO,VIA AEROUPERO ZONA FRANCA PALMASECA,ENTRADA PRINCIPAL,URBANA,TECNICO,3.55832,-76.38559,REPARACION EN LA VIA,MOTOCICLISTA,VOLCAMIENTO,1,NO APLICA,PALMA,NO APLICA,MOTO,HONDA,FLORIDA,PARTICULAR,NO APLICA
HERIDOS,2020-07-12, 02:30:00,MADRUGADA,7_DOMINGO,CAÑA MIEL,CARRERA 19 CALLE 43,URBANA,TECNICO,3.53923,-76.29083,NO REAACIONAR EN UNA SITUACION DE PELIGRO,NO APLICA,CHOQUE,NO APLICA,NO APLICA,NO APLICA,NO APLICA,CAMIONETA,FORD,CALI,PARTICULAR,NO APLICA
HERIDOS,2020-07-12, 02:30:00,MADRUGADA,7_DOMINGO,CAÑA MIEL,CARRERA 19 CALLE 43,URBANA,TECNICO,3.53923,-76.29083,NO REAACIONAR EN UNA SITUACION DE PELIGRO,MOTOCICLISTA,CHOQUE,1,NO APLICA,PALMA,NO APLICA,MOTO,HONDA,GUACARI,PARTICULAR,NO APLICA
HERIDOS,2020-07-12, 02:30:00,MADRUGADA,7_DOMINGO,CAÑA MIEL,CARRERA 19 CALLE 43,URBANA,TECNICO,3.53923,-76.29083,NO REAACIONAR EN UNA SITUACION DE PELIGRO,ACOMPAÑANTE MOTOCICLISTA,CHOQUE,1,NO APLICA,PALMA,NO APLICA,NO APLICA,NO APLICA,NO APLICA,NO APLICA,NO APLICA
DAÑOS,2020-07-11, 12:00:00,TARDE,6_SABADO,ESTONIA,CALLE 42 CARRERA 32,URBANA,TECNICO,3.53843,-76.30087,NO MANTENER DISTANCIA DE SEGURIDAD,NO APLICA,CHOQUE,NO APLICA,NO APLICA,NO APLICA,NO APLICA,AUTOMOVIL,RENAULT,PALMIRA,PARTICULAR,NO APLICA
DAÑOS,2020-07-11, 12:00:00,TARDE,6_SABADO,ESTONIA,CALLE 42 CARRERA 32,URBANA,TECNICO,3.53843,-76.30087,NO MANTENER DISTANCIA DE SEGURIDAD,NO APLICA,CHOQUE,NO APLICA,NO APLICA,NO APLICA,NO APLICA,AUTOMOVIL,RENAULT,CALI,PARTICULAR,NO APLICA
DAÑOS,2020-07-11, 12:00:00,TARDE,6_SABADO,ESTONIA,CALLE 42 CARRERA 32,URBANA,TECNICO,3.53843,-76.30087,NO MANTENER DISTANCIA DE SEGURIDAD,NO APLICA,CHOQUE,NO APLICA,NO APLICA,NO APLICA,NO APLICA,AUTOMOVIL,CHEVROLET,CALI,PARTICULAR,NO APLICA
DAÑOS,2020-07-12, 20:20:00,NOCHE,7_DOMINGO,NUEVO,CARRERA 32 CALLE 20,URBANA,TECNICO,3.51904,-76.3038,SEMAFORO EN ROJO,NO APLICA,CHOQUE,NO APLICA,NO APLICA,NO APLICA,NO APLICA,MOTO,HONDA,GUADALAJARA,PARTICULAR,NO APLICA
DAÑOS,2020-07-12, 20:20:00,NOCHE,7_DOMINGO,NUEVO,CARRERA 32 CALLE 20,URBANA,TECNICO,3.51904,-76.3038,SEMAFORO EN ROJO,NO APLICA,CHOQUE,NO APLICA,NO APLICA,NO APLICA,NO APLICA,AUTOMOVIL,HYUNDAI,PALMIRA,PARTICULAR,NO APLICA
DAÑOS,2020-07-12, 20:40:00,NOCHE,7_DOMINGO,NUEVO,CALLE 23 CARRERAS 33A-34,URBANA,TECNICO,3.52166,-76.30493,OCUPAR CARRIL SENTIDO CONTRARIO,NO APLICA,CHOQUE,NO APLICA,NO APLICA,NO APLICA,NO APLICA,CAMPERO,RENAULT,CALI,PARTICULAR,NO APLICA
DAÑOS,2020-07-12, 20:40:00,NOCHE,7_DOMINGO,NUEVO,CALLE 23 CARRERAS 33A-34,URBANA,TECNICO,3.52166,-76.30493,OCUPAR CARRIL SENTIDO CONTRARIO,NO APLICA,CHOQUE,NO APLICA,NO APLICA,NO APLICA,NO APLICA,MOTO,YAMAHA,PRADERA,PARTICULAR,NO APLICA
HERIDOS,2020-07-12, 20:20:00,NOCHE,7_DOMINGO,SAN PEDRO,CALLE 39 CARRERA 15,URBANA,TECNICO,3.53483,-76.28763,DESOBEDECER SEÑALES,MOTOCICLISTA,CHOQUE,1,NO APLICA,PALMA,NO APLICA,MOTO,VICTORY,PALMIRA,PARTICULAR,NO APLICA
DAÑOS,2020-07-11, 10:00:00,MAÑANA,6_SABADO,AMERICAS,CALLE 17 CARRERA 28A-53,URBANA,TECNICO,3.51624,-76.30131,REVERSA INPRUDENTE,NO APLICA,CHOQUE OBJETO FIJO,NO APLICA,NO APLICA,NO APLICA,NO APLICA,AUTOMOVIL,CHEVROLET,CALI,PARTICULAR,NO APLICA
DAÑOS,2020-07-11, 10:00:00,MAÑANA,6_SABADO,AMERICAS,CALLE 17 CARRERA 28A-53,URBANA,TECNICO,3.51624,-76.30131,REVERSA INPRUDENTE,NO APLICA,CHOQUE OBJETO FIJO,NO APLICA,NO APLICA,NO APLICA,NO APLICA,CAMION,INTERNATIONAL,CALI,PUBLICO,NO APLICA
DAÑOS,2020-07-11, 10:15:00,MAÑANA,6_SABADO,CENTRO,CALLE 31 CARRERA 23,URBANA,TECNICO,3.52742,-76.29461,FALLAS EN LOS SEMAFOROS,NO APLICA,CHOQUE,NO APLICA,NO APLICA,NO APLICA,NO APLICA,MOTO,YAMAHA,PALMIRA,PARTICULAR,NO APLICA
DAÑOS,2020-07-11, 10:15:00,MAÑANA,6_SABADO,CENTRO,CALLE 31 CARRERA 23,URBANA,TECNICO,3.52742,-76.29461,FALLAS EN LOS SEMAFOROS,NO APLICA,CHOQUE,NO APLICA,NO APLICA,NO APLICA,NO APLICA,AUTOMOVIL,KIA,PALMIRA,PARTICULAR,NO APLICA
DAÑOS,2020-07-13, 12:06:00,TARDE,1_LUNES,ZONZ FRANCA PACIFICO,ENTRADA PRINCIPAL,RURAL,TECNICO,3.5585,-76.38557,PONER EN MARCHA SIN OBSEVAR,NO APLICA,CHOQUE OBJETO FIJO,NO APLICA,NO APLICA,NO APLICA,NO APLICA,BUS,YOTONG,SIN MATRICULA,PUBLICO,NO APLICA
DAÑOS,2020-07-13, 12:06:00,TARDE,1_LUNES,ZONZ FRANCA PACIFICO,ENTRADA PRINCIPAL,RURAL,TECNICO,3.5585,-76.38557,PONER EN MARCHA SIN OBSEVAR,NO APLICA,CHOQUE OBJETO FIJO,NO APLICA,NO APLICA,NO APLICA,NO APLICA,CAMION,JAC,GUACARI,PARTICULAR,NO APLICA
HERIDOS,2020-07-14, 11:00:00,MAÑANA,2_MARTES,CHAPINERO,CARRERA 30 DIAGONAL 30,URBANA,TECNICO,3.51133,-76.30243,DESOBEDECER SEÑALES,MOTOCICLISTA,CHOQUE,1,NO APLICA,PALMIRA,NO APLICA,MOTO,YAMAHA,PALMIRA,PARTICULAR,NO APLICA
HERIDOS,2020-07-14, 11:00:00,MAÑANA,2_MARTES,CHAPINERO,CARRERA 30 DIAGONAL 30,URBANA,TECNICO,3.51133,-76.30243,DESOBEDECER SEÑALES,MOTOCICLISTA,CHOQUE,1,NO APLICA,RAUL,NO APLICA,MOTO,ABC,PALMIRA,PARTICULAR,NO APLICA
HERIDOS,2020-07-14, 11:00:00,MAÑANA,2_MARTES,CHAPINERO,CARRERA 30 DIAGONAL 30,URBANA,TECNICO,3.51133,-76.30243,DESOBEDECER SEÑALES,ACOMPAÑANTE MOTOCICLISTA,CHOQUE,1,NO APLICA,RAUL,NO APLICA,NO APLICA,NO APLICA,NO APLICA,NO APLICA,NO APLICA
HERIDOS,2020-07-14, 13:10:00,TARDE,2_MARTES,LOS PINOS,CALLE 42 CARRERA 25-07,URBANA,TECNICO,3.53756,-76.29467,POR ESTABLECER,MOTOCICLISTA,CHOQUE,1,NO APLICA,RAUL,NO APLICA,MOTO,SUZUKI,JAMUNDI,PARTICULAR,NO APLICA
HERIDOS,2020-07-16, 21:10:00,NOCHE,4_JUEVES,BUENOS AIRES,CALLE 35 CARRERA 5E,URBANA,TECNICO,3.53149,-76.27416,PROHIBIDO ADELANTAR EN INTERSECCION,MOTOCICLISTA,CHOQUE,1,NO APLICA,PALMA,NO APLICA,MOTO,HONDA,CALI,PARTICULAR,NO APLICA
HERIDOS,2020-07-16, 21:10:00,NOCHE,4_JUEVES,BUENOS AIRES,CALLE 35 CARRERA 5E,URBANA,TECNICO,3.53149,-76.27416,PROHIBIDO ADELANTAR EN INTERSECCION,MOTOCICLISTA,CHOQUE,1,NO APLICA,PALMIRA,NO APLICA,MOTO,AKT,PALMIRA,PARTICULAR,NO APLICA
DAÑOS,2020-07-16, 10:30:00,MAÑANA,4_JUEVES,VERSALLE S,CALLE 42 CARRERA 28,URBANA,TECNICO,3.53785,-76.2971,NO MANTENER DISTANCIA DE SEGURIDAD,NO APLICA,CHOQUE,NO APLICA,NO APLICA,NO APLICA,NO APLICA,CAMION,DONEFREG,CANDELARIA,PUBLICO,NO APLICA
DAÑOS,2020-07-16, 10:30:00,MAÑANA,4_JUEVES,VERSALLE S,CALLE 42 CARRERA 28,URBANA,TECNICO,3.53785,-76.2971,NO MANTENER DISTANCIA DE SEGURIDAD,NO APLICA,CHOQUE,NO APLICA,NO APLICA,NO APLICA,NO APLICA,CAMION,JAC,GUACARI,PUBLICO,NO APLICA
HERIDOS,2020-07-16, 12:30:00,TARDE,4_JUEVES,RECREO,CALLE 22 CARRERA 28,URBANA,TECNICO,3.53785,-76.2971,NO RESPETAR PRELACION,MOTOCICLISTA,CHOQUE,1,NO APLICA,PALMIRA,NO APLICA,MOTO,KYMCO,PALMIRA,PARTICULAR,NO APLICA