GRAVEDAD,FECHA,HORA,JORNADA,DIA_SEMANA,BARRIOS_CORREGIMIENTO_VIA,DIRECCION,ZONA,AUTORIDAD,LAT,LONG,HIPOTESIS,CONDICION_DE_LA_VICTIMA,CLASE_DE_SINIESTRO,LESIONADO,HOMICIDIOS,CLINICA,SITIO,CLASE_DE_VEHICULO,MARCA,MATRICULA,TIPO_DE_SERVICIO,EMPRESA
HERIDOS,2020-07-16, 12:30:00,TARDE,4_JUEVES,RECREO,CALLE 22 CARRERA 28,URBANA,TECNICO,3.53785,-76.2971,NO RESPETAR PRELACION,NO APLICA,CHOQUE,NO APLICA,NO APLICA,NO APLICA,NO APLICA,CAMPERO,CHEVROLET,BOGOTA,PARTICULAR,NO APLICA
MUERTO,2020-07-18, 11:17:00,MAÑANA,6_SABADO,MERCEDES,CARRERA 28 CALLE 52-51,URBANA,TECNICO,3.54605,-76.29602,CAMBIO DE CARRIL SIN INDICACION,NO APLICA,CHOQUE,NO APLICA,NO APLICA,NO APLICA,NO APLICA,AUTOMOVIL,KIA,CALI,PARTICULAR,NO APLICA
HERIDOS,2020-07-18, 11:17:00,MAÑANA,6_SABADO,MERCEDES,CARRERA 28 CALLE 52-51,URBANA,TECNICO,3.54605,-76.29602,CAMBIO DE CARRIL SIN INDICACION,CICLISTA,CHOQUE,NO APLICA,1,PALMA,NO APLICA,BICICLETA,TURISMO,NO APLICA,PARTICULAR,NO APLICA
HERIDOS,2020-07-18, 12:20:00,TARDE,6_SABADO,URIBE,CALLE 30 CARRERA 20,URBANA,TECNICO,3.52613,-76.29221,DESOBEDECER SEÑALES,MOTOCICLISTA,CHOQUE,1,NO APLICA,RAUL,NO APLICA,MOTO,YAMAHA,PALMIRA,PARTICULAR,NO APLICA
HERIDOS,2020-07-18, 12:20:00,TARDE,6_SABADO,URIBE,CALLE 30 CARRERA 20,URBANA,TECNICO,3.52613,-76.29221,DESOBEDECER SEÑALES,NO APLICA,CHOQUE,NO APLICA,NO APLICA,NO APLICA,NO APLICA,AUTOMOVIL,RENAULT,PALMIRA,PARTICULAR,NO APLICA
HERIDOS,2020-07-18, 12:20:00,TARDE,6_SABADO,URIBE,CALLE 30 CARRERA 20,URBANA,TECNICO,3.52613,-76.29221,DESOBEDECER SEÑALES,NO APLICA,CHOQUE,NO APLICA,NO APLICA,NO APLICA,NO APLICA,AUTOMOVIL,KIA,PALMIRA,PARTICULAR,NO APLICA
HERIDOS,2020-07-18, 12:20:00,TARDE,6_SABADO,URIBE,CALLE 30 CARRERA 20,URBANA,TECNICO,3.52613,-76.29221,DESOBEDECER SEÑALES,NO APLICA,CHOQUE,NO APLICA,NO APLICA,NO APLICA,NO APLICA,AUTOMOVIL,RENAULT,EL CERRITO,PARTICULAR,NO APLICA
HERIDOS,2020-07-18, 12:20:00,TARDE,6_SABADO,URIBE,CALLE 30 CARRERA 20,URBANA,TECNICO,3.52613,-76.29221,DESOBEDECER SEÑALES,NO APLICA,CHOQUE,NO APLICA,NO APLICA,NO APLICA,NO APLICA,AUTOMOVIL,CHEVROLET,PALMIRA,PARTICULAR,NO APLICA
HERIDOS,2020-07-20, 09:30:00,MAÑANA,1_LUNES,SAMANES,CARRERA 28 CALLE 47,URBANA,TECNICO,3.54223,-76.29664,SEMAFORO EN ROJO,MOTOCICLISTA,CHOQUE,1,NO APLICA,PALMA,NO APLICA,MOTO,HONDA,GUACARI,PARTICULAR,NO APLICA
HERIDOS,2020-07-20, 09:30:00,MAÑANA,1_LUNES,SAMANES,CARRERA 28 CALLE 47,URBANA,TECNICO,3.54223,-76.29664,SEMAFORO EN ROJO,MOTOCICLISTA,CHOQUE,1,NO APLICA,PALMA,NO APLICA,MOTO,YAMAHA,PRADERA,PARTICULAR,NO APLICA
HERIDOS,2020-07-20, 09:30:00,MAÑANA,1_LUNES,SAMANES,CARRERA 28 CALLE 47,URBANA,TECNICO,3.54223,-76.29664,SEMAFORO EN ROJO,ACOMPAÑANTE MOTOCICLISTA,CHOQUE,1,NO APLICA,PALMA,NO APLICA,NO APLICA,NO APLICA,NO APLICA,NO APLICA,NO APLICA
HERIDOS,2020-07-20, 09:30:00,MAÑANA,1_LUNES,SAMANES,CARRERA 28 CALLE 47,URBANA,TECNICO,3.54223,-76.29664,SEMAFORO EN ROJO,PEATON,CHOQUE,1,NO APLICA,PALMA,NO APLICA,NO APLICA,NO APLICA,NO APLICA,NO APLICA,NO APLICA
HERIDOS,2020-07-18, 13:50:00,TARDE,1_LUNES,RICON BOSQUE,CALLE 31 CARRERA 7,URBANA,TECNICO,3.52558,-76.28129,NO RESPETAR PRELACION,MOTOCICLISTA,CHOQUE,1,NO APLICA,PALMIRA,NO APLICA,MOTO,YAMAHA,PALMIRA,PARTICULAR,NO APLICA
HERIDOS,2020-07-18, 13:50:00,TARDE,1_LUNES,RICON BOSQUE,CALLE 31 CARRERA 7,URBANA,TECNICO,3.52558,-76.28129,NO RESPETAR PRELACION,MOTOCICLISTA,CHOQUE,1,NO APLICA,PALMIRA,NO APLICA,MOTO,HONDA,FLORIDA,PARTICULAR,NO APLICA
HERIDOS,2020-07-18, 13:50:00,TARDE,1_LUNES,RICON BOSQUE,CALLE 31 CARRERA 7,URBANA,TECNICO,3.52558,-76.28129,NO RESPETAR PRELACION,NO APLICA,CHOQUE,NO APLICA,NO APLICA,NO APLICA,NO APLICA,CAMIONETA,ZAYTE,ENVIGADO,PARTICULAR,NO APLICA
HERIDOS,2020-07-17, 10:40:00,MAÑANA,5_VIERNES,URIBE,CALE 35 CARRERA 22,URBANA,TECNICO,3.53133,-76.29329,DESOBEDECER SEÑALES,NO APLICA,CHOQUE,NO APLICA,NO APLICA,NO APLICA,NO APLICA,AUTOMOVIL,CHEVROLET,PALMIRA,PARTICULAR,NO APLICA
HERIDOS,2020-07-17, 10:40:00,MAÑANA,5_VIERNES,URIBE,CALE 35 CARRERA 22,URBANA,TECNICO,3.53133,-76.29329,DESOBEDECER SEÑALES,MOTOCICLISTA,CHOQUE,1,NO APLICA,FRACTURAS,NO APLICA,MOTO,AKT,PRADERA,PARTICULAR,NO APLICA
HERIDOS,2020-07-19, 04:20:00,MADRUGADA,7_DOMINGO,CENTRO,CARRERA 29 CALLE 32,URBANA,TECNICO,3.52894,-76.29947,SEMAFORO EN ROJO,NO APLICA,CHOQUE,NO APLICA,NO APLICA,NO APLICA,NO APLICA,AUTOMOVIL,HYUNDAI,PALMIRA,PARTICULAR,NO APLICA
HERIDOS,2020-07-19, 04:20:00,MADRUGADA,7_DOMINGO,CENTRO,CARRERA 29 CALLE 32,URBANA,TECNICO,3.52894,-76.29947,SEMAFORO EN ROJO,MOTOCICLISTA,CHOQUE,1,NO APLICA,RAUL,NO APLICA,MOTO,HONDA,FLORIDA,PARTICULAR,NO APLICA
DAÑOS,2020-07-18, 16:30:00,TARDE,6_SABADO,MERCEDES,DIAGONAL 28 CALLE 57,URBANA,TECNICO,3.54795,-76.29334,DESOBEDECER SEÑALES,NO APLICA,CHOQUE,NO APLICA,NO APLICA,NO APLICA,NO APLICA,AUTOMOVIL,CHEVROLET,CALI,PARTICULAR,NO APLICA
DAÑOS,2020-07-18, 16:30:00,TARDE,6_SABADO,MERCEDES,DIAGONAL 28 CALLE 57,URBANA,TECNICO,3.54795,-76.29334,DESOBEDECER SEÑALES,NO APLICA,CHOQUE,NO APLICA,NO APLICA,NO APLICA,NO APLICA,MOTO,SUZUKI,CALI,PARTICULAR,NO APLICA
HERIDOS,2020-07-18, 10:30:00,MAÑANA,6_SABADO,COLOMBIA,CALLE 28 CARRERA13,URBANA,TECNICO,3.52389,-76.2867,NO ESTAR PENDIENTE DE LA VIA,MOTOCICLISTA,CHOQUE,1,NO APLICA,PALMIRA,NO APLICA,MOTO,AKT,PRADERA,PARTICULAR,NO APLICA
HERIDOS,2020-07-18, 10:30:00,MAÑANA,6_SABADO,COLOMBIA,CALLE 28 CARRERA13,URBANA,TECNICO,3.52389,-76.2867,NO ESTAR PENDIENTE DE LA VIA,MOTOCICLISTA,CHOQUE,1,NO APLICA,PALMIRA,NO APLICA,MOTO,HONDA,PRADERA,PARTICULAR,NO APLICA
HERIDOS,2020-07-20, 09:30:00,MAÑANA,1_LUNES,LA EMILIA,CARRERA 35 CALLE40-22,URBANA,TECNICO,3.53759,-76.30639,NO MANTENER DISTANCIA DE SEGURIDAD,NO APLICA,CHOQUE,NO APLICA,NO APLICA,NO APLICA,NO APLICA,AUTOMOVIL,BMW,BOGOTA,PARTICULAR,NO APLICA
HERIDOS,2020-07-20, 09:30:00,MAÑANA,1_LUNES,LA EMILIA,CARRERA 35 CALLE40-22,URBANA,TECNICO,3.53759,-76.30639,NO MANTENER DISTANCIA DE SEGURIDAD,MOTOCICLISTA,CHOQUE,1,NO APLICA,PALMA,NO APLICA,MOTO,AKT,PRADERA,PARTICULAR,NO APLICA
HERIDOS,2020-07-21, 10:30:00,MAÑANA,2_MARTES,CUIDAD DEL CAMPO,CALLE 100 CARRERA 16,RURAL,TECNICO,3.4563,-76.46925,NO RESPETAR PRELACION,MOTOCICLISTA,CHOQUE,1,NO APLICA,VALLE SALUD,NO APLICA,MOTO,AKT,PRADERA,PARTICULAR,NO APLICA
HERIDOS,2020-07-21, 10:30:00,MAÑANA,2_MARTES,CUIDAD DEL CAMPO,CALLE 100 CARRERA 16,RURAL,TECNICO,3.4563,-76.46925,NO RESPETAR PRELACION,NO APLICA,CHOQUE,NO APLICA,NO APLICA,NO APLICA,NO APLICA,AUTOMOVIL,KIA,CALI,PARTICULAR,NO APLICA
DAÑOS,2020-07-21, 17:00:00,TARDE,2_MARTES,NUEVO,CARRERA 32 CALLE 26,URBANA,TECNICO,3.52404,-76.30296,DESOBEDECER SEÑALES,NO APLICA,CHOQUE,NO APLICA,NO APLICA,NO APLICA,NO APLICA,AUTOMOVIL,MAZDA,SANTANDER,PARTICULAR,NO APLICA
DAÑOS,2020-07-21, 17:00:00,TARDE,2_MARTES,NUEVO,CARRERA 32 CALLE 26,URBANA,TECNICO,3.52404,-76.30296,DESOBEDECER SEÑALES,NO APLICA,CHOQUE,NO APLICA,NO APLICA,NO APLICA,NO APLICA,CAMPERO,KIA,BOGOTA,PARTICULAR,NO APLICA
HERIDOS,2020-08-20, 13:15:00,TARDE,4_JUEVES,CHAPINERO,CARRERA 31 CALLE 18,URBANA,TECNICO,3.51708,-76.30349,DESOBEDECER SEÑALES,MOTOCICLISTA,CHOQUE,1,NO APLICA,PALMIRA,NO APLICA,MOTO,BAJAJ,PALMIRA,PARTICULAR,NO APLICA
HERIDOS,2020-07-22, 17:50:00,TARDE,3_MIERCOLES,SESQUI,CARRERA 32 CALLE 12-13,URBANA,TECNICO,3.51174,-76.30661,NO MANTENER DISTANCIA DE SEGURIDAD,NO APLICA,CHOQUE,NO APLICA,NO APLICA,NO APLICA,NO APLICA,AUTOMOVIL,RENAULT,PALMIRA,PARTICULAR,NO APLICA
HERIDOS,2020-07-22, 17:50:00,TARDE,3_MIERCOLES,SESQUI,CARRERA 32 CALLE 12-13,URBANA,TECNICO,3.51174,-76.30661,NO MANTENER DISTANCIA DE SEGURIDAD,MOTOCICLISTA,CHOQUE,1,NO APLICA,PALMIRA,NO APLICA,MOTO,HONDA,FLORIDA,PARTICULAR,NO APLICA
HERIDOS,2020-07-22, 18:30:00,NOCHE,3_MIERCOLES,BIZERTA,CALLE 37 CARRERA 20,URBANA,TECNICO,3.53282,-76.29138,DESOBEDECER SEÑALES,MOTOCICLISTA,CHOQUE,1,NO APLICA,PALMIRA,NO APLICA,MOTO,HONDA,CALI,PARTICULAR,NO APLICA
HERIDOS,2020-07-22, 18:30:00,NOCHE,3_MIERCOLES,BIZERTA,CALLE 37 CARRERA 20,URBANA,TECNICO,3.53282,-76.29138,DESOBEDECER SEÑALES,NO APLICA,CHOQUE,NO APLICA,NO APLICA,NO APLICA,NO APLICA,MOTO,AKT,CALI,PARTICULAR,NO APLICA
HERIDOS,2020-07-22, 19:30:00,NOCHE,3_MIERCOLES,URIBE,CARRERA 21 CALLE 32-52,URBANA,TECNICO,3.52828,-76.29277,POR ESTABLECER,MOTOCICLISTA,CHOQUE,1,NO APLICA,PALMIRA,NO APLICA,MOTO,TVS,PALMIRA,PARTICULAR,NO APLICA
DAÑOS,2020-07-22, 19:50:00,NOCHE,3_MIERCOLES,LLANO GRANDE,CARRERA 43 CALLE 47A-49,URBANA,TECNICO,3.54272,-76.31492,IMPERICIA EN MANEJO,NO APLICA,CHOQUE,NO APLICA,NO APLICA,NO APLICA,NO APLICA,AUTOMOVIL,KIA,PALMIRA,PUBLICO,PALMERAS
DAÑOS,2020-07-22, 19:50:00,NOCHE,3_MIERCOLES,LLANO GRANDE,CARRERA 43 CALLE 47A-49,URBANA,TECNICO,3.54272,-76.31492,IMPERICIA EN MANEJO,NO APLICA,CHOQUE,NO APLICA,NO APLICA,NO APLICA,NO APLICA,BUSETA,CHEVROLET,LETICIA,PUBLICO,TRANSUCOL
HERIDOS,2020-07-22, 11:30:00,MAÑANA,3_MIERCOLES,VIA CORONA ROZO,KM 8 + 72 MTS,RURAL,TECNICO,3.58557,-76.33807,ADELANTAR EN CURVA,MOTOCICLISTA,CHOQUE,1,NO APLICA,PALMA,NO APLICA,MOTO,AKT,PRADERA,PARTICULAR,NO APLICA
HERIDOS,2020-07-22, 11:30:00,MAÑANA,3_MIERCOLES,VIA CORONA ROZO,KM 8 + 72 MTS,RURAL,TECNICO,3.58557,-76.33807,ADELANTAR EN CURVA,CONDUCTOR,CHOQUE,1,NO APLICA,PALMIRA,NO APLICA,CAMIONETA,NISSAN,BOGOTA,PARTICULAR,NO APLICA
HERIDOS,2020-07-22, 11:30:00,MAÑANA,3_MIERCOLES,VIA CORONA ROZO,KM 8 + 72 MTS,RURAL,TECNICO,3.58557,-76.33807,ADELANTAR EN CURVA,ACOMPAÑANTE MOTOCICLISTA,CHOQUE,1,NO APLICA,PALMA,NO APLICA,NO APLICA,NO APLICA,NO APLICA,NO APLICA,NO APLICA
DAÑOS,2020-07-24, 08:00:00,MAÑANA,5_VIERNES,OBRERO,CALLE 35 CARRERA 24,URBANA,TECNICO,3.53155,-76.29498,DESOBEDECER SEÑALES,NO APLICA,CHOQUE,NO APLICA,NO APLICA,NO APLICA,NO APLICA,AUTOMOVIL,MAZDA,CALI,PARTICULAR,NO APLICA
DAÑOS,2020-07-24, 08:00:00,MAÑANA,5_VIERNES,OBRERO,CALLE 35 CARRERA 24,URBANA,TECNICO,3.53155,-76.29498,DESOBEDECER SEÑALES,NO APLICA,CHOQUE,NO APLICA,NO APLICA,NO APLICA,NO APLICA,AUTOMOVIL,HYUNDAI,PALMIRA,PUBLICO,NO APLICA
DAÑOS,2020-07-24, 16:30:00,TARDE,5_VIERNES,CENTRO,CALLE 29 CARRERA 31,URBANA,TECNICO,3.53155,-76.29498,SEMAFORO EN ROJO,NO APLICA,CHOQUE,NO APLICA,NO APLICA,NO APLICA,NO APLICA,AUTOMOVIL,CHEVROLET,GUACARI,PARTICULAR,NO APLICA
DAÑOS,2020-07-24, 16:30:00,TARDE,5_VIERNES,CENTRO,CALLE 29 CARRERA 31,URBANA,TECNICO,3.53155,-76.29498,SEMAFORO EN ROJO,NO APLICA,CHOQUE,NO APLICA,NO APLICA,NO APLICA,NO APLICA,MOTO,AKT,PRADERA,PARTICULAR,NO APLICA
HERIDOS,2020-07-24, 20:30:00,NOCHE,5_VIERNES,URIBE,CALLE 34 CARRERA 23,URBANA,TECNICO,3.53057,-76.29416,DESOBEDECER SEÑALES,NO APLICA,CHOQUE,NO APLICA,NO APLICA,NO APLICA,NO APLICA,AUTOMOVIL,CHEVROLET,CALI,PARTICULAR,NO APLICA
HERIDOS,2020-07-24, 20:30:00,NOCHE,5_VIERNES,URIBE,CALLE 34 CARRERA 23,URBANA,TECNICO,3.53057,-76.29416,DESOBEDECER SEÑALES,CICLISTA,CHOQUE,1,NO APLICA,RAUL,NO APLICA,BICICLETA,SUPER,NO APLICA,PARTICULAR,NO APLICA
HERIDOS,2020-07-24, 20:30:00,NOCHE,5_VIERNES,URIBE,CALLE 34 CARRERA 23,URBANA,TECNICO,3.53057,-76.29416,DESOBEDECER SEÑALES,ACOMPAÑANTE CICLISTA,CHOQUE,1,NO APLICA,RAUL,NO APLICA,NO APLICA,NO APLICA,NO APLICA,NO APLICA,NO APLICA
DAÑOS,2020-07-25, 06:30:00,MAÑANA,6_SABADO,CENTRO,CALLE 31 CARRERA 33,URBANA,TECNICO,3.52859,-76.3032,SEMAFORO EN ROJO,NO APLICA,CHOQUE,NO APLICA,NO APLICA,NO APLICA,NO APLICA,MOTO,BAJAJ,GUACARI,PARTICULAR,NO APLICA
DAÑOS,2020-07-25, 06:30:00,MAÑANA,6_SABADO,CENTRO,CALLE 31 CARRERA 33,URBANA,TECNICO,3.52859,-76.3032,SEMAFORO EN ROJO,NO APLICA,CHOQUE,NO APLICA,NO APLICA,NO APLICA,NO APLICA,AUTOMOVIL,CHEVROLET,GUACARI,PARTICULAR,NO APLICA
HERIDOS,2020-07-25, 17:00:00,TARDE,6_SABADO,LOS SAUSES,CALLE 35 CARRERA 2-11,URBANA,TECNICO,3.53112,-76.27854,EMBRIAGUEZ,NO APLICA,CHOQUE,NO APLICA,NO APLICA,NO APLICA,NO APLICA,AUTOMOVIL,CHEVROLET,CALI,PARTICULAR,NO APLICA
HERIDOS,2020-07-25, 17:00:00,TARDE,6_SABADO,LOS SAUSES,CALLE 35 CARRERA 2-11,URBANA,TECNICO,3.53112,-76.27854,EMBRIAGUEZ,MOTOCICLISTA,CHOQUE,1,NO APLICA,PALMIRA,NO APLICA,MOTO,TVS,PALMIRA,PARTICULAR,NO APLICA
HERIDOS,2020-07-27, 11:05:00,MAÑANA,1_LUNES,URIBE,CALLE 35 CARRERA 20,URBANA,TECNICO,3.5311,-76.29159,DESOBEDECER SEÑALES,NO APLICA,CHOQUE,NO APLICA,NO APLICA,NO APLICA,NO APLICA,AUTOMOVIL,RENAULT,TULUA,PARTICULAR,NO APLICA
HERIDOS,2020-07-27, 11:05:00,MAÑANA,1_LUNES,URIBE,CALLE 35 CARRERA 20,URBANA,TECNICO,3.5311,-76.29159,DESOBEDECER SEÑALES,MOTOCICLISTA,CHOQUE,1,NO APLICA,PALMA,NO APLICA,MOTO,HONDA,MIRANDA,PARTICULAR,NO APLICA
DAÑOS,2020-07-28, 11:30:00,MAÑANA,2_MARTES,LOS MANGOS,CARRERA 28 CALLE 70 -33,URBANA,TECNICO,3.55729,-76.29125,NO MANTENER DISTANCIA DE SEGURIDAD,NO APLICA,CHOQUE,NO APLICA,NO APLICA,NO APLICA,NO APLICA,CAMION,JAC,GUACARI,PUBLICO,NO APLICA
DAÑOS,2020-07-28, 11:30:00,MAÑANA,2_MARTES,LOS MANGOS,CARRERA 28 CALLE 70 -33,URBANA,TECNICO,3.55729,-76.29125,NO MANTENER DISTANCIA DE SEGURIDAD,NO APLICA,CHOQUE,NO APLICA,NO APLICA,NO APLICA,NO APLICA,CAMIONETA,CHEVROLET,GINEBRA,PARTICULAR,NO APLICA
DAÑOS,2020-07-28, 12:05:00,TARDE,2_MARTES,PRADO,CARRERA 41 CALLE 35-14,URBANA,TECNICO,3.53213,-76.31136,ARRANCAR SIN PRECAUCION,NO APLICA,CHOQUE,NO APLICA,NO APLICA,NO APLICA,NO APLICA,CAMION,FORD,CALI,PUBLICO,NO APLICA
DAÑOS,2020-07-28, 12:05:00,TARDE,2_MARTES,PRADO,CARRERA 41 CALLE 35-14,URBANA,TECNICO,3.53213,-76.31136,ARRANCAR SIN PRECAUCION,NO APLICA,CHOQUE,NO APLICA,NO APLICA,NO APLICA,NO APLICA,AUTOMOVIL,MAZDA,ZARZAL,PARTICULAR,NO APLICA
DAÑOS,2020-07-28, 11:10:00,MAÑANA,2_MARTES,CENTRO,CALLE 28 CARRRA 28-29,URBANA,TECNICO,3.52532,-76.29939,DEJAR PASAJEROS EN LA VIA,NO APLICA,CHOQUE,NO APLICA,NO APLICA,NO APLICA,NO APLICA,AUTOMOVIL,DAEWOO,PALMIRA,PUBLICO,UNITAX
DAÑOS,2020-07-28, 11:10:00,MAÑANA,2_MARTES,CENTRO,CALLE 28 CARRRA 28-29,URBANA,TECNICO,3.52532,-76.29939,DEJAR PASAJEROS EN LA VIA,NO APLICA,CHOQUE,NO APLICA,NO APLICA,NO APLICA,NO APLICA,CAMIONETA,TOYOTA,CALI,PARTICULAR,NO APLICA
DAÑOS,2020-07-29, 11:00:00,MAÑANA,3_MIERCOLES,VIA PALMIRA TIENDA NUEVA,KM 3 + 800 MTS,RURAL,TECNICO,3.54798,-76.25897,NO MANTENER DISTANCIA DE SEGURIDAD,NO APLICA,CHOQUE,NO APLICA,NO APLICA,NO APLICA,NO APLICA,CAMIONETA,FORD,CALI,PARTICULAR,NO APLICA
DAÑOS,2020-07-29, 11:00:00,MAÑANA,3_MIERCOLES,VIA PALMIRA TIENDA NUEVA,KM 3 + 800 MTS,RURAL,TECNICO,3.54798,-76.25897,NO MANTENER DISTANCIA DE SEGURIDAD,NO APLICA,CHOQUE,NO APLICA,NO APLICA,NO APLICA,NO APLICA,CAMPERO,RENAULT,PALMIRA,PARTICULAR,NO APLICA
DAÑOS,2020-07-30, 10:00:00,MAÑANA,4_JUEVES,CENTRO,CARRERA 27 CALLE 26,URBANA,TECNICO,3.52324,-76.29869,NO MANTENER DISTANCIA DE SEGURIDAD,NO APLICA,CHOQUE,NO APLICA,NO APLICA,NO APLICA,NO APLICA,AUTOMOVIL,CHEVROLET,CALI,PARTICULAR,NO APLICA
DAÑOS,2020-07-30, 10:00:00,MAÑANA,4_JUEVES,CENTRO,CARRERA 27 CALLE 26,URBANA,TECNICO,3.52324,-76.29869,NO MANTENER DISTANCIA DE SEGURIDAD,NO APLICA,CHOQUE,NO APLICA,NO APLICA,NO APLICA,NO APLICA,CAMIONETA,FORD,BOGOTA,PARTICULAR,NO APLICA
DAÑOS,2020-07-29, 16:00:00,TARDE,3_MIERCOLES,SANTA BARBARA,CALLE 44 CARRERA 26-31,URBANA,TECNICO,3.53904,-76.29561,REVERSA INPRUDENTE,NO APLICA,CHOQUE,NO APLICA,NO APLICA,NO APLICA,NO APLICA,AUTOMOVIL,MAZDA,BOGOTA,PARTICULAR,NO APLICA
DAÑOS,2020-07-29, 16:00:00,TARDE,3_MIERCOLES,SANTA BARBARA,CALLE 44 CARRERA 26-31,URBANA,TECNICO,3.53904,-76.29561,REVERSA INPRUDENTE,NO APLICA,CHOQUE,NO APLICA,NO APLICA,NO APLICA,NO APLICA,CAMIONETA,FOTON,RIVERA,PUBLICO,INVERSIONES MEGAMOTOR
HERIDOS,2020-07-30, 14:30:00,TARDE,4_JUEVES,HACIENDA BUENOA AIRES,CALLE 35 CARRERA 5E,URBANA,TECNICO,3.53169,-76.27513,DESOBEDECER SEÑALES,MOTOCICLISTA,CHOQUE,1,NO APLICA,RAUL,NO APLICA,MOTO,SUZUKI,BUENAVENTURA,PARTICULAR,NO APLICA
HERIDOS,2020-07-30, 14:30:00,TARDE,4_JUEVES,HACIENDA BUENOA AIRES,CALLE 35 CARRERA 5E,URBANA,TECNICO,3.53169,-76.27513,DESOBEDECER SEÑALES,NO APLICA,CHOQUE,NO APLICA,NO APLICA,NO APLICA,NO APLICA,AUTOMOVIL,CHEVROLET,CALI,PARTICULAR,NO APLICA
HERIDOS,2020-07-31, 13:30:00,TARDE,5_VIERNES,SAMANES,CARRERA 28 CALLE 48,URBANA,TECNICO,3.54356,-76.29632,PERDIDA DEL CONTROL DEL VEHICULO,MOTOCICLISTA,CHOQUE OBJETO FIJO,1,NO APLICA,PALMA,NO APLICA,MOTO,JIANLIGN,FLORIDA,PARTICULAR,NO APLICA
MUERTO,2020-07-30, 16:00:00,TARDE,4_JUEVES,VIA PALMIRA A LA BUITRERA,INMUEBLE 817,RURAL,TECNICO,3.50156,-76.22877,POR ESTABLECER,NO APLICA,ATROPELLO,NO APLICA,NO APLICA,NO APLICA,NO APLICA,BICICLETA,NO APLICA,NO APLICA,PARTICULAR,NO APLICA
HERIDOS,2020-07-30, 16:00:00,TARDE,4_JUEVES,VIA PALMIRA A LA BUITRERA,INMUEBLE 817,RURAL,TECNICO,3.50156,-76.22877,POR ESTABLECER,PEATON,ATROPELLO,NO APLICA,1,NO APLICA,NO APLICA,NO APLICA,NO APLICA,NO APLICA,NO APLICA,NO APLICA
DAÑOS,2020-08-01, 13:20:00,TARDE,6_SABADO,TRINIDAD,CALLE 28 CARRERA 24,URBANA,TECNICO,3.52481,-76.29579,DESOBEDECER SEÑALES,NO APLICA,CHOQUE,NO APLICA,NO APLICA,NO APLICA,NO APLICA,CAMIONETA,SSANGYONG,CALI,PARTICULAR,NO APLICA
DAÑOS,2020-08-01, 13:20:00,TARDE,6_SABADO,TRINIDAD,CALLE 28 CARRERA 24,URBANA,TECNICO,3.52481,-76.29579,DESOBEDECER SEÑALES,NO APLICA,CHOQUE,NO APLICA,NO APLICA,NO APLICA,NO APLICA,MOTO,AUTECO,FLORIDA,PARTICULAR,NO APLICA
DAÑOS,2020-08-01, 19:00:00,NOCHE,6_SABADO,NUEVO,CARRERA 31 CALLE 22,URBANA,TECNICO,3.52729,-76.29376,NO ESTAR PENDIENTE DE LA VIA,NO APLICA,CHOQUE,NO APLICA,NO APLICA,NO APLICA,NO APLICA,MOTO,TVS,PRADERA,PARTICULAR,NO APLICA
DAÑOS,2020-08-01, 19:00:00,NOCHE,6_SABADO,NUEVO,CARRERA 31 CALLE 22,URBANA,TECNICO,3.52729,-76.29376,NO ESTAR PENDIENTE DE LA VIA,NO APLICA,CHOQUE,NO APLICA,NO APLICA,NO APLICA,NO APLICA,MOTO,HONDA,FLORIDA,PARTICULAR,NO APLICA
HERIDOS,2020-08-01, 21:20:00,NOCHE,6_SABADO,FRAY LUIS,CALLE 42 CARRERA 46,URBANA,TECNICO,3.53883,-76.31546,CAMBIAR DE CALZADA UTILIZANDO EL SEPARADOR,NO APLICA,CHOQUE,NO APLICA,NO APLICA,NO APLICA,NO APLICA,AUTOMOVIL,RENAULT,CALI,PARTICULAR,NO APLICA
HERIDOS,2020-08-01, 21:20:00,NOCHE,6_SABADO,FRAY LUIS,CALLE 42 CARRERA 46,URBANA,TECNICO,3.53883,-76.31546,CAMBIAR DE CALZADA UTILIZANDO EL SEPARADOR,MOTOCICLISTA,CHOQUE,1,NO APLICA,NO APLICA,NO APLICA,MOTO,KAWASAKI,PALMIRA,PARTICULAR,NO APLICA
DAÑOS,2020-08-02, 18:20:00,NOCHE,7_DOMINGO,TRINIDAD,CALLE 29 CARRERA 24,URBANA,TECNICO,3.52564,-76.29569,DSEMAFORO EN ROJO,NO APLICA,CHOQUE,NO APLICA,NO APLICA,NO APLICA,NO APLICA,AUTOMOVIL,CHEVROLET,PALMIRA,PARTICULAR,NO APLICA
DAÑOS,2020-08-02, 18:20:00,NOCHE,7_DOMINGO,TRINIDAD,CALLE 29 CARRERA 24,URBANA,TECNICO,3.52564,-76.29569,DSEMAFORO EN ROJO,NO APLICA,CHOQUE,NO APLICA,NO APLICA,NO APLICA,NO APLICA,MOTO,BAJAJ,FLORIDA,PARTICULAR,NO APLICA