GRAVEDAD,FECHA,HORA,JORNADA,DIA_SEMANA,BARRIOS_CORREGIMIENTO_VIA,DIRECCION,ZONA,AUTORIDAD,LAT,LONG,HIPOTESIS,CONDICION_DE_LA_VICTIMA,CLASE_DE_SINIESTRO,LESIONADO,HOMICIDIOS,CLINICA,SITIO,CLASE_DE_VEHICULO,MARCA,MATRICULA,TIPO_DE_SERVICIO,EMPRESA
DAÑOS,2020-08-02, 05:30:00,MADRUGADA,7_DOMINGO,URIBE,CALLE 36 CARRERA 21-20,URBANA,TECNICO,3.53211,-76.29275,PERDIDA DEL CONTROL,NO APLICA,CHOQUE MURO,NO APLICA,NO APLICA,NO APLICA,NO APLICA,AUTOMOVIL,CHEVROLET,PALMIRA,PUBLICO,TRANS UNION DE TAXIS
HERIDOS,2020-08-03, 13:20:00,TARDE,1_LUNES,LA ITALIA,CALLE 5E CARRERA 26,URBANA,TECNICO,3.50365,-76.29755,DESOBEDECER SEÑALES,NO APLICA,CHOQUE,NO APLICA,NO APLICA,NO APLICA,NO APLICA,CAMIONETA,RENAULT,PALMIRA,PARTICULAR,NO APLICA
HERIDOS,2020-08-03, 13:20:00,TARDE,1_LUNES,LA ITALIA,CALLE 5E CARRERA 26,URBANA,TECNICO,3.50365,-76.29755,DESOBEDECER SEÑALES,MOTOCICLISTA,CHOQUE,1,NO APLICA,NO APLICA,NO APLICA,MOTO,HONDA,FLORIDA,PARTICULAR,NO APLICA
HERIDOS,2020-08-03, 13:20:00,TARDE,1_LUNES,LA ITALIA,CALLE 5E CARRERA 26,URBANA,TECNICO,3.50365,-76.29755,DESOBEDECER SEÑALES,ACOMPAÑANTE MOTOCICLISTA,CHOQUE,1,NO APLICA,NO APLICA,NO APLICA,NO APLICA,NO APLICA,NO APLICA,NO APLICA,NO APLICA
DAÑOS,2020-08-03, 09:20:00,MAÑANA,1_LUNES,NUEVO,CARRERA 32 CALLE 26,URBANA,TECNICO,3.52404,-76.30295,DESOBEDECER SEÑALES,NO APLICA,CHOQUE,NO APLICA,NO APLICA,NO APLICA,NO APLICA,AUTOMOVIL,MAZDA,PEREIRA,PARTICULAR,NO APLICA
DAÑOS,2020-08-03, 09:20:00,MAÑANA,1_LUNES,NUEVO,CARRERA 32 CALLE 26,URBANA,TECNICO,3.52404,-76.30295,DESOBEDECER SEÑALES,NO APLICA,CHOQUE,NO APLICA,NO APLICA,NO APLICA,NO APLICA,AUTOMOVIL,KIA,PALMIRA,PARTICULAR,NO APLICA
DAÑOS,2020-08-03, 10:40:00,MAÑANA,1_LUNES,CAMPESTRE,CALLE 42 CARRERA 12,URBANA,TECNICO,3.53695,-76.28494,NO MANTENER  DISTANCIA DE SEGURIDAD,NO APLICA,CHOQUE,NO APLICA,NO APLICA,NO APLICA,NO APLICA,MOTO,AKT,GUACARI,PARTICULAR,NO APLICA
DAÑOS,2020-08-03, 10:40:00,MAÑANA,1_LUNES,CAMPESTRE,CALLE 42 CARRERA 12,URBANA,TECNICO,3.53695,-76.28494,NO MANTENER  DISTANCIA DE SEGURIDAD,NO APLICA,CHOQUE,NO APLICA,NO APLICA,NO APLICA,NO APLICA,AUTOMOVIL,KIA,CALI,PARTICULAR,NO APLICA
DAÑOS,2020-08-03, 20:20:00,NOCHE,1_LUNES,CENTRO,CALLE 29 CARRERA 30,URBANA,TECNICO,3.52636,-76.30092,SEMAFORO EN ROJO,NO APLICA,CHOQUE,NO APLICA,NO APLICA,NO APLICA,NO APLICA,CAMPERO,CHEVROLET,MANIZALES,PARTICULAR,NO APLICA
DAÑOS,2020-08-03, 20:20:00,NOCHE,1_LUNES,CENTRO,CALLE 29 CARRERA 30,URBANA,TECNICO,3.52636,-76.30092,SEMAFORO EN ROJO,NO APLICA,CHOQUE,NO APLICA,NO APLICA,NO APLICA,NO APLICA,AUTOMOVIL,KIA,CALI,PARTICULAR,NO APLICA
DAÑOS,2020-08-03, 19:20:00,NOCHE,1_LUNES,INDUSTRIAL,CALE 42 CARRERA 34B-141SUR,URBANA,TECNICO,3.53857,-76.30405,ARRANCAR SIN PRECAUCION,NO APLICA,CHOQUE,NO APLICA,NO APLICA,NO APLICA,NO APLICA,AUTOMOVIL,HYUNDAI,PALMIRA,PUBLICO,NO APLICA
DAÑOS,2020-08-03, 19:20:00,NOCHE,1_LUNES,INDUSTRIAL,CALE 42 CARRERA 34B-141SUR,URBANA,TECNICO,3.53857,-76.30405,ARRANCAR SIN PRECAUCION,NO APLICA,CHOQUE,NO APLICA,NO APLICA,NO APLICA,NO APLICA,AUTOMOVIL,KIA,PALMIRA,PARTICULAR,NO APLICA
DAÑOS,2020-08-04, 15:10:00,TARDE,2_MARTES,COLOMBINA,CALLE 30 CARRERA 10 -31,URBANA,TECNICO,3.52436,-76.28457,VEHICULO ESTACIONADO,NO APLICA,CHOQUE OBJETO FIJO,NO APLICA,NO APLICA,NO APLICA,NO APLICA,BUS,CHEVROLET,PALMIRA,PUBLICO,LINEAS DEL VALLE
DAÑOS,2020-08-04, 15:10:00,TARDE,2_MARTES,COLOMBINA,CALLE 30 CARRERA 10 -31,URBANA,TECNICO,3.52436,-76.28457,VEHICULO ESTACIONADO,NO APLICA,CHOQUE OBJETO FIJO,NO APLICA,NO APLICA,NO APLICA,NO APLICA,AUTOMOVIL,KIA,CALI,PARTICULAR,NO APLICA
DAÑOS,2020-08-04, 18:30:00,NOCHE,2_MARTES,SAMANES,CALLE 47 CARRERA 28A-18,URBANA,TECNICO,3.54213,-76.29702,NO MANTENER  DISTANCIA DE SEGURIDAD,NO APLICA,CHOQUE,NO APLICA,NO APLICA,NO APLICA,NO APLICA,CAMIONETA,HYUNDAI,PALMIRA,PARTICULAR,NO APLICA
DAÑOS,2020-08-04, 18:30:00,NOCHE,2_MARTES,SAMANES,CALLE 47 CARRERA 28A-18,URBANA,TECNICO,3.54213,-76.29702,NO MANTENER  DISTANCIA DE SEGURIDAD,NO APLICA,CHOQUE,NO APLICA,NO APLICA,NO APLICA,NO APLICA,AUTOMOVIL,CHEVROLET,PALMIRA,PUBLICO,TRANS UNION DE TAXIS
DAÑOS,2020-08-03, 12:50:00,TARDE,1_LUNES,CENTRO,CARRERA 32 CALLE 29,URBANA,TECNICO,3.52658,-76.30256,POR ESTABLECER,NO APLICA,CHOQUE,NO APLICA,NO APLICA,NO APLICA,NO APLICA,AUTOMOVIL,KIA,CALI,PARTICULAR,NO APLICA
DAÑOS,2020-08-03, 12:50:00,TARDE,1_LUNES,CENTRO,CARRERA 32 CALLE 29,URBANA,TECNICO,3.52658,-76.30256,POR ESTABLECER,NO APLICA,CHOQUE,NO APLICA,NO APLICA,NO APLICA,NO APLICA,MOTO,SUZUKI,CALI,PARTICULAR,NO APLICA
DAÑOS,2020-08-04, 08:30:00,MAÑANA,2_MARTES,ZAMORANO,CARRERA 28 CALLE 65,URBANA,TECNICO,3.55226,-76.29355,NO MANTENER  DISTANCIA DE SEGURIDAD,NO APLICA,CHOQUE,NO APLICA,NO APLICA,NO APLICA,NO APLICA,CAMIONETA,CHEVROLET,ENVIGADO,PARTICULAR,NO APLICA
DAÑOS,2020-08-04, 08:30:00,MAÑANA,2_MARTES,ZAMORANO,CARRERA 28 CALLE 65,URBANA,TECNICO,3.55226,-76.29355,NO MANTENER  DISTANCIA DE SEGURIDAD,NO APLICA,CHOQUE,NO APLICA,NO APLICA,NO APLICA,NO APLICA,CAMIONETA,FOTON,EL CERRITO,PARTICULAR,NO APLICA
DAÑOS,2020-08-05, 18:30:00,NOCHE,3_MIERCOLES,OLIMPICO,CALLE 27 CARRERA 35,URBANA,TECNICO,3.52558,-76.30624,NO MANTENER  DISTANCIA DE SEGURIDAD,NO APLICA,CHOQUE,NO APLICA,NO APLICA,NO APLICA,NO APLICA,CAMION,JAC,GUACARI,PUBLICO,NO APLICA
DAÑOS,2020-08-05, 18:30:00,NOCHE,3_MIERCOLES,OLIMPICO,CALLE 27 CARRERA 35,URBANA,TECNICO,3.52558,-76.30624,NO MANTENER  DISTANCIA DE SEGURIDAD,NO APLICA,CHOQUE,NO APLICA,NO APLICA,NO APLICA,NO APLICA,CAMIONETA,FORD,EL CERRITO,PARTICULAR,NO APLICA
DAÑOS,2020-08-05, 16:30:00,TARDE,3_MIERCOLES,OBRERO,CARRERA 26 CALLE 34,URBANA,TECNICO,3.53083,-76.29652,DESOBEDECER SEÑALES,NO APLICA,CHOQUE,NO APLICA,NO APLICA,NO APLICA,NO APLICA,AUTOMOVIL,KIA,PALMIRA,PARTICULAR,NO APLICA
DAÑOS,2020-08-05, 16:30:00,TARDE,3_MIERCOLES,OBRERO,CARRERA 26 CALLE 34,URBANA,TECNICO,3.53083,-76.29652,DESOBEDECER SEÑALES,NO APLICA,CHOQUE,NO APLICA,NO APLICA,NO APLICA,NO APLICA,MOTO,HONDA,PALMIRA,PARTICULAR,NO APLICA
HERIDOS,2020-08-05, 20:05:00,NOCHE,3_MIERCOLES,VIA PALMIRA - TABLONES,KM 10 + 200 MTS,RURAL,TECNICO,3.5848,-76.20976,IMPERICIA EN EL MANEJO,NO APLICA,VOLCAMIENTO,NO APLICA,NO APLICA,NO APLICA,NO APLICA,MOTO,HONDA,MIRANDA,PARTICULAR,NO APLICA
HERIDOS,2020-08-05, 20:05:00,NOCHE,3_MIERCOLES,VIA PALMIRA - TABLONES,KM 10 + 200 MTS,RURAL,TECNICO,3.5848,-76.20976,IMPERICIA EN EL MANEJO,ACOMPAÑANTE MOTOCICLISTA,VOLCAMIENTO,1,NO APLICA,RAUL,NO APLICA,NO APLICA,NO APLICA,NO APLICA,NO APLICA,NO APLICA
DAÑOS,2020-08-07, 19:20:00,NOCHE,5_VIERNES,CENTRO POBLADO ROZO,CARRERA 9 CALLE 10,RURAL,TECNICO,3.61461,-76.3867,NO MANTENER  DISTANCIA DE SEGURIDAD,NO APLICA,CHOQUE,NO APLICA,NO APLICA,NO APLICA,NO APLICA,CAMIONETA,SSANGYONG,CALI,PARTICULAR,NO APLICA
DAÑOS,2020-08-07, 19:20:00,NOCHE,5_VIERNES,CENTRO POBLADO ROZO,CARRERA 9 CALLE 10,RURAL,TECNICO,3.61461,-76.3867,NO MANTENER  DISTANCIA DE SEGURIDAD,NO APLICA,CHOQUE,NO APLICA,NO APLICA,NO APLICA,NO APLICA,AUTOMOVIL,MAZDA,BOGOTA,PARTICULAR,NO APLICA
HERIDOS,2020-08-07, 18:45:00,NOCHE,5_VIERNES,CUIDAD DEL CAMPO,CALLE 100 CARRARA 28-27,RURAL,TECNICO,3.45689,-76.46582,TRANSITAR EN CONTRA VIA,NO APLICA,CHOQUE,NO APLICA,NO APLICA,NO APLICA,NO APLICA,MOTO,YAMAHA,SANTANDER,PARTICULAR,NO APLICA
HERIDOS,2020-08-07, 18:45:00,NOCHE,5_VIERNES,CUIDAD DEL CAMPO,CALLE 100 CARRARA 28-27,RURAL,TECNICO,3.45689,-76.46582,TRANSITAR EN CONTRA VIA,MOTOCICLISTA,CHOQUE,1,NO APLICA,CRISTO REY,NO APLICA,MOTO,AKT,PRADERA,PARTICULAR,NO APLICA
HERIDOS,2020-08-07, 18:45:00,NOCHE,5_VIERNES,CUIDAD DEL CAMPO,CALLE 100 CARRARA 28-27,RURAL,TECNICO,3.45689,-76.46582,TRANSITAR EN CONTRA VIA,ACOMPAÑANTE MOTOCICLISTA,CHOQUE,1,NO APLICA,CRISTO REY,NO APLICA,NO APLICA,NO APLICA,NO APLICA,NO APLICA,NO APLICA
DAÑOS,2020-08-08, 16:30:00,TARDE,6_SABADO,VIA PALMIRA QUISQINA,QUISQUINA,RURAL,TECNICO,3.58169,-76.20314,INVADIR CARRIL SENTIDO CONTRARIO,NO APLICA,CHOQUE,NO APLICA,NO APLICA,NO APLICA,NO APLICA,CAMIONETA,CHEVROLET,BUGA,PARTICULAR,NO APLICA
DAÑOS,2020-08-08, 16:30:00,TARDE,6_SABADO,VIA PALMIRA QUISQINA,QUISQUINA,RURAL,TECNICO,3.58169,-76.20314,INVADIR CARRIL SENTIDO CONTRARIO,NO APLICA,CHOQUE,NO APLICA,NO APLICA,NO APLICA,NO APLICA,MOTO,TVS,CALI,PARTICULAR,NO APLICA
HERIDOS,2020-08-09, 15:10:00,TARDE,7_DOMINGO,COLOMBIA,CALLE 35 CARRERA 33,URBANA,TECNICO,3.53263,-76.3028,DESOBEDECER SEÑALES,NO APLICA,CHOQUE,NO APLICA,NO APLICA,NO APLICA,NO APLICA,CAMPERO,CHEVROLET,CALI,PARTICULAR,NO APLICA
HERIDOS,2020-08-09, 15:10:00,TARDE,7_DOMINGO,COLOMBIA,CALLE 35 CARRERA 33,URBANA,TECNICO,3.53263,-76.3028,DESOBEDECER SEÑALES,MOTOCICLISTA,CHOQUE,1,NO APLICA,RAUL,NO APLICA,MOTO,YAMAHA,PRADERA,PARTICULAR,NO APLICA
HERIDOS,2020-08-09, 15:10:00,TARDE,7_DOMINGO,COLOMBIA,CALLE 35 CARRERA 33,URBANA,TECNICO,3.53263,-76.3028,DESOBEDECER SEÑALES,ACOMPAÑANTE MOTOCICLISTA,CHOQUE,1,NO APLICA,RAUL,NO APLICA,NO APLICA,NO APLICA,NO APLICA,NO APLICA,NO APLICA
HERIDOS,2020-08-09, 15:30:00,TARDE,7_DOMINGO,URIBE,CALLE 34 CARRERA 22,URBANA,TECNICO,3.53044,-76.29335,DESOBEDECER SEÑALES,MOTOCICLISTA,CHOQUE,1,NO APLICA,PALMIRA,NO APLICA,MOTO,VICTORY,FLORIDA,PARTICULAR,NO APLICA
HERIDOS,2020-08-09, 15:30:00,TARDE,7_DOMINGO,URIBE,CALLE 34 CARRERA 22,URBANA,TECNICO,3.53044,-76.29335,DESOBEDECER SEÑALES,NO APLICA,CHOQUE,NO APLICA,NO APLICA,NO APLICA,NO APLICA,AUTOMOVIL,KIA,PALMIRA,PARTICULAR,NO APLICA
HERIDOS,2020-08-09, 15:30:00,TARDE,7_DOMINGO,URIBE,CALLE 34 CARRERA 22,URBANA,TECNICO,3.53044,-76.29335,DESOBEDECER SEÑALES,ACOMPAÑANTE MOTOCICLISTA,CHOQUE,1,NO APLICA,PALMIRA,NO APLICA,NO APLICA,NO APLICA,NO APLICA,NO APLICA,NO APLICA
HERIDOS,2020-08-09, 17:20:00,TARDE,7_DOMINGO,ZAMORANO,CALLE 69 CARRERA 31,URBANA,TECNICO,3.55727,-76.29614,ADELANTAR EN ZONA PROHIBIDAD,NO APLICA,CHOQUE,NO APLICA,NO APLICA,NO APLICA,NO APLICA,AUTOMOVIL,KIA,CALI,PARTICULAR,NO APLICA
HERIDOS,2020-08-09, 17:20:00,TARDE,7_DOMINGO,ZAMORANO,CALLE 69 CARRERA 31,URBANA,TECNICO,3.55727,-76.29614,ADELANTAR EN ZONA PROHIBIDAD,MOTOCICLISTA,CHOQUE,1,NO APLICA,PALMIRA,NO APLICA,MOTO,BAJAJ,CANDELARIA,PARTICULAR,NO APLICA
HERIDOS,2020-08-06, 12:10:00,TARDE,4_JUEVES,RECREO,CALLE 18 CARRERA 30,URBANA,TECNICO,3.51694,-76.30255,DESOBEDECER SEÑALES,NO APLICA,CHOQUE,NO APLICA,NO APLICA,NO APLICA,NO APLICA,MOTO,SUZUKI,PALMIRA,PARTICULAR,NO APLICA
HERIDOS,2020-08-06, 12:10:00,TARDE,4_JUEVES,RECREO,CALLE 18 CARRERA 30,URBANA,TECNICO,3.51694,-76.30255,DESOBEDECER SEÑALES,MOTOCICLISTA,CHOQUE,1,NO APLICA,PALMIRA,NO APLICA,MOTO,AKT,CALI,PARTICULAR,NO APLICA
HERIDOS,2020-08-06, 12:10:00,TARDE,4_JUEVES,RECREO,CALLE 18 CARRERA 30,URBANA,TECNICO,3.51694,-76.30255,DESOBEDECER SEÑALES,ACOMPAÑANTE MOTOCICLISTA,CHOQUE,1,NO APLICA,PALMIRA,NO APLICA,NO APLICA,NO APLICA,NO APLICA,NO APLICA,NO APLICA
HERIDOS,2020-08-06, 09:05:00,MAÑANA,4_JUEVES,RECREO,CARRERA 27 CALLE 27,URBANA,TECNICO,3.52433,-76.29855,DESOBEDECER SEÑALES,MOTOCICLISTA,CHOQUE,1,NO APLICA,PALMIRA,NO APLICA,MOTO,SUZUKI,PALMIRA,PARTICULAR,NO APLICA
HERIDOS,2020-08-06, 09:05:00,MAÑANA,4_JUEVES,RECREO,CARRERA 27 CALLE 27,URBANA,TECNICO,3.52433,-76.29855,DESOBEDECER SEÑALES,NO APLICA,CHOQUE,NO APLICA,NO APLICA,NO APLICA,NO APLICA,CAMION,FOTON,GUACARI,PUBLICO,NO APLICA
HERIDOS,2020-08-07, 09:00:00,MAÑANA,5_VIERNES,AMERICAS,CARRERA 24 CALLE 15A,URBANA,TECNICO,3.51422,-76.29592,ADELANTAR INVADIENDO CARRIL,MOTOCICLISTA,CHOQUE,1,NO APLICA,RAUL,NO APLICA,MOTO,BAJAJ,TOLIMA,PARTICULAR,NO APLICA
HERIDOS,2020-08-07, 09:00:00,MAÑANA,5_VIERNES,AMERICAS,CARRERA 24 CALLE 15A,URBANA,TECNICO,3.51422,-76.29592,ADELANTAR INVADIENDO CARRIL,MOTOCICLISTA,CHOQUE,1,NO APLICA,PALMIRA,NO APLICA,MOTO,YAMAHA,GUACARI,PARTICULAR,NO APLICA
HERIDOS,2020-08-07, 09:00:00,MAÑANA,5_VIERNES,AMERICAS,CARRERA 24 CALLE 15A,URBANA,TECNICO,3.51422,-76.29592,ADELANTAR INVADIENDO CARRIL,ACOMPAÑANTE MOTOCICLISTA,CHOQUE,1,NO APLICA,RAUL,NO APLICA,NO APLICA,NO APLICA,NO APLICA,NO APLICA,NO APLICA
HERIDOS,2020-08-10, 11:30:00,MAÑANA,1_LUNES,MERCEDES,CALLE 57 DIAGONAL 28C,URBANA,TECNICO,3.54798,-76.29333,PONER EN MARCHA UN VEHICULO SIN PRECAUCION,MOTOCICLISTA,CHOQUE,1,NO APLICA,PALMA,NO APLICA,MOTO,HONDA,PRADERA,PARTICULAR,NO APLICA
HERIDOS,2020-08-10, 11:30:00,MAÑANA,1_LUNES,MERCEDES,CALLE 57 DIAGONAL 28C,URBANA,TECNICO,3.54798,-76.29333,PONER EN MARCHA UN VEHICULO SIN PRECAUCION,NO APLICA,CHOQUE,NO APLICA,NO APLICA,NO APLICA,NO APLICA,AUTOMOVIL,CHEVROLET,CALI,PARTICULAR,NO APLICA
DAÑOS,2020-08-10, 08:30:00,MAÑANA,1_LUNES,ITALIA,CALLE 5E CARRERA 29,URBANA,TECNICO,3.5034,-76.3018,REVERSA IMPRUDENTE,NO APLICA,CHOQUE,NO APLICA,NO APLICA,NO APLICA,NO APLICA,CAMIONETA,CHEVROLET,BOGOTA,PARTICULAR,NO APLICA
DAÑOS,2020-08-10, 08:30:00,MAÑANA,1_LUNES,ITALIA,CALLE 5E CARRERA 29,URBANA,TECNICO,3.5034,-76.3018,REVERSA IMPRUDENTE,NO APLICA,CHOQUE,NO APLICA,NO APLICA,NO APLICA,NO APLICA,AUTOMOVIL,KIA,CALI,PARTICULAR,NO APLICA
HERIDOS,2020-08-11, 13:10:00,TARDE,2_MARTES,RESERVAS ZAMORANO,CALLE 60 CARRERA 34A,URBANA,TECNICO,3.55047,-76.30508,DESOBEDECER SEÑALES,MOTOCICLISTA,CHOQUE,1,NO APLICA,FRACTURAS,NO APLICA,MOTO,WYS,FLORIDA,PARTICULAR,NO APLICA
HERIDOS,2020-08-11, 13:10:00,TARDE,2_MARTES,RESERVAS ZAMORANO,CALLE 60 CARRERA 34A,URBANA,TECNICO,3.55047,-76.30508,DESOBEDECER SEÑALES,ACOMPAÑANTE MOTOCICLISTA,CHOQUE,1,NO APLICA,FRACTURAS,NO APLICA,NO APLICA,NO APLICA,NO APLICA,NO APLICA,NO APLICA
HERIDOS,2020-08-11, 13:10:00,TARDE,2_MARTES,RESERVAS ZAMORANO,CALLE 60 CARRERA 34A,URBANA,TECNICO,3.55047,-76.30508,DESOBEDECER SEÑALES,NO APLICA,CHOQUE,NO APLICA,NO APLICA,NO APLICA,NO APLICA,MOTO,SUZUKI,EL CERRITO,PARTICULAR,NO APLICA
DAÑOS,2020-08-13, 09:10:00,MAÑANA,4_JUEVES,LORETO,CALLE 42 CARRERA 32B-05,URBANA,TECNICO,3.53843,-76.30178,NO MANTENER  DISTANCIA DE SEGURIDAD,NO APLICA,CHOQUE,NO APLICA,NO APLICA,NO APLICA,NO APLICA,AUTOMOVIL,RENAULT,TULUA,PARTICULAR,NO APLICA
DAÑOS,2020-08-13, 09:10:00,MAÑANA,4_JUEVES,LORETO,CALLE 42 CARRERA 32B-05,URBANA,TECNICO,3.53843,-76.30178,NO MANTENER  DISTANCIA DE SEGURIDAD,NO APLICA,CHOQUE,NO APLICA,NO APLICA,NO APLICA,NO APLICA,CAMPERO,CHEVROLET,FUNZA,PARTICULAR,NO APLICA
DAÑOS,2020-08-13, 09:10:00,MAÑANA,4_JUEVES,LORETO,CALLE 42 CARRERA 32B-05,URBANA,TECNICO,3.53843,-76.30178,NO MANTENER  DISTANCIA DE SEGURIDAD,NO APLICA,CHOQUE,NO APLICA,NO APLICA,NO APLICA,NO APLICA,CAMPERO,MITSUBISHI,MANIZALES,PARTICULAR,NO APLICA
DAÑOS,2020-08-11, 12:30:00,TARDE,2_MARTES,CORONADO,CALLE 57 CARRERA 41,URBANA,TECNICO,3.54783,-76.31196,DESOBEDECER SEÑALES,NO APLICA,CHOQUE,NO APLICA,NO APLICA,NO APLICA,NO APLICA,AUTOMOVIL,HYUNDAI,PALMIRA,PUBLICO,NO APLICA
DAÑOS,2020-08-11, 12:30:00,TARDE,2_MARTES,CORONADO,CALLE 57 CARRERA 41,URBANA,TECNICO,3.54783,-76.31196,DESOBEDECER SEÑALES,NO APLICA,CHOQUE,NO APLICA,NO APLICA,NO APLICA,NO APLICA,AUTOMOVIL,RENAULT,BOGOTA,PARTICULAR,NO APLICA
HERIDOS,2020-08-13, 08:40:00,MAÑANA,4_JUEVES,PRIMERO DE MAYO,CALLE 42 CARRERA 16-30,URBANA,TECNICO,3.53698,-76.28852,ADELANTAR INVADIENDO CARRIL,CONDUCTOR,CHOQUE,1,NO APLICA,NO APLICA,NO APLICA,AUTOMOVIL,HONDA,BOGOTA,PARTICULAR,NO APLICA
HERIDOS,2020-08-13, 08:40:00,MAÑANA,4_JUEVES,PRIMERO DE MAYO,CALLE 42 CARRERA 16-30,URBANA,TECNICO,3.53698,-76.28852,ADELANTAR INVADIENDO CARRIL,MOTOCICLISTA,CHOQUE,1,NO APLICA,NO APLICA,NO APLICA,MOTO,BAJAJ,GINEBRA,PARTICULAR,NO APLICA
DAÑOS,2020-08-12, 15:30:00,TARDE,3_MIERCOLES,SAMANES,CALLE 47 CARRERA 31 -113,URBANA,TECNICO,3.54228,-76.30009,IMPERICIA EN EL MANEJO,NO APLICA,CHOQUE,NO APLICA,NO APLICA,NO APLICA,NO APLICA,AUTOMOVIL,CHERRY,PALMIRA,PUBLICO,TRANS UNION DE TAXIS
DAÑOS,2020-08-12, 15:30:00,TARDE,3_MIERCOLES,SAMANES,CALLE 47 CARRERA 31 -113,URBANA,TECNICO,3.54228,-76.30009,IMPERICIA EN EL MANEJO,NO APLICA,CHOQUE,NO APLICA,NO APLICA,NO APLICA,NO APLICA,MOTO,AKT,PALMIRA,PARTICULAR,NO APLICA
DAÑOS,2020-08-12, 16:45:00,TARDE,3_MIERCOLES,RECREO,CALLE 20 CARRERA 26,URBANA,TECNICO,3.51848,-76.29864,ARRANCAR SIN PRECAUCION,NO APLICA,CHOQUE,NO APLICA,NO APLICA,NO APLICA,NO APLICA,AUTOMOVIL,CHEVROLET,CALI,PARTICULAR,NO APLICA
DAÑOS,2020-08-12, 16:45:00,TARDE,3_MIERCOLES,RECREO,CALLE 20 CARRERA 26,URBANA,TECNICO,3.51848,-76.29864,ARRANCAR SIN PRECAUCION,NO APLICA,CHOQUE,NO APLICA,NO APLICA,NO APLICA,NO APLICA,CAMIONETA,MAZDA,CALI,PARTICULAR,NO APLICA
HERIDOS,2020-08-13, 13:10:00,TARDE,4_JUEVES,CENTRO,CALLE 29 CARRERA 33,URBANA,TECNICO,3.52671,-76.3034,DESOBEDECER SEÑALES,CONDUCTOR,CHOQUE,1,NO APLICA,PALMIRA,NO APLICA,CAMIONETA,SUZUKI,GUACARI,PARTICULAR,NO APLICA
HERIDOS,2020-08-13, 13:10:00,TARDE,4_JUEVES,CENTRO,CALLE 29 CARRERA 33,URBANA,TECNICO,3.52671,-76.3034,DESOBEDECER SEÑALES,NO APLICA,CHOQUE,NO APLICA,NO APLICA,NO APLICA,NO APLICA,CAMIONETA,NISSAN,CALI,PARTICULAR,NO APLICA
DAÑOS,2020-08-13, 15:40:00,TARDE,4_JUEVES,COLOMBIA,CALLE 33 CARRERA 29-46,URBANA,TECNICO,3.53055,-76.29987,ABRIRI PUERTA DEL ACOMPAÑANTE,NO APLICA,CHOQUE,NO APLICA,NO APLICA,NO APLICA,NO APLICA,CAMIONETA,TOYOTA,CANDELARIA,PARTICULAR,NO APLICA
DAÑOS,2020-08-13, 15:40:00,TARDE,4_JUEVES,COLOMBIA,CALLE 33 CARRERA 29-46,URBANA,TECNICO,3.53055,-76.29987,ABRIRI PUERTA DEL ACOMPAÑANTE,NO APLICA,CHOQUE,NO APLICA,NO APLICA,NO APLICA,NO APLICA,MOTO,YAMAHA,GUACARI,PARTICULAR,NO APLICA
DAÑOS,2020-08-14, 16:35:00,TARDE,5_VIERNES,OBRERO,CALLE 41 CARRERA 25,URBANA,TECNICO,3.53675,-76.29462,DESOBEDECER SEÑALES,NO APLICA,CHOQUE,NO APLICA,NO APLICA,NO APLICA,NO APLICA,MOTO,KYMCO,GINEBRA,PARTICULAR,NO APLICA
DAÑOS,2020-08-14, 16:35:00,TARDE,5_VIERNES,OBRERO,CALLE 41 CARRERA 25,URBANA,TECNICO,3.53675,-76.29462,DESOBEDECER SEÑALES,NO APLICA,CHOQUE,NO APLICA,NO APLICA,NO APLICA,NO APLICA,AUTOMOVIL,CHEVROLET,PALMIRA,PARTICULAR,NO APLICA
DAÑOS,2020-08-14, 16:05:00,TARDE,5_VIERNES,CORONADO,CARRERA 68 CALLE 62,URBANA,TECNICO,3.55297,-76.31241,ADELANTAR CERRANDO,NO APLICA,CHOQUE,NO APLICA,NO APLICA,NO APLICA,NO APLICA,CAMPERO,CHEVROLET,BOGOTA,PARTICULAR,NO APLICA
HERIDOS,2020-08-14, 10:50:00,MAÑANA,5_VIERNES,OBRERO,CALLE 38 CARRERA 26,URBANA,TECNICO,3.53455,-76.29594,DESOBEDECER SEÑALES,MOTOCICLISTA,CHOQUE,1,NO APLICA,PALMA,NO APLICA,MOTO,HONDA,TULUA,PARTICULAR,NO APLICA
HERIDOS,2020-08-14, 10:50:00,MAÑANA,5_VIERNES,OBRERO,CALLE 38 CARRERA 26,URBANA,TECNICO,3.53455,-76.29594,DESOBEDECER SEÑALES,NO APLICA,CHOQUE,NO APLICA,NO APLICA,NO APLICA,NO APLICA,AUTOMOVIL,RENAULT,MANIZALES,PARTICULAR,NO APLICA