GRAVEDAD,FECHA,HORA,JORNADA,DIA_SEMANA,BARRIOS_CORREGIMIENTO_VIA,DIRECCION,ZONA,AUTORIDAD,LAT,LONG,HIPOTESIS,CONDICION_DE_LA_VICTIMA,CLASE_DE_SINIESTRO,LESIONADO,HOMICIDIOS,CLINICA,SITIO,CLASE_DE_VEHICULO,MARCA,MATRICULA,TIPO_DE_SERVICIO,EMPRESA
MUERTO,2020-08-16, 04:55:00,MADRUGADA,7_DOMINGO,COLOMBINA,CALLE 29 CARRERA 13,URBANA,TECNICO,3.52458,-76.28661,DESOBEDECER SEÑALES,MOTOCICLISTA,CHOQUE,NO APLICA,1,NO APLICA,NO APLICA,MOTO,BAJAJ,PALMIRA,PARTICULAR,NO APLICA
MUERTO,2020-08-16, 04:55:00,MADRUGADA,7_DOMINGO,COLOMBINA,CALLE 29 CARRERA 13,URBANA,TECNICO,3.52458,-76.28661,DESOBEDECER SEÑALES,NO APLICA,CHOQUE,NO APLICA,NO APLICA,NO APLICA,NO APLICA,BUS,CHEVROLET,PUERTO COLOMBIA,PUBLICO,BRASILIA
DAÑOS,2020-08-15, 18:40:00,NOCHE,6_SABADO,CENTRO,CALLE 31 CARRERA 25,URBANA,TECNICO,3.52761,-76.2962,SEMAFORO EN ROJO,NO APLICA,CHOQUE,NO APLICA,NO APLICA,NO APLICA,NO APLICA,MOTO,HONDA,GUACARI,PARTICULAR,NO APLICA
DAÑOS,2020-08-15, 18:40:00,NOCHE,6_SABADO,CENTRO,CALLE 31 CARRERA 25,URBANA,TECNICO,3.52761,-76.2962,SEMAFORO EN ROJO,NO APLICA,CHOQUE,NO APLICA,NO APLICA,NO APLICA,NO APLICA,AUTOMOVIL,CHEVROLET,PALMIRA,PUBLICO,FLOTA PALMIRA
HERIDOS,2020-08-15, 15:30:00,TARDE,6_SABADO,ITALIA,CARRERA 24 CALLE 6,URBANA,TECNICO,3.5054,-76.29595,IMPERICIA EN EL MANEJO,MOTOCICLISTA,CHOQUE,1,NO APLICA,PALMA,NO APLICA,MOTO,HONDA,GINEBRA,PARTICULAR,NO APLICA
HERIDOS,2020-08-15, 15:30:00,TARDE,6_SABADO,ITALIA,CARRERA 24 CALLE 6,URBANA,TECNICO,3.5054,-76.29595,IMPERICIA EN EL MANEJO,MOTOCICLISTA,CHOQUE,1,NO APLICA,RAUL,NO APLICA,MOTO,BAJAJ,CALI,PARTICULAR,NO APLICA
HERIDOS,2020-08-15, 15:30:00,TARDE,6_SABADO,ITALIA,CARRERA 24 CALLE 6,URBANA,TECNICO,3.5054,-76.29595,IMPERICIA EN EL MANEJO,ACOMPAÑANTE MOTOCICLISTA,CHOQUE,1,NO APLICA,RAUL,NO APLICA,NO APLICA,NO APLICA,NO APLICA,NO APLICA,NO APLICA
DAÑOS,2020-08-15, 18:00:00,NOCHE,6_SABADO,URIBE,CARRERA 23 CALLE 32,URBANA,TECNICO,3.52828,-76.29449,DESOBEDECER SEÑALES,NO APLICA,CHOQUE,NO APLICA,NO APLICA,NO APLICA,NO APLICA,AUTOMOVIL,KIA,CALI,PARTICULAR,NO APLICA
DAÑOS,2020-08-15, 18:00:00,NOCHE,6_SABADO,URIBE,CARRERA 23 CALLE 32,URBANA,TECNICO,3.52828,-76.29449,DESOBEDECER SEÑALES,NO APLICA,CHOQUE,NO APLICA,NO APLICA,NO APLICA,NO APLICA,AUTOMOVIL,CHEVROLET,BOGOTA,PARTICULAR,NO APLICA
HERIDOS,2020-08-15, 19:00:00,NOCHE,6_SABADO,SANTA BARBARA,CALLE 31 CARRERA 37,URBANA,TECNICO,3.52919,-76.30722,FALLAS EN LAS LLANTA,MOTOCICLISTA,OTRO,1,NO APLICA,PALMIRA,NO APLICA,MOTO,BAJAJ,FLORIDA,PARTICULAR,NO APLICA
HERIDOS,2020-08-15, 19:00:00,NOCHE,6_SABADO,SANTA BARBARA,CALLE 31 CARRERA 37,URBANA,TECNICO,3.52919,-76.30722,FALLAS EN LAS LLANTA,NO APLICA,OTRO,NO APLICA,NO APLICA,NO APLICA,NO APLICA,AUTOMOVIL,KIA,CALI,PARTICULAR,NO APLICA
HERIDOS,2020-08-15, 19:00:00,NOCHE,6_SABADO,SANTA BARBARA,CALLE 31 CARRERA 37,URBANA,TECNICO,3.52919,-76.30722,FALLAS EN LAS LLANTA,ACOMPAÑANTE MOTOCICLISTA,OTRO,1,NO APLICA,PALMIRA,NO APLICA,NO APLICA,NO APLICA,NO APLICA,NO APLICA,NO APLICA
DAÑOS,2020-08-14, 13:20:00,TARDE,5_VIERNES,SAMANES,CALLE 47 CARRERA 28A-28,URBANA,TECNICO,3.54212,-76.2971,NO MANTENER  DISTANCIA DE SEGURIDAD,NO APLICA,CHOQUE,NO APLICA,NO APLICA,NO APLICA,NO APLICA,AUTOMOVIL,FIAT,CALI,PARTICULAR,NO APLICA
DAÑOS,2020-08-14, 13:20:00,TARDE,5_VIERNES,SAMANES,CALLE 47 CARRERA 28A-28,URBANA,TECNICO,3.54212,-76.2971,NO MANTENER  DISTANCIA DE SEGURIDAD,NO APLICA,CHOQUE,NO APLICA,NO APLICA,NO APLICA,NO APLICA,CAMIONETA,NISSAN,CALI,PARTICULAR,NO APLICA
HERIDOS,2020-08-16, 17:20:00,TARDE,7_DOMINGO,URIBE,CARRERA 23 CALLE 34,URBANA,TECNICO,3.53059,-76.29415,DESOBEDECER SEÑALES,MOTOCICLISTA,CHOQUE,1,NO APLICA,PALMA,NO APLICA,MOTO,YAMAHA,PRADERA,PARTICULAR,NO APLICA
HERIDOS,2020-08-16, 17:20:00,TARDE,7_DOMINGO,URIBE,CARRERA 23 CALLE 34,URBANA,TECNICO,3.53059,-76.29415,DESOBEDECER SEÑALES,MOTOCICLISTA,CHOQUE,1,NO APLICA,FRACTURAS,NO APLICA,MOTO,HONDA,GUACARI,PARTICULAR,NO APLICA
HERIDOS,2020-08-16, 20:00:00,NOCHE,7_DOMINGO,TREBOL,CALLE 26 CARRERA 18,URBANA,TECNICO,3.52258,-76.29091,TRANSITAR EN CONTRA VIA,MOTOCICLISTA,CHOQUE,1,NO APLICA,PALMIRA,NO APLICA,MOTO,AKT,PRADERA,PARTICULAR,NO APLICA
HERIDOS,2020-08-16, 20:00:00,NOCHE,7_DOMINGO,TREBOL,CALLE 26 CARRERA 18,URBANA,TECNICO,3.52258,-76.29091,TRANSITAR EN CONTRA VIA,NO APLICA,CHOQUE,NO APLICA,NO APLICA,NO APLICA,NO APLICA,MOTO,HONDA,JAMUNDI,PARTICULAR,NO APLICA
HERIDOS,2020-08-17, 18:00:00,NOCHE,1_LUNES,VIA PALMIRA CANDELARIA,ENTRADA CEMENTERIO,URBANA,TECNICO,3.50293,-76.31644,NO ESTAR PENDIENTE DE LA VIA,CICLISTA,CHOQUE,1,NO APLICA,PALMIRA,NO APLICA,BICICLETA,GM,NO APLICA,PARTICULAR,NO APLICA
HERIDOS,2020-08-17, 18:00:00,NOCHE,1_LUNES,VIA PALMIRA CANDELARIA,ENTRADA CEMENTERIO,URBANA,TECNICO,3.50293,-76.31644,NO ESTAR PENDIENTE DE LA VIA,NO APLICA,CHOQUE,NO APLICA,NO APLICA,NO APLICA,NO APLICA,CAMIONETA,CHEVROLET,BOGOTA,PARTICULAR,NO APLICA
HERIDOS,2020-08-18, 09:00:00,MAÑANA,2_MARTES,SESQUI,CARRERA 24 CALLE 10-11,URBANA,TECNICO,3.50881,-76.29591,GIRAR BRUSCAMENTE,NO APLICA,CHOQUE,NO APLICA,NO APLICA,NO APLICA,NO APLICA,MOTO,HONDA,CAICEDONIA,PARTICULAR,NO APLICA
HERIDOS,2020-08-18, 09:00:00,MAÑANA,2_MARTES,SESQUI,CARRERA 24 CALLE 10-11,URBANA,TECNICO,3.50881,-76.29591,GIRAR BRUSCAMENTE,CICLISTA,CHOQUE,1,NO APLICA,PALMIRA,NO APLICA,BICICLETA,TURISMO,NO APLICA,PARTICULAR,NO APLICA
DAÑOS,2020-08-15, 09:30:00,MAÑANA,6_SABADO,VIA PALMIRA BUITRERA,IRACALES KM 306 CASA,RURAL,TECNICO,3.50167,-76.22876,REVERSA IMPRUDENTE,NO APLICA,CHOQUE,NO APLICA,NO APLICA,NO APLICA,NO APLICA,MAQUINARIA,CATERPILLA,NO APLICA,OFICIAL,NO APLICA
DAÑOS,2020-08-15, 09:30:00,MAÑANA,6_SABADO,VIA PALMIRA BUITRERA,IRACALES KM 306 CASA,RURAL,TECNICO,3.50167,-76.22876,REVERSA IMPRUDENTE,NO APLICA,CHOQUE,NO APLICA,NO APLICA,NO APLICA,NO APLICA,CAMIONETA,RENAULT,CALI,PARTICULAR,NO APLICA
HERIDOS,2020-08-20, 09:20:00,MAÑANA,4_JUEVES,MRCEDES,CARRERA 28 CALLE 57 - 58,URBANA,TECNICO,3.54768,-76.29527,CAMBIO DE CARRIL CON O SIN INDICACION,CICLISTA,CHOQUE,1,NO APLICA,PALMA,NO APLICA,BICICLETA,BENOTTO,NO APLICA,PARTICULAR,NO APLICA
HERIDOS,2020-08-20, 09:20:00,MAÑANA,4_JUEVES,MRCEDES,CARRERA 28 CALLE 57 - 58,URBANA,TECNICO,3.54768,-76.29527,CAMBIO DE CARRIL CON O SIN INDICACION,MOTOCICLISTA,CHOQUE,1,NO APLICA,PALMA,NO APLICA,MOTO,HONDA,FLORIDA,PARTICULAR,NO APLICA
DAÑOS,2020-08-20, 11:50:00,MAÑANA,4_JUEVES,MIRRIÑAO,CARRERA28 CALLE 65A-70,URBANA,TECNICO,3.55299,-76.29318,POR ESTABLECER,NO APLICA,CHOQUE,NO APLICA,NO APLICA,NO APLICA,NO APLICA,MOTO,HONDA,MIRANDA,PARTICULAR,NO APLICA
DAÑOS,2020-08-20, 11:50:00,MAÑANA,4_JUEVES,MIRRIÑAO,CARRERA28 CALLE 65A-70,URBANA,TECNICO,3.55299,-76.29318,POR ESTABLECER,NO APLICA,CHOQUE,NO APLICA,NO APLICA,NO APLICA,NO APLICA,TRACTO CAMION,INTERNATIONAL,FUNZA,PUBLICO,NO APLICA
HERIDOS,2020-08-20, 13:15:00,TARDE,4_JUEVES,CHAPINERO,CARRERA 31 CALLE 18,URBANA,TECNICO,3.51708,-76.30349,DESOBEDECER SEÑALES,NO APLICA,CHOQUE,NO APLICA,NO APLICA,NO APLICA,NO APLICA,CAMIONETA,KIA,CALI,PARTICULAR,NO APLICA
HERIDOS,2020-08-20, 13:15:00,TARDE,4_JUEVES,CHAPINERO,CARRERA 31 CALLE 18,URBANA,TECNICO,3.51708,-76.30349,DESOBEDECER SEÑALES,ACOMPAÑANTE MOTOCICLISTA,CHOQUE,1,NO APLICA,PALMIRA,NO APLICA,NO APLICA,NO APLICA,NO APLICA,NO APLICA,NO APLICA
DAÑOS,2020-08-20, 22:40:00,NOCHE,4_JUEVES,NUEVO,CARRERA 32 CALLE 20,URBANA,TECNICO,3.51905,-76.30382,SEMAFORO EN ROJO,NO APLICA,CHOQUE,NO APLICA,NO APLICA,NO APLICA,NO APLICA,AUTOMOVIL,KIA,CANDELARIA,PARTICULAR,NO APLICA
DAÑOS,2020-08-20, 22:40:00,NOCHE,4_JUEVES,NUEVO,CARRERA 32 CALLE 20,URBANA,TECNICO,3.51905,-76.30382,SEMAFORO EN ROJO,NO APLICA,CHOQUE,NO APLICA,NO APLICA,NO APLICA,NO APLICA,AUTOMOVIL,CHEVROLET,CALI,PARTICULAR,NO APLICA
HERIDOS,2020-08-21, 22:00:00,NOCHE,5_VIERNES,COLOMBIA,CARRERA 31 CALLE 37,URBANA,TECNICO,3.53404,-76.30053,TRANSITAR EN CONTRA VIA,NO APLICA,CHOQUE,NO APLICA,NO APLICA,NO APLICA,NO APLICA,MOTO,AKT,PRADERA,PARTICULAR,NO APLICA
HERIDOS,2020-08-21, 22:00:00,NOCHE,5_VIERNES,COLOMBIA,CARRERA 31 CALLE 37,URBANA,TECNICO,3.53404,-76.30053,TRANSITAR EN CONTRA VIA,MOTOCICLISTA,CHOQUE,1,NO APLICA,PALMA,NO APLICA,MOTO,KYMCO,GUACARI,PARTICULAR,NO APLICA
HERIDOS,2020-08-21, 22:00:00,NOCHE,5_VIERNES,COLOMBIA,CARRERA 31 CALLE 37,URBANA,TECNICO,3.53404,-76.30053,TRANSITAR EN CONTRA VIA,ACOMPAÑANTE MOTOCICLISTA,CHOQUE,1,NO APLICA,PALMA,NO APLICA,NO APLICA,NO APLICA,NO APLICA,NO APLICA,NO APLICA
DAÑOS,2020-08-22, 10:40:00,MAÑANA,6_SABADO,TRINIDAD,CALLE 27 CARRERA 23,URBANA,TECNICO,3.52389,-76.29512,DESOBEDECER SEÑALES,NO APLICA,CHOQUE,NO APLICA,NO APLICA,NO APLICA,NO APLICA,AUTOMOVIL,MAZDA,PEREIRA,PARTICULAR,NO APLICA
DAÑOS,2020-08-22, 10:40:00,MAÑANA,6_SABADO,TRINIDAD,CALLE 27 CARRERA 23,URBANA,TECNICO,3.52389,-76.29512,DESOBEDECER SEÑALES,NO APLICA,CHOQUE,NO APLICA,NO APLICA,NO APLICA,NO APLICA,AUTOMOVIL,HYUNDAI,PALMIRA,PARTICULAR,NO APLICA
DAÑOS,2020-08-22, 17:15:00,TARDE,6_SABADO,CENTRO,CARRERA 27 CALLE 27,URBANA,TECNICO,3.52434,-76.29855,DESOBEDECER SEÑALES,NO APLICA,CHOQUE,NO APLICA,NO APLICA,NO APLICA,NO APLICA,CAMIONETA,RENAULT,MEDELLIN,PARTICULAR,NO APLICA
DAÑOS,2020-08-22, 17:15:00,TARDE,6_SABADO,CENTRO,CARRERA 27 CALLE 27,URBANA,TECNICO,3.52434,-76.29855,DESOBEDECER SEÑALES,NO APLICA,CHOQUE,NO APLICA,NO APLICA,NO APLICA,NO APLICA,AUTOMOVIL,FORD,CALI,PARTICULAR,NO APLICA
DAÑOS,2020-08-21, 12:10:00,TARDE,5_VIERNES,RECREO,CARRERA 26 CALLE 24,URBANA,TECNICO,3.52168,-76.29805,ARRANCAR SIN PRECAUCION,NO APLICA,CHOQUE,NO APLICA,NO APLICA,NO APLICA,NO APLICA,MOTO,HERO,FLORIDA,PARTICULAR,NO APLICA
DAÑOS,2020-08-21, 12:10:00,TARDE,5_VIERNES,RECREO,CARRERA 26 CALLE 24,URBANA,TECNICO,3.52168,-76.29805,ARRANCAR SIN PRECAUCION,NO APLICA,CHOQUE,NO APLICA,NO APLICA,NO APLICA,NO APLICA,CAMION,JAC,GUACARI,PARTICULAR,NO APLICA
DAÑOS,2020-08-20, 12:00:00,TARDE,4_JUEVES,SANTA BARBARA,CALLE 31 CARRERA 41-43,URBANA,TECNICO,3.52981,-76.3116,NO ESTAR PENDIENTE DE LA VIA,NO APLICA,CHOQUE,NO APLICA,NO APLICA,NO APLICA,NO APLICA,CAMIONETA,DAIHATSU,BOGOTA,PARTICULAR,NO APLICA
DAÑOS,2020-08-20, 12:00:00,TARDE,4_JUEVES,SANTA BARBARA,CALLE 31 CARRERA 41-43,URBANA,TECNICO,3.52981,-76.3116,NO ESTAR PENDIENTE DE LA VIA,NO APLICA,CHOQUE,NO APLICA,NO APLICA,NO APLICA,NO APLICA,MOTO,SUZUKI,PALMIRA,PARTICULAR,NO APLICA
DAÑOS,2020-08-20, 12:00:00,TARDE,4_JUEVES,SANTA BARBARA,CALLE 31 CARRERA 41-43,URBANA,TECNICO,3.52981,-76.3116,NO ESTAR PENDIENTE DE LA VIA,NO APLICA,CHOQUE,NO APLICA,NO APLICA,NO APLICA,NO APLICA,MOTO,AKT,CALI,PARTICULAR,NO APLICA
DAÑOS,2020-08-24, 16:50:00,TARDE,1_LUNES,CAÑA MIEL,CARRERA 19 CALLE 43,URBANA,TECNICO,3.53919,-76.2908,REALIZAR U,NO APLICA,CHOQUE,NO APLICA,NO APLICA,NO APLICA,NO APLICA,CAMPERO,TOYOTA,BOGOTA,PARTICULAR,NO APLICA
DAÑOS,2020-08-24, 16:50:00,TARDE,1_LUNES,CAÑA MIEL,CARRERA 19 CALLE 43,URBANA,TECNICO,3.53919,-76.2908,REALIZAR U,NO APLICA,CHOQUE,NO APLICA,NO APLICA,NO APLICA,NO APLICA,MOTO,YAMAHA,PRADERA,PARTICULAR,NO APLICA
HERIDOS,2020-08-23, 10:30:00,MAÑANA,7_DOMINGO,SEMBRADOR,CALLE 23 CARRERA 23,URBANA,TECNICO,3.52071,-76.29499,DESOBEDECER SEÑALES,MOTOCICLISTA,CHOQUE,1,NO APLICA,PALMIRA,NO APLICA,MOTO,KEEWAY,PRADERA,PARTICULAR,NO APLICA
HERIDOS,2020-08-23, 10:30:00,MAÑANA,7_DOMINGO,SEMBRADOR,CALLE 23 CARRERA 23,URBANA,TECNICO,3.52071,-76.29499,DESOBEDECER SEÑALES,MOTOCICLISTA,CHOQUE,1,NO APLICA,PALMIRA,NO APLICA,MOTO,KYMCO,PALMIRA,PARTICULAR,NO APLICA
DAÑOS,2020-08-25, 17:15:00,TARDE,2_MARTES,CENTRO,CARRERA 32 CALLE 28 -56,URBANA,TECNICO,3.52596,-76.30267,NO MANTENER  DISTANCIA DE SEGURIDAD,NO APLICA,CHOQUE,NO APLICA,NO APLICA,NO APLICA,NO APLICA,AUTOMOVIL,NISSAN,CALI,PARTICULAR,NO APLICA
DAÑOS,2020-08-25, 17:15:00,TARDE,2_MARTES,CENTRO,CARRERA 32 CALLE 28 -56,URBANA,TECNICO,3.52596,-76.30267,NO MANTENER  DISTANCIA DE SEGURIDAD,NO APLICA,CHOQUE,NO APLICA,NO APLICA,NO APLICA,NO APLICA,AUTOMOVIL,CHEVROLET,PALMIRA,PARTICULAR,NO APLICA
HERIDOS,2020-08-25, 17:05:00,TARDE,2_MARTES,EMILIA,CARRERA 35 CALLE 41-06,URBANA,TECNICO,3.53823,-76.30659,IMPERICIA EN EL MANEJO,MOTOCICLISTA,CHOQUE,1,NO APLICA,PALMA,NO APLICA,MOTO,HONDA,PALMIRA,PARTICULAR,NO APLICA
HERIDOS,2020-08-25, 17:05:00,TARDE,2_MARTES,EMILIA,CARRERA 35 CALLE 41-06,URBANA,TECNICO,3.53823,-76.30659,IMPERICIA EN EL MANEJO,NO APLICA,CHOQUE,NO APLICA,NO APLICA,NO APLICA,NO APLICA,MOTO,JIANLIGN,CALI,PARTICULAR,NO APLICA
HERIDOS,2020-08-25, 17:05:00,TARDE,2_MARTES,EMILIA,CARRERA 35 CALLE 41-06,URBANA,TECNICO,3.53823,-76.30659,IMPERICIA EN EL MANEJO,ACOMPAÑANTE MOTOCICLISTA,CHOQUE,1,NO APLICA,PALMA,NO APLICA,NO APLICA,NO APLICA,NO APLICA,NO APLICA,NO APLICA
DAÑOS,2020-08-26, 14:30:00,TARDE,3_MIERCOLES,CENTRO,CALLE 29 CARRERA 31,URBANA,TECNICO,3.52651,-76.30183,SEMAFORO EN ROJO,NO APLICA,CHOQUE,NO APLICA,NO APLICA,NO APLICA,NO APLICA,MOTO,KYMCO,PRADERA,PARTICULAR,NO APLICA
DAÑOS,2020-08-26, 14:30:00,TARDE,3_MIERCOLES,CENTRO,CALLE 29 CARRERA 31,URBANA,TECNICO,3.52651,-76.30183,SEMAFORO EN ROJO,NO APLICA,CHOQUE,NO APLICA,NO APLICA,NO APLICA,NO APLICA,AUTOMOVIL,VOLKSWAGEN,CALI,PARTICULAR,NO APLICA
DAÑOS,2020-08-20, 21:00:00,NOCHE,4_JUEVES,CENTRO,CARRERA 32 CALLE28,URBANA,TECNICO,3.52582,-76.30268,SEMAFORO EN ROJO,NO APLICA,CHOQUE,NO APLICA,NO APLICA,NO APLICA,NO APLICA,BUS,CHEVROLET,PALMIRA,PUBLICO,NO APLICA
DAÑOS,2020-08-20, 21:00:00,NOCHE,4_JUEVES,CENTRO,CARRERA 32 CALLE28,URBANA,TECNICO,3.52582,-76.30268,SEMAFORO EN ROJO,NO APLICA,CHOQUE,NO APLICA,NO APLICA,NO APLICA,NO APLICA,AUTOMOVIL,VOLKSWAGEN,CALI,PARTICULAR,NO APLICA
HERIDOS,2020-08-23, 11:00:00,MAÑANA,7_DOMINGO,NUEVO,CARRERA 32 CALLE 20,URBANA,TECNICO,3.51905,-76.30382,SEMAFORO EN ROJO,MOTOCICLISTA,CHOQUE,1,NO APLICA,RAUL,NO APLICA,MOTO,HONDA,FLORIDA,PARTICULAR,NO APLICA
HERIDOS,2020-08-23, 11:00:00,MAÑANA,7_DOMINGO,NUEVO,CARRERA 32 CALLE 20,URBANA,TECNICO,3.51905,-76.30382,SEMAFORO EN ROJO,MOTOCICLISTA,CHOQUE,1,NO APLICA,RAUL,NO APLICA,MOTO,HONDA,GUACARI,PARTICULAR,NO APLICA
HERIDOS,2020-08-23, 11:00:00,MAÑANA,7_DOMINGO,NUEVO,CARRERA 32 CALLE 20,URBANA,TECNICO,3.51905,-76.30382,SEMAFORO EN ROJO,ACOMPAÑANTE MOTOCICLISTA,CHOQUE,1,NO APLICA,RAUL,NO APLICA,NO APLICA,NO APLICA,NO APLICA,NO APLICA,NO APLICA
HERIDOS,2020-08-25, 10:20:00,MAÑANA,2_MARTES,NUEVO,CARRERA 30 CALLE 25,URBANA,TECNICO,3.52299,-76.30146,DESOBEDECER SEÑALES,NO APLICA,ATROPELLO,NO APLICA,NO APLICA,NO APLICA,NO APLICA,MOTO,HONDA,FLORIDA,PARTICULAR,NO APLICA
HERIDOS,2020-08-25, 10:20:00,MAÑANA,2_MARTES,NUEVO,CARRERA 30 CALLE 25,URBANA,TECNICO,3.52299,-76.30146,DESOBEDECER SEÑALES,NO APLICA,ATROPELLO,1,NO APLICA,PALMIRA,NO APLICA,NO APLICA,NO APLICA,NO APLICA,NO APLICA,NO APLICA
DAÑOS,2020-08-25, 11:00:00,MAÑANA,2_MARTES,DELICIAS,CARRERA 26 CALLE 27-18,URBANA,TECNICO,3.52445,-76.29764,NO ESTAR PENDIENTE DE LA VIA,NO APLICA,CHOQUE,NO APLICA,NO APLICA,NO APLICA,NO APLICA,AUTOMOVIL,MAZDA,CALI,PARTICULAR,NO APLICA
DAÑOS,2020-08-25, 11:00:00,MAÑANA,2_MARTES,DELICIAS,CARRERA 26 CALLE 27-18,URBANA,TECNICO,3.52445,-76.29764,NO ESTAR PENDIENTE DE LA VIA,NO APLICA,CHOQUE,NO APLICA,NO APLICA,NO APLICA,NO APLICA,MOTO,YAMAHA,PRADERA,PARTICULAR,NO APLICA
HERIDOS,2020-08-25, 12:10:00,TARDE,2_MARTES,TRINIDAD,CALLE 28 CARRERA 23,URBANA,TECNICO,3.52473,-76.29501,DESOBEDECER SEÑALES,MOTOCICLISTA,CHOQUE,1,NO APLICA,RAUL,NO APLICA,MOTO,AUTECO,GUACARI,PARTICULAR,NO APLICA
HERIDOS,2020-08-25, 12:10:00,TARDE,2_MARTES,TRINIDAD,CALLE 28 CARRERA 23,URBANA,TECNICO,3.52473,-76.29501,DESOBEDECER SEÑALES,NO APLICA,CHOQUE,NO APLICA,NO APLICA,NO APLICA,NO APLICA,CAMIONETA,VOLKSWAGEN,CALI,PARTICULAR,NO APLICA
DAÑOS,2020-08-26, 12:10:00,TARDE,3_MIERCOLES,URIBE,CALLE 33 CARRERA 23,URBANA,TECNICO,3.52969,-76.29427,DESOBEDECER SEÑALES,NO APLICA,CHOQUE,NO APLICA,NO APLICA,NO APLICA,NO APLICA,AUTOMOVIL,RENAULT,CALI,PARTICULAR,NO APLICA
DAÑOS,2020-08-26, 12:10:00,TARDE,3_MIERCOLES,URIBE,CALLE 33 CARRERA 23,URBANA,TECNICO,3.52969,-76.29427,DESOBEDECER SEÑALES,NO APLICA,CHOQUE,NO APLICA,NO APLICA,NO APLICA,NO APLICA,MOTO,HONDA,PALMIRA,PARTICULAR,NO APLICA
HERIDOS,2020-08-27, 20:45:00,NOCHE,4_JUEVES,COLOMBINA,CALLE 30 CARRERA 14,URBANA,TECNICO,3.52541,-76.28736,PONER EN MARCHA UN VEHICULO SIN PRECAUCION,NO APLICA,CHOQUE,NO APLICA,NO APLICA,NO APLICA,NO APLICA,CAMIONETA,CHEVROLET,CUNDINAMARCA,PARTICULAR,NO APLICA
HERIDOS,2020-08-27, 20:45:00,NOCHE,4_JUEVES,COLOMBINA,CALLE 30 CARRERA 14,URBANA,TECNICO,3.52541,-76.28736,PONER EN MARCHA UN VEHICULO SIN PRECAUCION,MOTOCICLISTA,CHOQUE,1,NO APLICA,RAUL,NO APLICA,MOTO,HERO,FLORIDA,PARTICULAR,NO APLICA
DAÑOS,2020-08-28, 13:50:00,TARDE,5_VIERNES,ZAMORANO,CALLE 60 CARRERA 28,URBANA,TECNICO,3.55073,-76.29418,NO MANTENER DISTANCIA,NO APLICA,CHOQUE,NO APLICA,NO APLICA,NO APLICA,NO APLICA,AUTOMOVIL,MAZDA,PALMIRA,PARTICULAR,NO APLICA
DAÑOS,2020-08-28, 13:50:00,TARDE,5_VIERNES,ZAMORANO,CALLE 60 CARRERA 28,URBANA,TECNICO,3.55073,-76.29418,NO MANTENER DISTANCIA,NO APLICA,CHOQUE,NO APLICA,NO APLICA,NO APLICA,NO APLICA,AUTOMOVIL,CHEVROLET,CALI,PARTICULAR,NO APLICA
HERIDOS,2020-08-29, 00:05:00,MADRUGADA,6_SABADO,COLOMBIA,CARRERA 33 CALLE 34,URBANA,TECNICO,3.53189,-76.30293,DESOBEDECER SEÑALES,MOTOCICLISTA,CHOQUE,1,NO APLICA,PALMIRA,NO APLICA,MOTO,AKT,PALMIRA,PARTICULAR,NO APLICA
HERIDOS,2020-08-29, 00:05:00,MADRUGADA,6_SABADO,COLOMBIA,CARRERA 33 CALLE 34,URBANA,TECNICO,3.53189,-76.30293,DESOBEDECER SEÑALES,NO APLICA,CHOQUE,NO APLICA,NO APLICA,NO APLICA,NO APLICA,AUTOMOVIL,RENAULT,PALMIRA,PARTICULAR,NO APLICA
HERIDOS,2020-08-29, 15:15:00,TARDE,6_SABADO,UIRBE,CARRERA 23 CALLE 34,URBANA,TECNICO,3.53057,-76.29415,DESOBEDECER SEÑALES,MOTOCICLISTA,CHOQUE,1,NO APLICA,PALMIRA,NO APLICA,MOTO,TVS,PALMIRA,PARTICULAR,NO APLICA
HERIDOS,2020-08-29, 15:15:00,TARDE,6_SABADO,UIRBE,CARRERA 23 CALLE 34,URBANA,TECNICO,3.53057,-76.29415,DESOBEDECER SEÑALES,MOTOCICLISTA,CHOQUE,1,NO APLICA,PALMIRA,NO APLICA,MOTO,AKT,PRADERA,PARTICULAR,NO APLICA
HERIDOS,2020-08-29, 15:15:00,TARDE,6_SABADO,UIRBE,CARRERA 23 CALLE 34,URBANA,TECNICO,3.53057,-76.29415,DESOBEDECER SEÑALES,ACOMPAÑANTE MOTOCICLISTA,CHOQUE,1,NO APLICA,PALMIRA,NO APLICA,NO APLICA,NO APLICA,NO APLICA,NO APLICA,NO APLICA
HERIDOS,2020-08-29, 21:30:00,NOCHE,6_SABADO,VERSALLE S,CALLE 42 CARRERA 30-29,URBANA,TECNICO,3.53807,-76.29899,SEMAFORO EN ROJO,MOTOCICLISTA,CHOQUE,1,NO APLICA,RAUL,NO APLICA,MOTO,HERO,PRADERA,PARTICULAR,NO APLICA
HERIDOS,2020-08-29, 21:30:00,NOCHE,6_SABADO,VERSALLE S,CALLE 42 CARRERA 30-29,URBANA,TECNICO,3.53807,-76.29899,SEMAFORO EN ROJO,CICLISTA,CHOQUE,1,NO APLICA,RAUL,NO APLICA,BICICLETA,NO APLICA,NO APLICA,PARTICULAR,NO APLICA