GRAVEDAD,FECHA,HORA,JORNADA,DIA_SEMANA,BARRIOS_CORREGIMIENTO_VIA,DIRECCION,ZONA,AUTORIDAD,LAT,LONG,HIPOTESIS,CONDICION_DE_LA_VICTIMA,CLASE_DE_SINIESTRO,LESIONADO,HOMICIDIOS,CLINICA,SITIO,CLASE_DE_VEHICULO,MARCA,MATRICULA,TIPO_DE_SERVICIO,EMPRESA
HERIDOS,2020-08-29, 12:30:00,TARDE,6_SABADO,TRINIDAD,CALLE 28 CARRERA 24,URBANA,TECNICO,3.52481,-76.29579,DESOBEDECER SEÑALES,MOTOCICLISTA,CHOQUE,1,NO APLICA,PALMIRA,NO APLICA,MOTO,BAJAJ,PALMIRA,PARTICULAR,NO APLICA
HERIDOS,2020-08-29, 12:30:00,TARDE,6_SABADO,TRINIDAD,CALLE 28 CARRERA 24,URBANA,TECNICO,3.52481,-76.29579,DESOBEDECER SEÑALES,NO APLICA,CHOQUE,NO APLICA,NO APLICA,NO APLICA,NO APLICA,MOTO,BAJAJ,GINEBRA,PARTICULAR,NO APLICA
HERIDOS,2020-08-29, 12:30:00,TARDE,6_SABADO,TRINIDAD,CALLE 28 CARRERA 24,URBANA,TECNICO,3.52481,-76.29579,DESOBEDECER SEÑALES,ACOMPAÑANTE MOTOCICLISTA,CHOQUE,1,NO APLICA,PALMIRA,NO APLICA,NO APLICA,NO APLICA,NO APLICA,NO APLICA,NO APLICA
DAÑOS,2020-08-29, 14:00:00,TARDE,6_SABADO,OBRERO,CARRERA 26 CALLE 41,URBANA,TECNICO,3.53692,-76.29558,DESOBEDECER SEÑALES,NO APLICA,CHOQUE,NO APLICA,NO APLICA,NO APLICA,NO APLICA,CAMIONETA,MITSUBISHI,PUERTO LETICIA,PARTICULAR,NO APLICA
DAÑOS,2020-08-29, 14:00:00,TARDE,6_SABADO,OBRERO,CARRERA 26 CALLE 41,URBANA,TECNICO,3.53692,-76.29558,DESOBEDECER SEÑALES,NO APLICA,CHOQUE,NO APLICA,NO APLICA,NO APLICA,NO APLICA,AUTOMOVIL,HYUNDAI,PALMIRA,PARTICULAR,NO APLICA
HERIDOS,2020-08-29, 17:50:00,TARDE,6_SABADO,VIA CORONA ROZO,PUENTE MALINBU,RURAL,TECNICO,3.58009,-76.32765,INVADIR CARRIL SENTIDO CONTRARIO,NO APLICA,CHOQUE,NO APLICA,NO APLICA,NO APLICA,NO APLICA,AUTOMOVIL,KIA,SOGAMOSO,PARTICULAR,NO APLICA
HERIDOS,2020-08-29, 17:50:00,TARDE,6_SABADO,VIA CORONA ROZO,PUENTE MALINBU,RURAL,TECNICO,3.58009,-76.32765,INVADIR CARRIL SENTIDO CONTRARIO,CONDUCTOR,CHOQUE,1,NO APLICA,PALMA,NO APLICA,CAMIONETA,CHEVROLET,DOS QUEBRADAS,PARTICULAR,NO APLICA
DAÑOS,2020-08-30, 17:40:00,TARDE,7_DOMINGO,MERCEDES,CALLE 57 CARRERA 25,URBANA,TECNICO,3.54774,-76.28965,ADELANTAR PÒR LA DERECHA,NO APLICA,CHOQUE,NO APLICA,NO APLICA,NO APLICA,NO APLICA,MOTO,YAMAHA,CALI,PARTICULAR,NO APLICA
DAÑOS,2020-08-30, 17:40:00,TARDE,7_DOMINGO,MERCEDES,CALLE 57 CARRERA 25,URBANA,TECNICO,3.54774,-76.28965,ADELANTAR PÒR LA DERECHA,NO APLICA,CHOQUE,NO APLICA,NO APLICA,NO APLICA,NO APLICA,AUTOMOVIL,NISSAN,PALMIRA,PARTICULAR,NO APLICA
HERIDOS,2020-08-30, 17:30:00,TARDE,7_DOMINGO,CENTRO POBLADO LA TORRE,CALLE 10 CARRERA 18A,URBANA,TECNICO,3.61842,-76.42307,NO MANTENER DISTANCIA DE SEGURIDAD,MOTOCICLISTA,CHOQUE,1,NO APLICA,RAUL,NO APLICA,MOTO,HONDA,CALI,PARTICULAR,NO APLICA
HERIDOS,2020-08-30, 17:30:00,TARDE,7_DOMINGO,CENTRO POBLADO LA TORRE,CALLE 10 CARRERA 18A,URBANA,TECNICO,3.61842,-76.42307,NO MANTENER DISTANCIA DE SEGURIDAD,MOTOCICLISTA,CHOQUE,1,NO APLICA,PALMIRA,NO APLICA,MOTO,AUTECO,CANDELARIA,PARTICULAR,NO APLICA
HERIDOS,2020-08-26, 07:00:00,MAÑANA,3_MIERCOLES,NUEVO,CARRERA 29 CALLE 27,URBANA,TECNICO,3.52456,-76.30013,DESOBEDECER SEÑALES,NO APLICA,CHOQUE,NO APLICA,NO APLICA,NO APLICA,NO APLICA,MOTO,TVS,GUACARI,PARTICULAR,NO APLICA
HERIDOS,2020-08-26, 07:00:00,MAÑANA,3_MIERCOLES,NUEVO,CARRERA 29 CALLE 27,URBANA,TECNICO,3.52456,-76.30013,DESOBEDECER SEÑALES,CICLISTA,CHOQUE,1,NO APLICA,PALMIRA,NO APLICA,BICICLETA,NO APLICA,NO APLICA,PARTICULAR,NO APLICA
HERIDOS,2020-08-26, 07:00:00,MAÑANA,3_MIERCOLES,NUEVO,CARRERA 29 CALLE 27,URBANA,TECNICO,3.52456,-76.30013,DESOBEDECER SEÑALES,NO APLICA,CHOQUE,NO APLICA,NO APLICA,NO APLICA,NO APLICA,MOTO,HONDA,CALI,PARTICULAR,NO APLICA
DAÑOS,2020-08-30, 00:30:00,MADRUGADA,7_DOMINGO,ESTONIA,CALLE 42 CARRERA 32,URBANA,TECNICO,3.53839,-76.30088,NO ESTAR PENDIENTE DE LA VIA,NO APLICA,CHOQUE,NO APLICA,NO APLICA,NO APLICA,NO APLICA,CAMIONETA,FORD,CALI,PARTICULAR,NO APLICA
DAÑOS,2020-08-30, 00:30:00,MADRUGADA,7_DOMINGO,ESTONIA,CALLE 42 CARRERA 32,URBANA,TECNICO,3.53839,-76.30088,NO ESTAR PENDIENTE DE LA VIA,NO APLICA,CHOQUE,NO APLICA,NO APLICA,NO APLICA,NO APLICA,AUTOMOVIL,VOLKSWAGEN,CALI,PARTICULAR,NO APLICA
HERIDOS,2020-08-29, 16:20:00,TARDE,6_SABADO,ITALIA,CARRERA 28 CALE 4b,URBANA,TECNICO,3.50097,-76.29934,CRUZAR SIN OBSERVAR,NO APLICA,ATROPELLO,NO APLICA,NO APLICA,NO APLICA,NO APLICA,AUTOMOVIL,KIA,PALMIRA,PUBLICO,NO APLICA
HERIDOS,2020-08-29, 16:20:00,TARDE,6_SABADO,ITALIA,CARRERA 28 CALE 4b,URBANA,TECNICO,3.50097,-76.29934,CRUZAR SIN OBSERVAR,PEATON,ATROPELLO,1,NO APLICA,RAUL,NO APLICA,NO APLICA,NO APLICA,NO APLICA,NO APLICA,NO APLICA
DAÑOS,2020-08-29, 23:00:00,NOCHE,6_SABADO,SAN PEDRO,CALLE 36 CARERA 19-18,URBANA,TECNICO,3.53178,-76.29088,TRANSITAR EN CONTRA VIA,NO APLICA,CHOQUE,NO APLICA,NO APLICA,NO APLICA,NO APLICA,AUTOMOVIL,MAZDA,POPAYAN,PARTICULAR,NO APLICA
MUERTO,2020-08-21, 14:05:00,TARDE,5_VIERNES,NUEVO,CARRERA 31 CALLE 22,URBANA,TECNICO,3.52061,-76.30281,NO REDUCIR LA VELOCIDA EN INTERSECCION,MOTOCICLISTA,ATROPELLO,1,NO APLICA,PALMA,NO APLICA,MOTO,HONDA,FLORIDA,PARTICULAR,NO APLICA
MUERTO,2020-08-21, 14:05:00,TARDE,5_VIERNES,NUEVO,CARRERA 31 CALLE 22,URBANA,TECNICO,3.52061,-76.30281,NO REDUCIR LA VELOCIDA EN INTERSECCION,PEATON,ATROPELLO,NO APLICA,1,PALMA,NO APLICA,NO APLICA,NO APLICA,NO APLICA,NO APLICA,NO APLICA
DAÑOS,2020-09-01, 10:10:00,TARDE,2_MARTES,SANTA ISABEL,CARRERA 28 CALLE 46-20,URBANA,TECNICO,3.5717,-76.2666,NO MANTENER DISTANCIA,NO APLICA,CHOQUE,NO APLICA,NO APLICA,NO APLICA,NO APLICA,AUTOMOVIL,DAEWOO,CALI,PARTICULAR,NO APLICA
DAÑOS,2020-09-01, 10:10:00,TARDE,2_MARTES,SANTA ISABEL,CARRERA 28 CALLE 46-20,URBANA,TECNICO,3.5717,-76.2666,NO MANTENER DISTANCIA,NO APLICA,CHOQUE,NO APLICA,NO APLICA,NO APLICA,NO APLICA,CAMPERO,SUZUKI,SABANETA,PARTICULAR,NO APLICA
DAÑOS,2020-09-01, 11:10:00,MAÑANA,2_MARTES,INDUSTRIAL,CALLE 42 CARRERA 35 SUR,URBANA,TECNICO,3.5383,-76.3064,ADELANTAR PÒR LA DERECHA,NO APLICA,CHOQUE,NO APLICA,NO APLICA,NO APLICA,NO APLICA,CAMPERO,CHEVROLET,GUACARI,PARTICULAR,NO APLICA
DAÑOS,2020-09-01, 11:10:00,MAÑANA,2_MARTES,INDUSTRIAL,CALLE 42 CARRERA 35 SUR,URBANA,TECNICO,3.5383,-76.3064,ADELANTAR PÒR LA DERECHA,NO APLICA,CHOQUE,NO APLICA,NO APLICA,NO APLICA,NO APLICA,CAMIONETA,TOYOTA,EL CERRITO,PARTICULAR,NO APLICA
DAÑOS,2020-09-01, 12:00:00,TARDE,2_MARTES,COLOMBIA,CALLE 33 CARRERA 31,URBANA,TECNICO,3.5307,-76.3009,SEMAFORO EN ROJO,NO APLICA,CHOQUE,NO APLICA,NO APLICA,NO APLICA,NO APLICA,AUTOMOVIL,MAZDA,PALMIRA,PARTICULAR,NO APLICA
HERIDOS,2020-09-01, 10:50:00,MAÑANA,2_MARTES,NUEVO,CALLE 27 CARRERA 33,URBANA,TECNICO,3.5252,-76.3035,DESOBEDECER SEÑALES,NO APLICA,CHOQUE,NO APLICA,NO APLICA,NO APLICA,NO APLICA,AUTOMOVIL,KIA,CALI,PARTICULAR,NO APLICA
HERIDOS,2020-09-01, 10:50:00,MAÑANA,2_MARTES,NUEVO,CALLE 27 CARRERA 33,URBANA,TECNICO,3.5252,-76.3035,DESOBEDECER SEÑALES,MOTOCICLISTA,CHOQUE,1,NO APLICA,PALMIRA,NO APLICA,MOTO,HONDA,FLORIDA,PARTICULAR,NO APLICA
HERIDOS,2020-09-01, 10:50:00,MAÑANA,2_MARTES,NUEVO,CALLE 27 CARRERA 33,URBANA,TECNICO,3.5252,-76.3035,DESOBEDECER SEÑALES,ACOMPAÑANTE MOTOCICLISTA,CHOQUE,1,NO APLICA,PALMIRA,NO APLICA,NO APLICA,NO APLICA,NO APLICA,NO APLICA,NO APLICA
DAÑOS,2020-08-01, 15:30:00,TARDE,2_MARTES,URIBE,CALLE 30 CARRERA 21-50,URBANA,TECNICO,3.52626,-76.29332,ARRANCAR SIN PRECAUCION,NO APLICA,CHOQUE,NO APLICA,NO APLICA,NO APLICA,NO APLICA,CAMION,JMC,TULUA,PARTICULAR,NO APLICA
DAÑOS,2020-08-01, 15:30:00,TARDE,2_MARTES,URIBE,CALLE 30 CARRERA 21-50,URBANA,TECNICO,3.52626,-76.29332,ARRANCAR SIN PRECAUCION,NO APLICA,CHOQUE,NO APLICA,NO APLICA,NO APLICA,NO APLICA,AUTOMOVIL,MAZDA,CALI,PARTICULAR,NO APLICA
HERIDOS,2020-09-01, 20:00:00,NOCHE,2_MARTES,LAS FLORES,CALLE 30 CARRERA 1,URBANA,TECNICO,3.52096,-76.27796,NO RESPETAR PRELACION,MOTOCICLISTA,CHOQUE,1,NO APLICA,PALMA,NO APLICA,MOTO,YAMAHA,CALI,PARTICULAR,NO APLICA
HERIDOS,2020-09-01, 20:00:00,NOCHE,2_MARTES,LAS FLORES,CALLE 30 CARRERA 1,URBANA,TECNICO,3.52096,-76.27796,NO RESPETAR PRELACION,MOTOCICLISTA,CHOQUE,1,NO APLICA,PALMA,NO APLICA,MOTO,SUZUKI,PALMIRA,PARTICULAR,NO APLICA
HERIDOS,2020-09-02, 21:07:00,NOCHE,3_MIERCOLES,SESQUI,CALLE 11 CARRERA 27,URBANA,TECNICO,3.51028,-76.30021,DESOBEDECER SEÑALES,MOTOCICLISTA,CHOQUE,1,NO APLICA,PALMIRA,NO APLICA,MOTO,HONDA,FLORIDA,PARTICULAR,NO APLICA
HERIDOS,2020-09-02, 21:07:00,NOCHE,3_MIERCOLES,SESQUI,CALLE 11 CARRERA 27,URBANA,TECNICO,3.51028,-76.30021,DESOBEDECER SEÑALES,NO APLICA,CHOQUE,NO APLICA,NO APLICA,NO APLICA,NO APLICA,AUTOMOVIL,KIA,PALMIRA,PUBLICO,PALMERAS
HERIDOS,2020-09-03, 16:20:00,TARDE,4_JUEVES,URIBE,CARRERA 23 CALLE 34,URBANA,TECNICO,3.53057,-76.29415,DESOBEDECER SEÑALES,NO APLICA,CHOQUE,NO APLICA,NO APLICA,NO APLICA,NO APLICA,CAMIONETA,CHEVROLET,PALMIRA,PARTICULAR,NO APLICA
HERIDOS,2020-09-03, 16:20:00,TARDE,4_JUEVES,URIBE,CARRERA 23 CALLE 34,URBANA,TECNICO,3.53057,-76.29415,DESOBEDECER SEÑALES,MOTOCICLISTA,CHOQUE,1,NO APLICA,PALMIRA,NO APLICA,MOTO,HONDA,IBAGUE,PARTICULAR,NO APLICA
HERIDOS,2020-09-04, 15:50:00,TARDE,5_VIERNES,URIBE,CALLE 34 CARRERA 23,URBANA,TECNICO,3.53057,-76.29415,DESOBEDECER SEÑALES,NO APLICA,CHOQUE,NO APLICA,NO APLICA,NO APLICA,NO APLICA,CAMIONETA,KIA,FLORIDA,PARTICULAR,NO APLICA
HERIDOS,2020-09-04, 15:50:00,TARDE,5_VIERNES,URIBE,CALLE 34 CARRERA 23,URBANA,TECNICO,3.53057,-76.29415,DESOBEDECER SEÑALES,MOTOCICLISTA,CHOQUE,1,NO APLICA,RAUL,NO APLICA,MOTO,AUTECO,PRADERA,PARTICULAR,NO APLICA
HERIDOS,2020-09-03, 18:50:00,NOCHE,4_JUEVES,PRADO,CALLE 36 CARRERA 41,URBANA,TECNICO,3.53324,-76.31136,ARRANCAR SIN PRECAUCION,MOTOCICLISTA,CHOQUE,1,NO APLICA,PALMA,NO APLICA,MOTO,HONDA,FLORIDA,PARTICULAR,NO APLICA
HERIDOS,2020-09-03, 18:50:00,NOCHE,4_JUEVES,PRADO,CALLE 36 CARRERA 41,URBANA,TECNICO,3.53324,-76.31136,ARRANCAR SIN PRECAUCION,NO APLICA,CHOQUE,NO APLICA,NO APLICA,NO APLICA,NO APLICA,AUTOMOVIL,MAZDA,PALMIRA,PUBLICO,UNION  TAXIS
HERIDOS,2020-09-03, 18:50:00,NOCHE,4_JUEVES,PRADO,CALLE 36 CARRERA 41,URBANA,TECNICO,3.53324,-76.31136,ARRANCAR SIN PRECAUCION,ACOMPAÑANTE MOTOCICLISTA,CHOQUE,1,NO APLICA,PALMA,NO APLICA,NO APLICA,NO APLICA,NO APLICA,NO APLICA,NO APLICA
HERIDOS,2020-09-05, 06:15:00,MAÑANA,6_SABADO,SANTA ISABEL,CARRERA 28 CALLE 43,URBANA,TECNICO,3.53884,-76.29721,NO MANTENER DISTANCIA,MOTOCICLISTA,CHOQUE,1,NO APLICA,FRACTURAS,NO APLICA,MOTO,AUTECO,PRADERA,PARTICULAR,NO APLICA
HERIDOS,2020-09-05, 06:15:00,MAÑANA,6_SABADO,SANTA ISABEL,CARRERA 28 CALLE 43,URBANA,TECNICO,3.53884,-76.29721,NO MANTENER DISTANCIA,MOTOCICLISTA,CHOQUE,1,NO APLICA,FRACTURAS,NO APLICA,MOTO,AKT,PALMIRA,PARTICULAR,NO APLICA
DAÑOS,2020-09-05, 07:50:00,MAÑANA,6_SABADO,SANTA RITA,CALE 33 CARRERA 26,URBANA,TECNICO,3.53007,-76.29667,ARRANCAR SIN PRECAUCION,NO APLICA,CHOQUE,NO APLICA,NO APLICA,NO APLICA,NO APLICA,MOTO,HERO,PRADERA,PARTICULAR,NO APLICA
DAÑOS,2020-09-05, 07:50:00,MAÑANA,6_SABADO,SANTA RITA,CALE 33 CARRERA 26,URBANA,TECNICO,3.53007,-76.29667,ARRANCAR SIN PRECAUCION,NO APLICA,CHOQUE,NO APLICA,NO APLICA,NO APLICA,NO APLICA,AUTOMOVIL,KIA,CALI,PARTICULAR,NO APLICA
HERIDOS,2020-09-05, 08:00:00,MAÑANA,6_SABADO,AMERICAS,CARRERA 24 CALLE 13,URBANA,TECNICO,3.51216,-76.29589,ARRANCAR SIN PRECAUCION,MOTOCICLISTA,CHOQUE,1,NO APLICA,FRACTURAS,NO APLICA,MOTO,HONDA,GUACARI,PARTICULAR,NO APLICA
HERIDOS,2020-09-05, 08:00:00,MAÑANA,6_SABADO,AMERICAS,CARRERA 24 CALLE 13,URBANA,TECNICO,3.51216,-76.29589,ARRANCAR SIN PRECAUCION,NO APLICA,CHOQUE,NO APLICA,NO APLICA,NO APLICA,NO APLICA,AUTOMOVIL,CHEVROLET,PRADERA,PARTICULAR,NO APLICA
HERIDOS,2020-09-05, 14:30:00,TARDE,6_SABADO,ESTONIA,CARRERA 32 CALLE 46,URBANA,TECNICO,3.5415,-76.30071,ARRANCAR SIN PRECAUCION,MOTOCICLISTA,CHOQUE,1,NO APLICA,PALMA,NO APLICA,MOTO,BAJAJ,FLORIDA,PARTICULAR,NO APLICA
HERIDOS,2020-09-05, 14:30:00,TARDE,6_SABADO,ESTONIA,CARRERA 32 CALLE 46,URBANA,TECNICO,3.5415,-76.30071,ARRANCAR SIN PRECAUCION,NO APLICA,CHOQUE,NO APLICA,NO APLICA,NO APLICA,NO APLICA,AUTOMOVIL,MAZDA,CALI,PARTICULAR,NO APLICA
HERIDOS,2020-09-05, 14:30:00,TARDE,6_SABADO,ESTONIA,CARRERA 32 CALLE 46,URBANA,TECNICO,3.5415,-76.30071,ARRANCAR SIN PRECAUCION,ACOMPAÑANTE MOTOCICLISTA,CHOQUE,1,NO APLICA,PALMA,NO APLICA,NO APLICA,NO APLICA,NO APLICA,NO APLICA,NO APLICA
DAÑOS,2020-09-05, 19:50:00,NOCHE,6_SABADO,PRADO,CALLE 36 CARRERA 40,URBANA,TECNICO,3.53324,-76.31004,DESOBEDECER SEÑALES,NO APLICA,CHOQUE,NO APLICA,NO APLICA,NO APLICA,NO APLICA,MOTO,SUZUKI,PALMIRA,PARTICULAR,NO APLICA
DAÑOS,2020-09-05, 19:50:00,NOCHE,6_SABADO,PRADO,CALLE 36 CARRERA 40,URBANA,TECNICO,3.53324,-76.31004,DESOBEDECER SEÑALES,NO APLICA,CHOQUE,NO APLICA,NO APLICA,NO APLICA,NO APLICA,AUTOMOVIL,MAZDA,CALI,PARTICULAR,NO APLICA
DAÑOS,2020-09-06, 17:30:00,TARDE,7_DOMINGO,PRIMERO DE MAYO,CALLE 42 CARRERA 19-18,URBANA,TECNICO,3.53703,-76.29117,HACER MAL USO DL CARRIL,NO APLICA,CHOQUE,NO APLICA,NO APLICA,NO APLICA,NO APLICA,AUTOMOVIL,RENAULT,BOGOTA,PARTICULAR,NO APLICA
DAÑOS,2020-09-06, 17:30:00,TARDE,7_DOMINGO,PRIMERO DE MAYO,CALLE 42 CARRERA 19-18,URBANA,TECNICO,3.53703,-76.29117,HACER MAL USO DL CARRIL,NO APLICA,CHOQUE,NO APLICA,NO APLICA,NO APLICA,NO APLICA,AUTOMOVIL,CHEVROLET,CALI,PARTICULAR,NO APLICA
DAÑOS,2020-09-04, 11:30:00,MAÑANA,5_VIERNES,ESTONIA,CALLE 42 CARRERA 32,URBANA,TECNICO,3.5383,-76.3008,PONERSE ALFRENTE DE OTRO VEHICULO,NO APLICA,CHOQUE,NO APLICA,NO APLICA,NO APLICA,NO APLICA,MOTO,YAMAHA,PALMIRA,PARTICULAR,NO APLICA
DAÑOS,2020-09-04, 11:30:00,MAÑANA,5_VIERNES,ESTONIA,CALLE 42 CARRERA 32,URBANA,TECNICO,3.5383,-76.3008,PONERSE ALFRENTE DE OTRO VEHICULO,NO APLICA,CHOQUE,NO APLICA,NO APLICA,NO APLICA,NO APLICA,TRACTO CAMION,KENWORT,MIRANDA,PUBLICO,JE CASAS ASOCIADOS
HERIDOS,2020-09-06, 00:10:00,MADRUGADA,7_DOMINGO,NUEVO,CARRERA 32 CALLE 21,URBANA,TECNICO,3.5198,-76.3035,PERDIDA DEL CONTROL,MOTOCICLISTA,VOLCAMIENTO,1,NO APLICA,PALMIRA,NO APLICA,MOTO,HONDA,PALMIRA,PARTICULAR,NO APLICA
HERIDOS,2020-09-06, 00:10:00,MADRUGADA,7_DOMINGO,NUEVO,CARRERA 32 CALLE 21,URBANA,TECNICO,3.5198,-76.3035,PERDIDA DEL CONTROL,MOTOCICLISTA,VOLCAMIENTO,1,NO APLICA,PALMIRA,NO APLICA,NO APLICA,NO APLICA,NO APLICA,NO APLICA,NO APLICA
DAÑOS,2020-09-05, 16:20:00,TARDE,6_SABADO,ESTONIA,CALLE 44 CARRERA 32-33,URBANA,TECNICO,3.53981,-76.30091,NO ESTAR PENDIENTE DE VIA,NO APLICA,CHOQUE,NO APLICA,NO APLICA,NO APLICA,NO APLICA,CAMIONETA,FORD,BOGOTA,PARTICULAR,NO APLICA
DAÑOS,2020-09-05, 16:20:00,TARDE,6_SABADO,ESTONIA,CALLE 44 CARRERA 32-33,URBANA,TECNICO,3.53981,-76.30091,NO ESTAR PENDIENTE DE VIA,NO APLICA,CHOQUE,NO APLICA,NO APLICA,NO APLICA,NO APLICA,CAMION,JAC,GUACARI,PARTICULAR,NO APLICA
DAÑOS,2020-09-07, 03:40:00,MADRUGADA,1_LUNES,SANTA TERESITA,CALLE 47 CARRERA 35,URBANA,TECNICO,3.54259,-76.3074,ADELANTAR POR LA DERECHA,NO APLICA,CHOQUE,NO APLICA,NO APLICA,NO APLICA,NO APLICA,MOTO,HONDA,CALI,PARTICULAR,NO APLICA
DAÑOS,2020-09-07, 03:40:00,MADRUGADA,1_LUNES,SANTA TERESITA,CALLE 47 CARRERA 35,URBANA,TECNICO,3.54259,-76.3074,ADELANTAR POR LA DERECHA,NO APLICA,CHOQUE,NO APLICA,NO APLICA,NO APLICA,NO APLICA,AUTOMOVIL,KIA,PALMIRA,PARTICULAR,NO APLICA
HERIDOS,2020-09-07, 09:30:00,MAÑANA,1_LUNES,PRIMERO DE MAYO,CALLE 42 CARRERA 17-37,URBANA,TECNICO,3.53702,-76.28932,DISMINUCION A LA VELOCIDAD,CICLISTA,CHOQUE,1,NO APLICA,PALMA,NO APLICA,BICICLETA,NO APLICA,NO APLICA,PARTICULAR,NO APLICA
HERIDOS,2020-09-07, 09:30:00,MAÑANA,1_LUNES,PRIMERO DE MAYO,CALLE 42 CARRERA 17-37,URBANA,TECNICO,3.53702,-76.28932,DISMINUCION A LA VELOCIDAD,MOTOCICLISTA,CHOQUE,1,NO APLICA,PALMA,NO APLICA,MOTO,BAJAJ,PALMIRA,PARTICULAR,NO APLICA
DAÑOS,2020-09-09, 06:25:00,MAÑANA,3_MIERCOLES,SAN PEDRO,CALLE 42 CARRERA 19,URBANA,TECNICO,3.5371,-76.29086,ADELANTAR EN ZON PROHIBIDA,NO APLICA,CHOQUE,NO APLICA,NO APLICA,NO APLICA,NO APLICA,AUTOMOVIL,CHEVROLET,PALMIRA,PARTICULAR,NO APLICA
DAÑOS,2020-09-09, 06:25:00,MAÑANA,3_MIERCOLES,SAN PEDRO,CALLE 42 CARRERA 19,URBANA,TECNICO,3.5371,-76.29086,ADELANTAR EN ZON PROHIBIDA,NO APLICA,CHOQUE,NO APLICA,NO APLICA,NO APLICA,NO APLICA,MOTO,AKT,CALI,PARTICULAR,NO APLICA
HERIDOS,2020-09-09, 11:50:00,MAÑANA,3_MIERCOLES,URIBE,CALLE 35 CARRERA 21,URBANA,TECNICO,3.53121,-76.29244,DESOBEDECER SEÑALES,MOTOCICLISTA,CHOQUE,1,NO APLICA,FRACTURAS,NO APLICA,MOTO,HONDA,GUACARI,PARTICULAR,NO APLICA
HERIDOS,2020-09-09, 11:50:00,MAÑANA,3_MIERCOLES,URIBE,CALLE 35 CARRERA 21,URBANA,TECNICO,3.53121,-76.29244,DESOBEDECER SEÑALES,NO APLICA,CHOQUE,NO APLICA,NO APLICA,NO APLICA,NO APLICA,AUTOMOVIL,RENAULT,ARMENIA,PARTICULAR,NO APLICA
DAÑOS,2020-09-09, 13:10:00,TARDE,3_MIERCOLES,CENTRO,CARRERA 33A CALLE 31-24,URBANA,TECNICO,3.52875,-76.30432,NO TENER PRECAUCION,NO APLICA,CHOQUE,NO APLICA,NO APLICA,NO APLICA,NO APLICA,CAMIONETA,TOYOTA,CALI,PARTICULAR,NO APLICA
DAÑOS,2020-09-09, 13:10:00,TARDE,3_MIERCOLES,CENTRO,CARRERA 33A CALLE 31-24,URBANA,TECNICO,3.52875,-76.30432,NO TENER PRECAUCION,NO APLICA,CHOQUE,NO APLICA,NO APLICA,NO APLICA,NO APLICA,TRACTO CAMION,FREIGHTLINER,YUMBO,PUBLICO,RTR LTDA
HERIDOS,2020-09-10, 06:30:00,MAÑANA,4_JUEVES,COLOMBIA,CALLE 33 CARRERA 33,URBANA,TECNICO,3.53103,-76.30299,SEMAFORO EN ROJO,NO APLICA,CHOQUE,NO APLICA,NO APLICA,NO APLICA,NO APLICA,AUTOMOVIL,MAZDA,CALI,PARTICULAR,NO APLICA
HERIDOS,2020-09-10, 06:30:00,MAÑANA,4_JUEVES,COLOMBIA,CALLE 33 CARRERA 33,URBANA,TECNICO,3.53103,-76.30299,SEMAFORO EN ROJO,NO APLICA,CHOQUE,NO APLICA,NO APLICA,NO APLICA,NO APLICA,MOTO,HERO,PALMIRA,PARTICULAR,NO APLICA
HERIDOS,2020-09-10, 06:30:00,MAÑANA,4_JUEVES,COLOMBIA,CALLE 33 CARRERA 33,URBANA,TECNICO,3.53103,-76.30299,SEMAFORO EN ROJO,ACOMPAÑANTE MOTOCICLISTA,CHOQUE,1,NO APLICA,NO APLICA,NO APLICA,NO APLICA,NO APLICA,NO APLICA,NO APLICA,NO APLICA
DAÑOS,2020-09-10, 09:15:00,MAÑANA,4_JUEVES,ESTONIA,CALLE 44 CARRERA 34C-33,URBANA,TECNICO,3.54005,-76.30238,NO ESTAR PNDIENTE DE LA VIA Y DEMAS CONDUCTORES,NO APLICA,CHOQUE,NO APLICA,NO APLICA,NO APLICA,NO APLICA,CAMIONETA,TOYOTA,CALI,PARTICULAR,NO APLICA
DAÑOS,2020-09-10, 09:15:00,MAÑANA,4_JUEVES,ESTONIA,CALLE 44 CARRERA 34C-33,URBANA,TECNICO,3.54005,-76.30238,NO ESTAR PNDIENTE DE LA VIA Y DEMAS CONDUCTORES,NO APLICA,CHOQUE,NO APLICA,NO APLICA,NO APLICA,NO APLICA,BUS,CHEVROLET,GUACARI,PUBLICO,ESPECIALES MEJIA
HERIDOS,2020-09-10, 09:50:00,MAÑANA,4_JUEVES,COLOMBIA,CALLE 33 CARRERA 33,URBANA,TECNICO,3.53103,-76.30299,NO MANTENER DISTANCIA,NO APLICA,CHOQUE,NO APLICA,NO APLICA,NO APLICA,NO APLICA,MOTO,BAJAJ,PALMIRA,PARTICULAR,NO APLICA