GRAVEDAD,FECHA,HORA,JORNADA,DIA_SEMANA,BARRIOS_CORREGIMIENTO_VIA,DIRECCION,ZONA,AUTORIDAD,LAT,LONG,HIPOTESIS,CONDICION_DE_LA_VICTIMA,CLASE_DE_SINIESTRO,LESIONADO,HOMICIDIOS,CLINICA,SITIO,CLASE_DE_VEHICULO,MARCA,MATRICULA,TIPO_DE_SERVICIO,EMPRESA
HERIDOS,2020-09-10, 09:50:00,MAÑANA,4_JUEVES,COLOMBIA,CALLE 33 CARRERA 33,URBANA,TECNICO,3.53103,-76.30299,NO MANTENER DISTANCIA,NO APLICA,CHOQUE,NO APLICA,NO APLICA,NO APLICA,NO APLICA,AUTOMOVIL,HYUNDAI,PALMIRA,PARTICULAR,NO APLICA
HERIDOS,2020-09-10, 09:50:00,MAÑANA,4_JUEVES,COLOMBIA,CALLE 33 CARRERA 33,URBANA,TECNICO,3.53103,-76.30299,NO MANTENER DISTANCIA,ACOMPAÑANTE MOTOCICLISTA,CHOQUE,1,NO APLICA,FRACTURAS,NO APLICA,NO APLICA,NO APLICA,NO APLICA,NO APLICA,NO APLICA
HERIDOS,2020-09-09, 15:15:00,TARDE,3_MIERCOLES,URIBE,CALLE 34 CARRERA 23,URBANA,TECNICO,3.53058,-76.29418,DESOBEDECER SEÑALES,NO APLICA,CHOQUE,NO APLICA,NO APLICA,NO APLICA,NO APLICA,AUTOMOVIL,HYUNDAI,PALMIRA,PUBLICO,NO APLICA
HERIDOS,2020-09-09, 15:15:00,TARDE,3_MIERCOLES,URIBE,CALLE 34 CARRERA 23,URBANA,TECNICO,3.53058,-76.29418,DESOBEDECER SEÑALES,NO APLICA,CHOQUE,NO APLICA,NO APLICA,NO APLICA,NO APLICA,AUTOMOVIL,CHEVROLET,PALMIRA,PARTICULAR,NO APLICA
HERIDOS,2020-09-09, 15:15:00,TARDE,3_MIERCOLES,URIBE,CALLE 34 CARRERA 23,URBANA,TECNICO,3.53058,-76.29418,DESOBEDECER SEÑALES,PASAJERO,CHOQUE,1,NO APLICA,RAUL,NO APLICA,NO APLICA,NO APLICA,NO APLICA,NO APLICA,NO APLICA
HERIDOS,2020-09-09, 16:30:00,TARDE,3_MIERCOLES,LAS VEGAS,CARRERA 13 CALLE 39,URBANA,TECNICO,3.53505,-76.28578,DESOBEDECER SEÑALES,NO APLICA,CHOQUE,NO APLICA,NO APLICA,NO APLICA,NO APLICA,CAMIONETA,TOYOTA,CALI,PARTICULAR,NO APLICA
HERIDOS,2020-09-09, 16:30:00,TARDE,3_MIERCOLES,LAS VEGAS,CARRERA 13 CALLE 39,URBANA,TECNICO,3.53505,-76.28578,DESOBEDECER SEÑALES,MOTOCICLISTA,CHOQUE,1,NO APLICA,PALMA,NO APLICA,MOTO,YAMAHA,GINEBRA,PARTICULAR,NO APLICA
HERIDOS,2020-09-09, 16:30:00,TARDE,3_MIERCOLES,LAS VEGAS,CARRERA 13 CALLE 39,URBANA,TECNICO,3.53505,-76.28578,DESOBEDECER SEÑALES,ACOMPAÑANTE MOTOCICLISTA,CHOQUE,1,NO APLICA,PALMIRA,NO APLICA,NO APLICA,NO APLICA,NO APLICA,NO APLICA,NO APLICA
HERIDOS,2020-09-09, 14:20:00,TARDE,3_MIERCOLES,SANTA RITA,CARRERA 28 CALLE 38,URBANA,TECNICO,3.5348,-76.29775,NO ESTAR PENDIENTE DE LA VIA,NO APLICA,CHOQUE,NO APLICA,NO APLICA,NO APLICA,NO APLICA,AUTOMOVIL,CHEVROLET,PRADERA,PARTICULAR,NO APLICA
HERIDOS,2020-09-09, 14:20:00,TARDE,3_MIERCOLES,SANTA RITA,CARRERA 28 CALLE 38,URBANA,TECNICO,3.5348,-76.29775,NO ESTAR PENDIENTE DE LA VIA,MOTOCICLISTA,CHOQUE,1,NO APLICA,RAUL,NO APLICA,MOTO,VICTORY,FLORIDA,PARTICULAR,NO APLICA
HERIDOS,2020-09-10, 05:30:00,MADRUGADA,4_JUEVES,SESQUI,CARRERA 24 CALLE 12B-12A,URBANA,TECNICO,3.51059,-76.29587,INVADIR CARRIL SENTIDO CONTRARIO,MOTOCICLISTA,CHOQUE,1,NO APLICA,PALMIRA,NO APLICA,MOTO,AKT,PRADERA,PARTICULAR,NO APLICA
HERIDOS,2020-09-10, 05:30:00,MADRUGADA,4_JUEVES,SESQUI,CARRERA 24 CALLE 12B-12A,URBANA,TECNICO,3.51059,-76.29587,INVADIR CARRIL SENTIDO CONTRARIO,MOTOCICLISTA,CHOQUE,1,NO APLICA,RAUL,NO APLICA,MOTO,AKT,PRADERA,PARTICULAR,NO APLICA
HERIDOS,2020-09-10, 05:30:00,MADRUGADA,4_JUEVES,SESQUI,CARRERA 24 CALLE 12B-12A,URBANA,TECNICO,3.51059,-76.29587,INVADIR CARRIL SENTIDO CONTRARIO,ACOMPAÑANTE MOTOCICLISTA,CHOQUE,1,NO APLICA,PALMIRA,NO APLICA,NO APLICA,NO APLICA,NO APLICA,NO APLICA,NO APLICA
DAÑOS,2020-09-12, 15:10:00,TARDE,6_SABADO,PATIO BONITO,CARRERA 19 CALLE 32,URBANA,TECNICO,3.52857,-76.29033,DESOBEDECER SEÑALES,NO APLICA,CHOQUE,NO APLICA,NO APLICA,NO APLICA,NO APLICA,AUTOMOVIL,FORD,CALI,PARTICULAR,NO APLICA
DAÑOS,2020-09-12, 15:10:00,TARDE,6_SABADO,PATIO BONITO,CARRERA 19 CALLE 32,URBANA,TECNICO,3.52857,-76.29033,DESOBEDECER SEÑALES,NO APLICA,CHOQUE,NO APLICA,NO APLICA,NO APLICA,NO APLICA,MOTO,BAJAJ,CALI,PARTICULAR,NO APLICA
DAÑOS,2020-09-12, 14:20:00,TARDE,6_SABADO,CAÑA MIEL,CALLE 44 CARRERA 20-72,URBANA,TECNICO,3.53964,-76.2917,NO ESTAR PENDIENTE DE LA VIA,NO APLICA,CHOQUE,NO APLICA,NO APLICA,NO APLICA,NO APLICA,AUTOMOVIL,CHEVROLET,BOGOTA,PARTICULAR,NO APLICA
DAÑOS,2020-09-12, 16:20:00,TARDE,6_SABADO,JARDIN,CARRERA1 CALLE 32A,URBANA,TECNICO,3.52732,-76.27757,NO RESPETAR PRELACION,NO APLICA,CHOQUE,NO APLICA,NO APLICA,NO APLICA,NO APLICA,AUTOMOVIL,HYUNDAI,PALMIRA,PUBLICO,PALMERAS
DAÑOS,2020-09-12, 16:20:00,TARDE,6_SABADO,JARDIN,CARRERA1 CALLE 32A,URBANA,TECNICO,3.52732,-76.27757,NO RESPETAR PRELACION,NO APLICA,CHOQUE,NO APLICA,NO APLICA,NO APLICA,NO APLICA,MOTO,YAMAHA,BUGA,PARTICULAR,NO APLICA
HERIDOS,2020-09-13, 22:00:00,NOCHE,7_DOMINGO,SANTA RITA,CALLE 36 CARRERA 28,URBANA,TECNICO,3.5328,-76.29805,SEMAFORO EN ROJO,NO APLICA,CHOQUE,NO APLICA,NO APLICA,NO APLICA,NO APLICA,AUTOMOVIL,CHEVROLET,CALI,PARTICULAR,NO APLICA
HERIDOS,2020-09-13, 22:00:00,NOCHE,7_DOMINGO,SANTA RITA,CALLE 36 CARRERA 28,URBANA,TECNICO,3.5328,-76.29805,SEMAFORO EN ROJO,MOTOCICLISTA,CHOQUE,1,NO APLICA,PALMIRA,NO APLICA,MOTO,SUZUKI,PALMIRA,PARTICULAR,NO APLICA
HERIDOS,2020-09-14, 00:50:00,MADRUGADA,3_MIERCOLES,SANTA RITA,CALLE 35 CARRERA 28-35,URBANA,TECNICO,3.53203,-76.29864,PERDIDA DEL CONTROL,MOTOCICLISTA,CHOQUE,1,NO APLICA,RAUL,NO APLICA,MOTO,YAMAHA,DSABANETA,PARTICULAR,NO APLICA
HERIDOS,2020-09-13, 19:05:00,NOCHE,7_DOMINGO,LOS SAUSES,CARRERA 1 CALLE 35C,URBANA,TECNICO,3.53212,-76.27732,CAMBIO DE CARRIL CON O SIN INDICACION,MOTOCICLISTA,CHOQUE,1,NO APLICA,PALMA,NO APLICA,MOTO,SUZUKI,PALMIRA,PARTICULAR,NO APLICA
HERIDOS,2020-09-13, 19:05:00,NOCHE,7_DOMINGO,LOS SAUSES,CARRERA 1 CALLE 35C,URBANA,TECNICO,3.53212,-76.27732,CAMBIO DE CARRIL CON O SIN INDICACION,CICLISTA,CHOQUE,1,NO APLICA,PALMA,NO APLICA,BICICLETA,NO APLICA,NO APLICA,PARTICULAR,NO APLICA
HERIDOS,2020-09-14, 06:00:00,MAÑANA,1_LUNES,FRAY LUIS,CALLE 42 CIRCURVALAR 49,URBANA,TECNICO,3.53699,-76.31986,TRANSITAR EN CONTRA VIA,NO APLICA,CHOQUE,NO APLICA,NO APLICA,NO APLICA,NO APLICA,AUTOMOVIL,DAEWOO,BELLO,PARTICULAR,NO APLICA
HERIDOS,2020-09-14, 06:00:00,MAÑANA,1_LUNES,FRAY LUIS,CALLE 42 CIRCURVALAR 49,URBANA,TECNICO,3.53699,-76.31986,TRANSITAR EN CONTRA VIA,MOTOCICLISTA,CHOQUE,1,NO APLICA,PALMIRA,NO APLICA,MOTO,HERO,FLORIDA,PARTICULAR,NO APLICA
HERIDOS,2020-09-14, 06:00:00,MAÑANA,1_LUNES,FRAY LUIS,CALLE 42 CIRCURVALAR 49,URBANA,TECNICO,3.53699,-76.31986,TRANSITAR EN CONTRA VIA,ACOMPAÑANTE MOTOCICLISTA,CHOQUE,1,NO APLICA,PALMIRA,NO APLICA,NO APLICA,NO APLICA,NO APLICA,NO APLICA,NO APLICA
DAÑOS,2020-09-14, 06:40:00,MAÑANA,1_LUNES,VERSALLE S,CALLE 42 CARRERA 29 -28,URBANA,TECNICO,3.53812,-76.29846,INVADIR CARRIL SENTIDO CONTRARIO,NO APLICA,CHOQUE,NO APLICA,NO APLICA,NO APLICA,NO APLICA,AUTOMOVIL,HYUNDAI,PALMIRA,PUBLICO,FLOTA PALMIRA
DAÑOS,2020-09-14, 06:40:00,MAÑANA,1_LUNES,VERSALLE S,CALLE 42 CARRERA 29 -28,URBANA,TECNICO,3.53812,-76.29846,INVADIR CARRIL SENTIDO CONTRARIO,NO APLICA,CHOQUE,NO APLICA,NO APLICA,NO APLICA,NO APLICA,VOLQUETA,CHEVROLET,CALI,PARTICULAR,NO APLICA
DAÑOS,2020-09-12, 15:10:00,TARDE,6_SABADO,SANTA RITA,CALLE 41 CARRERA 27-28,URBANA,TECNICO,3.53711,-76.2968,NO ESTAR PENDIENTE DE LA VIA,NO APLICA,CHOQUE,NO APLICA,NO APLICA,NO APLICA,NO APLICA,TRACTO CAMION,KENWORT,MEDELLIN,PARTICULAR,NO APLICA
DAÑOS,2020-09-12, 15:10:00,TARDE,6_SABADO,SANTA RITA,CALLE 41 CARRERA 27-28,URBANA,TECNICO,3.53711,-76.2968,NO ESTAR PENDIENTE DE LA VIA,NO APLICA,CHOQUE,NO APLICA,NO APLICA,NO APLICA,NO APLICA,AUTOMOVIL,RENAULT,PALMIRA,PARTICULAR,NO APLICA
DAÑOS,2020-09-12, 11:20:00,MAÑANA,6_SABADO,SANCAYETANO,CALLE 42 CARRERA 25,URBANA,TECNICO,3.53761,-76.29451,POR ESTABLECER,NO APLICA,CHOQUE,NO APLICA,NO APLICA,NO APLICA,NO APLICA,CAMIONETA,WALL,POPAYAN,PARTICULAR,NO APLICA
DAÑOS,2020-09-12, 11:20:00,MAÑANA,6_SABADO,SANCAYETANO,CALLE 42 CARRERA 25,URBANA,TECNICO,3.53761,-76.29451,POR ESTABLECER,NO APLICA,CHOQUE,NO APLICA,NO APLICA,NO APLICA,NO APLICA,MOTO,BAJAJ,GINEBRA,PARTICULAR,NO APLICA
HERIDOS,2020-09-16, 12:20:00,TARDE,3_MIERCOLES,PRIMERO DE MAYO,CALLE 42 CARRERA 14-05,URBANA,TECNICO,3.53708,-76.28727,NO ESTAR PENDIENTE DE LA VIA,NO APLICA,CHOQUE,NO APLICA,NO APLICA,NO APLICA,NO APLICA,AUTOMOVIL,HYUNDAI,CALI,PARTICULAR,NO APLICA
HERIDOS,2020-09-16, 12:20:00,TARDE,3_MIERCOLES,PRIMERO DE MAYO,CALLE 42 CARRERA 14-05,URBANA,TECNICO,3.53708,-76.28727,NO ESTAR PENDIENTE DE LA VIA,MOTOCICLISTA,CHOQUE,1,NO APLICA,PALMIRA,NO APLICA,MOTO,BAJAJ,SABANETA,PARTICULAR,NO APLICA
HERIDOS,2020-09-16, 12:20:00,TARDE,3_MIERCOLES,CENTRO,CALLE 28 CARRERA 29-64,URBANA,TECNICO,3.52491,-76.3001,SEMAFORO EN ROJO,MOTOCICLISTA,CHOQUE,1,NO APLICA,PALMIRA,NO APLICA,MOTO,YAMAHA,PRADERA,PARTICULAR,NO APLICA
HERIDOS,2020-09-16, 12:20:00,TARDE,3_MIERCOLES,CENTRO,CALLE 28 CARRERA 29-64,URBANA,TECNICO,3.52491,-76.3001,SEMAFORO EN ROJO,MOTOCICLISTA,CHOQUE,1,NO APLICA,PALMIRA,NO APLICA,MOTO,HERO,FLORIDA,PARTICULAR,NO APLICA
HERIDOS,2020-09-16, 12:20:00,TARDE,3_MIERCOLES,CENTRO,CALLE 28 CARRERA 29-64,URBANA,TECNICO,3.52491,-76.3001,SEMAFORO EN ROJO,ACOMPAÑANTE MOTOCICLISTA,CHOQUE,1,NO APLICA,PALMIRA,NO APLICA,NO APLICA,NO APLICA,NO APLICA,NO APLICA,NO APLICA
HERIDOS,2020-09-15, 18:00:00,NOCHE,2_MARTES,COLOMBIA,CARRERA 30 CALLE 36,URBANA,TECNICO,3.53305,-76.29966,SEMAFORO EN ROJO,MOTOCICLISTA,CHOQUE,1,NO APLICA,PALMA,NO APLICA,MOTO,AKT,PRADERA,PARTICULAR,NO APLICA
HERIDOS,2020-09-15, 18:00:00,NOCHE,2_MARTES,COLOMBIA,CARRERA 30 CALLE 36,URBANA,TECNICO,3.53305,-76.29966,SEMAFORO EN ROJO,ACOMPAÑANTE MOTOCICLISTA,CHOQUE,1,NO APLICA,PALMA,NO APLICA,NO APLICA,NO APLICA,NO APLICA,NO APLICA,NO APLICA
DAÑOS,2020-09-16, 16:00:00,TARDE,3_MIERCOLES,NUEVO,CARRERA 32 CALLE 22-56,URBANA,TECNICO,3.52077,-76.30379,ARRANCAR SIN PRECAUCION,NO APLICA,CHOQUE,NO APLICA,NO APLICA,NO APLICA,NO APLICA,CAMION,MERCEDES,PRADERA,PUBLICO,VEOLIA
DAÑOS,2020-09-16, 16:00:00,TARDE,3_MIERCOLES,NUEVO,CARRERA 32 CALLE 22-56,URBANA,TECNICO,3.52077,-76.30379,ARRANCAR SIN PRECAUCION,NO APLICA,CHOQUE,NO APLICA,NO APLICA,NO APLICA,NO APLICA,AUTOMOVIL,CHEVROLET,ALVARADO,PARTICULAR,NO APLICA
HERIDOS,2020-09-18, 07:40:00,MAÑANA,5_VIERNES,CENTRO,CALLE 31 CARRERA 31,URBANA,TECNICO,3.52832,-76.30146,DESOBEDECER SEÑALES,MOTOCICLISTA,CHOQUE,1,NO APLICA,PALMIRA,NO APLICA,MOTO,AKT,PALMIRA,PARTICULAR,NO APLICA
HERIDOS,2020-09-18, 07:40:00,MAÑANA,5_VIERNES,CENTRO,CALLE 31 CARRERA 31,URBANA,TECNICO,3.52832,-76.30146,DESOBEDECER SEÑALES,MOTOCICLISTA,CHOQUE,1,NO APLICA,PALMIRA,NO APLICA,MOTO,BAJAJ,FLORIDA,PARTICULAR,NO APLICA
HERIDOS,2020-09-18, 08:50:00,MAÑANA,5_VIERNES,COLOMBIA,CARRERA 32 CALLE 37 -82,URBANA,TECNICO,3.53457,-76.3014,ARRANCAR SIN PRECAUCION,MOTOCICLISTA,CHOQUE,1,NO APLICA,PALMA,NO APLICA,MOTO,AKT,PRADERA,PARTICULAR,NO APLICA
HERIDOS,2020-09-18, 08:50:00,MAÑANA,5_VIERNES,COLOMBIA,CARRERA 32 CALLE 37 -82,URBANA,TECNICO,3.53457,-76.3014,ARRANCAR SIN PRECAUCION,NO APLICA,CHOQUE,NO APLICA,NO APLICA,NO APLICA,NO APLICA,AUTOMOVIL,RENAULT,CALI,PARTICULAR,NO APLICA
HERIDOS,2020-09-18, 08:50:00,MAÑANA,5_VIERNES,INDUSTRIAL,CALE 42 CARRERA 33A -33,URBANA,TECNICO,3.53839,-76.30125,POR ESTABLECER,NO APLICA,CHOQUE,NO APLICA,NO APLICA,NO APLICA,NO APLICA,MOTO,VICTORY,PALMIRA,PARTICULAR,NO APLICA
HERIDOS,2020-09-18, 08:50:00,MAÑANA,5_VIERNES,INDUSTRIAL,CALE 42 CARRERA 33A -33,URBANA,TECNICO,3.53839,-76.30125,POR ESTABLECER,CICLISTA,CHOQUE,NO APLICA,1,PALMA,NO APLICA,BICICLETA,NO APLICA,NO APLICA,PARTICULAR,NO APLICA
DAÑOS,2020-09-11, 19:00:00,NOCHE,5_VIERNES,ZAMORANO,CALLE 66 CARRERA 31,URBANA,TECNICO,3.5555,-76.29708,NO ESTAR PENDIENTE DE LA VIA,NO APLICA,CHOQUE,NO APLICA,NO APLICA,NO APLICA,NO APLICA,AUTOMOVIL,SUZUKI,CALI,PARTICULAR,NO APLICA
HERIDOS,2020-09-11, 21:20:00,NOCHE,5_VIERNES,VIA PALMIRA CANDELARIA,KM 1,RURAL,TECNICO,3.4986,-76.31963,NO UTILIZAR DISPOSITIVOS LUMINOSOS,MOTOCICLISTA,CHOQUE,1,NO APLICA,PALMA,NO APLICA,MOTO,YAMAHA,GUACARI,PARTICULAR,NO APLICA
HERIDOS,2020-09-11, 21:20:00,NOCHE,5_VIERNES,VIA PALMIRA CANDELARIA,KM 1,RURAL,TECNICO,3.4986,-76.31963,NO UTILIZAR DISPOSITIVOS LUMINOSOS,CICLISTA,CHOQUE,1,NO APLICA,PALMA,NO APLICA,BICICLETA,NO APLICA,NO APLICA,PARTICULAR,NO APLICA
DAÑOS,2020-09-13, 14:20:00,TARDE,7_DOMINGO,VIA PALMIRA TIENDA NUEVA,KM 3,RURAL,TECNICO,3.54778,-76.25768,POR ESTABLECER,NO APLICA,CHOQUE,NO APLICA,NO APLICA,NO APLICA,NO APLICA,AUTOMOVIL,CHEVROLET,PRADERA,PARTICULAR,NO APLICA
HERIDOS,2020-09-16, 14:40:00,TARDE,3_MIERCOLES,LA ITALIA,CALLE 6 DIAGOINAL 28,URBANA,TECNICO,3.5055,-76.29885,DESOBEDECER SEÑALES,NO APLICA,CHOQUE,NO APLICA,NO APLICA,NO APLICA,NO APLICA,MOTO,HONDA,CALI,PARTICULAR,NO APLICA
HERIDOS,2020-09-16, 14:40:00,TARDE,3_MIERCOLES,LA ITALIA,CALLE 6 DIAGOINAL 28,URBANA,TECNICO,3.5055,-76.29885,DESOBEDECER SEÑALES,MOTOCICLISTA,CHOQUE,1,NO APLICA,PALMIRA,NO APLICA,MOTO,AKT,PRADERA,PARTICULAR,NO APLICA
HERIDOS,2020-09-16, 14:40:00,TARDE,3_MIERCOLES,LA ITALIA,CALLE 6 DIAGOINAL 28,URBANA,TECNICO,3.5055,-76.29885,DESOBEDECER SEÑALES,ACOMPAÑANTE MOTOCICLISTA,CHOQUE,1,NO APLICA,PALMIRA,NO APLICA,NO APLICA,NO APLICA,NO APLICA,NO APLICA,NO APLICA
HERIDOS,2020-09-16, 17:15:00,TARDE,3_MIERCOLES,URIBE,CALLE 36 CARRERA 23,URBANA,TECNICO,3.53231,-76.29386,DESOBEDECER SEÑALES,NO APLICA,CHOQUE,NO APLICA,NO APLICA,NO APLICA,NO APLICA,AUTOMOVIL,CHEVROLET,CALI,PARTICULAR,NO APLICA
HERIDOS,2020-09-16, 17:15:00,TARDE,3_MIERCOLES,URIBE,CALLE 36 CARRERA 23,URBANA,TECNICO,3.53231,-76.29386,DESOBEDECER SEÑALES,MOTOCICLISTA,CHOQUE,1,NO APLICA,NO APLICA,NO APLICA,MOTO,AUTECO,BUGA,PARTICULAR,NO APLICA
HERIDOS,2020-09-16, 17:15:00,TARDE,3_MIERCOLES,URIBE,CALLE 36 CARRERA 23,URBANA,TECNICO,3.53231,-76.29386,DESOBEDECER SEÑALES,ACOMPAÑANTE MOTOCICLISTA,CHOQUE,1,NO APLICA,NO APLICA,NO APLICA,NO APLICA,NO APLICA,NO APLICA,NO APLICA,NO APLICA
DAÑOS,2020-09-19, 10:50:00,MAÑANA,6_SABADO,CENTRO,CARRERA 33A CALLE 29-30,URBANA,TECNICO,3.52715,-76.30337,PERDIDA DEL CONTROL,NO APLICA,CHOQUE,NO APLICA,NO APLICA,NO APLICA,NO APLICA,CAMIONETA,KIA,BUGA,PARTICULAR,NO APLICA
HERIDOS,2020-09-20, 18:30:00,NOCHE,7_DOMINGO,SANTAMARIA,CALLE 44 CARRERA 2,URBANA,TECNICO,3.54066,-76.27913,NO ESTAR PENDIENTE DE LA VIA,MOTOCICLISTA,CHOQUE,1,NO APLICA,PALMIRA,NO APLICA,MOTO,HONDA,GUACARI,PARTICULAR,NO APLICA
HERIDOS,2020-09-20, 18:30:00,NOCHE,7_DOMINGO,SANTAMARIA,CALLE 44 CARRERA 2,URBANA,TECNICO,3.54066,-76.27913,NO ESTAR PENDIENTE DE LA VIA,NO APLICA,CHOQUE,NO APLICA,NO APLICA,NO APLICA,NO APLICA,MOTO,HONDA,GUACARI,PARTICULAR,NO APLICA
HERIDOS,2020-09-20, 18:30:00,NOCHE,7_DOMINGO,SANTAMARIA,CALLE 44 CARRERA 2,URBANA,TECNICO,3.54066,-76.27913,NO ESTAR PENDIENTE DE LA VIA,ACOMPAÑANTE MOTOCICLISTA,CHOQUE,1,NO APLICA,PALMA,NO APLICA,NO APLICA,NO APLICA,NO APLICA,NO APLICA,NO APLICA
HERIDOS,2020-09-19, 22:20:00,NOCHE,6_SABADO,CENTRO,CALLE 28 CARRERA 27,URBANA,TECNICO,3.52515,-76.29834,SEMAFORO EN ROJO,NO APLICA,CHOQUE,NO APLICA,NO APLICA,NO APLICA,NO APLICA,AUTOMOVIL,CHEVROLET,CALI,PARTICULAR,NO APLICA
HERIDOS,2020-09-21, 14:40:00,TARDE,1_LUNES,CAMPESTRE,CALLE 40 CARRERA 1,URBANA,TECNICO,3.53583,-76.27736,NO ESTAR PENDIENTE DE LA VIA,MOTOCICLISTA,ATROPELLO,1,NO APLICA,PALMA,NO APLICA,MOTO,SUZUKI,PALMIRA,PARTICULAR,NO APLICA
HERIDOS,2020-09-21, 14:40:00,TARDE,1_LUNES,CAMPESTRE,CALLE 40 CARRERA 1,URBANA,TECNICO,3.53583,-76.27736,NO ESTAR PENDIENTE DE LA VIA,PEATON,ATROPELLO,1,NO APLICA,PALMA,NO APLICA,NO APLICA,NO APLICA,NO APLICA,NO APLICA,NO APLICA
HERIDOS,2020-09-21, 14:40:00,TARDE,1_LUNES,CAMPESTRE,CALLE 40 CARRERA 1,URBANA,TECNICO,3.53583,-76.27736,NO ESTAR PENDIENTE DE LA VIA,ACOMPAÑANTE MOTOCICLISTA,ATROPELLO,1,NO APLICA,PALMA,NO APLICA,NO APLICA,NO APLICA,NO APLICA,NO APLICA,NO APLICA
HERIDOS,2020-09-19, 22:20:00,NOCHE,6_SABADO,CENTRO,CALLE 28 CARRERA 27,URBANA,TECNICO,3.52515,-76.29834,SEMAFORO EN ROJO,MOTOCICLISTA,CHOQUE,1,NO APLICA,PALMIRA,NO APLICA,MOTO,HONDA,FLORIDA,PARTICULAR,NO APLICA
HERIDOS,2020-09-19, 22:20:00,NOCHE,6_SABADO,CENTRO,CALLE 28 CARRERA 27,URBANA,TECNICO,3.52515,-76.29834,SEMAFORO EN ROJO,ACOMPAÑANTE MOTOCICLISTA,CHOQUE,1,NO APLICA,PALMIRA,NO APLICA,NO APLICA,NO APLICA,NO APLICA,NO APLICA,NO APLICA
HERIDOS,2020-09-20, 22:20:00,NOCHE,7_DOMINGO,EMILIA,CARRERA 39 CALLE 36-21,URBANA,TECNICO,3.5339,-76.30909,EMBRIAGUEZ,NO APLICA,CHOQUE,NO APLICA,NO APLICA,NO APLICA,NO APLICA,AUTOMOVIL,DAEWOO,CALI,PARTICULAR,NO APLICA
HERIDOS,2020-09-20, 22:20:00,NOCHE,7_DOMINGO,EMILIA,CARRERA 39 CALLE 36-21,URBANA,TECNICO,3.5339,-76.30909,EMBRIAGUEZ,NO APLICA,CHOQUE,NO APLICA,NO APLICA,NO APLICA,NO APLICA,MOTO,SUZUKI,PRADERA,PARTICULAR,NO APLICA
HERIDOS,2020-09-20, 22:20:00,NOCHE,7_DOMINGO,EMILIA,CARRERA 39 CALLE 36-21,URBANA,TECNICO,3.5339,-76.30909,EMBRIAGUEZ,PEATON,CHOQUE,1,NO APLICA,PALMA,NO APLICA,NO APLICA,NO APLICA,NO APLICA,NO APLICA,NO APLICA
HERIDOS,2020-09-22, 00:05:00,MADRUGADA,2_MARTES,NUEVO,CARRERA 31 CALLE 27,URBANA,TECNICO,3.52784,-76.29787,DESOBEDECER SEÑALES,CONDUCTOR,CHOQUE,1,NO APLICA,PALMIRA,NO APLICA,AUTOMOVIL,CHEVROLET,RICAURTE,PARTICULAR,NO APLICA
HERIDOS,2020-09-22, 00:05:00,MADRUGADA,2_MARTES,NUEVO,CARRERA 31 CALLE 27,URBANA,TECNICO,3.52784,-76.29787,DESOBEDECER SEÑALES,NO APLICA,CHOQUE,NO APLICA,NO APLICA,NO APLICA,NO APLICA,CAMION,CHEVROLET,IPIALES,PUBLICO,NO APLICA
HERIDOS,2020-09-22, 00:05:00,MADRUGADA,2_MARTES,NUEVO,CARRERA 31 CALLE 27,URBANA,TECNICO,3.52784,-76.29787,DESOBEDECER SEÑALES,ACOMPAÑANTE CONDUCTOR,CHOQUE,1,NO APLICA,PALMIRA,NO APLICA,NO APLICA,NO APLICA,NO APLICA,NO APLICA,NO APLICA
HERIDOS,2020-09-18, 20:10:00,NOCHE,5_VIERNES,OBRERO,CARRERA 25 CALLE 39,URBANA,TECNICO,3.53521,-76.2949,DESOBEDECER SEÑALES,MOTOCICLISTA,CHOQUE,1,NO APLICA,PALMA,NO APLICA,MOTO,HONDA,ZARZAL,PARTICULAR,NO APLICA
HERIDOS,2020-09-18, 20:10:00,NOCHE,5_VIERNES,OBRERO,CARRERA 25 CALLE 39,URBANA,TECNICO,3.53521,-76.2949,DESOBEDECER SEÑALES,NO APLICA,CHOQUE,NO APLICA,NO APLICA,NO APLICA,NO APLICA,AUTOMOVIL,RENAULT,PALMIRA,PARTICULAR,NO APLICA
HERIDOS,2020-09-20, 11:20:00,MAÑANA,7_DOMINGO,SANCAYETANO,CALLE 39 CARRERA 21,URBANA,TECNICO,3.53483,-76.29194,DESOBEDECER SEÑALES,MOTOCICLISTA,CHOQUE,1,NO APLICA,FRACTURAS,NO APLICA,MOTO,AKT,PRADERA,PARTICULAR,NO APLICA
HERIDOS,2020-09-20, 11:20:00,MAÑANA,7_DOMINGO,SANCAYETANO,CALLE 39 CARRERA 21,URBANA,TECNICO,3.53483,-76.29194,DESOBEDECER SEÑALES,NO APLICA,CHOQUE,NO APLICA,NO APLICA,NO APLICA,NO APLICA,AUTOMOVIL,NISSAN,MANIZALES,PARTICULAR,NO APLICA
DAÑOS,2020-09-21, 11:15:00,MAÑANA,1_LUNES,CENTRO,CARRERA 24 CALLE 31-52,URBANA,TECNICO,3.52768,-76.29545,ADELANTAR EN ZONA PROHIBIDAD,NO APLICA,CHOQUE,NO APLICA,NO APLICA,NO APLICA,NO APLICA,CAMIONETA,CHEVROLET,CALI,PARTICULAR,NO APLICA