GRAVEDAD,FECHA,HORA,JORNADA,DIA_SEMANA,BARRIOS_CORREGIMIENTO_VIA,DIRECCION,ZONA,AUTORIDAD,LAT,LONG,HIPOTESIS,CONDICION_DE_LA_VICTIMA,CLASE_DE_SINIESTRO,LESIONADO,HOMICIDIOS,CLINICA,SITIO,CLASE_DE_VEHICULO,MARCA,MATRICULA,TIPO_DE_SERVICIO,EMPRESA
DAÑOS,2020-09-21, 11:15:00,MAÑANA,1_LUNES,CENTRO,CARRERA 24 CALLE 31-52,URBANA,TECNICO,3.52768,-76.29545,ADELANTAR EN ZONA PROHIBIDAD,NO APLICA,CHOQUE,NO APLICA,NO APLICA,NO APLICA,NO APLICA,CAMIONETA,JAC,GUACARI,PUBLICO,NO APLICA
DAÑOS,2020-09-22, 14:35:00,TARDE,2_MARTES,CENTRO,CALLE 31 CARRERA 33A,URBANA,TECNICO,3.52876,-76.3043,NO ESTAR PENDIENTE DE LA VIA,NO APLICA,CHOQUE,NO APLICA,NO APLICA,NO APLICA,NO APLICA,MOTO,YAMAHA,PALMIRA,PARTICULAR,NO APLICA
DAÑOS,2020-09-22, 14:35:00,TARDE,2_MARTES,CENTRO,CALLE 31 CARRERA 33A,URBANA,TECNICO,3.52876,-76.3043,NO ESTAR PENDIENTE DE LA VIA,NO APLICA,CHOQUE,NO APLICA,NO APLICA,NO APLICA,NO APLICA,AUTOMOVIL,HYUNDAI,PALMIRA,PUBLICO,NO APLICA
HERIDOS,2020-09-22, 14:50:00,TARDE,2_MARTES,SAN PEDRO,CALLE 34A CARRERA 17,URBANA,TECNICO,3.53004,-76.28865,DESOBEDECER SEÑALES,NO APLICA,CHOQUE,NO APLICA,NO APLICA,NO APLICA,NO APLICA,CAMIONETA,JAC,PALMIRA,PARTICULAR,NO APLICA
HERIDOS,2020-09-22, 14:50:00,TARDE,2_MARTES,SAN PEDRO,CALLE 34A CARRERA 17,URBANA,TECNICO,3.53004,-76.28865,DESOBEDECER SEÑALES,MOTOCICLISTA,CHOQUE,1,NO APLICA,PALMIRA,NO APLICA,MOTO,JIANLIGN,GUACARI,PARTICULAR,NO APLICA
HERIDOS,2020-09-22, 16:30:00,TARDE,2_MARTES,TULIPANES,TRASVERSAL 8 DIAGONAL 29,URBANA,TECNICO,3.508e-05,-76.30254,NO ESTAR PENDIENTE DE LA VIA,MOTOCICLISTA,CHOQUE,1,NO APLICA,PALMA,NO APLICA,MOTO,YAMAHA,PALMIRA,PARTICULAR,NO APLICA
HERIDOS,2020-09-22, 16:30:00,TARDE,2_MARTES,TULIPANES,TRASVERSAL 8 DIAGONAL 29,URBANA,TECNICO,3.508e-05,-76.30254,NO ESTAR PENDIENTE DE LA VIA,MOTOCICLISTA,CHOQUE,1,NO APLICA,PALMA,NO APLICA,MOTO,BAJAJ,FLORIDA,PARTICULAR,NO APLICA
HERIDOS,2020-09-22, 16:30:00,TARDE,2_MARTES,TULIPANES,TRASVERSAL 8 DIAGONAL 29,URBANA,TECNICO,3.508e-05,-76.30254,NO ESTAR PENDIENTE DE LA VIA,ACOMPAÑANTE MOTOCICLISTA,CHOQUE,1,NO APLICA,PALMA,NO APLICA,NO APLICA,NO APLICA,NO APLICA,NO APLICA,NO APLICA
HERIDOS,2020-09-22, 17:30:00,TARDE,2_MARTES,DELICIAS,CALLE 27 CARRERA 23,URBANA,TECNICO,3.52387,-76.29507,NO ESTAR PENDIENTE DE LA VIA,MOTOCICLISTA,CHOQUE,1,NO APLICA,PALMA,NO APLICA,MOTO,YAMAHA,FLORIDA,PARTICULAR,NO APLICA
HERIDOS,2020-09-22, 17:30:00,TARDE,2_MARTES,DELICIAS,CALLE 27 CARRERA 23,URBANA,TECNICO,3.52387,-76.29507,NO ESTAR PENDIENTE DE LA VIA,MOTOCICLISTA,CHOQUE,1,NO APLICA,PALMA,NO APLICA,MOTO,AKT,PALMIRA,PARTICULAR,NO APLICA
DAÑOS,2020-09-22, 06:10:00,MAÑANA,2_MARTES,INDUSTRIAL,CARRERA 35 CALLE 42,URBANA,TECNICO,3.53896,-76.30654,PONER EN MARCHA VEHICULO SIN PRECAUCION,NO APLICA,CHOQUE,NO APLICA,NO APLICA,NO APLICA,NO APLICA,AUTOMOVIL,CHEVROLET,PEREIRA,PARTICULAR,NO APLICA
DAÑOS,2020-09-22, 06:10:00,MAÑANA,2_MARTES,INDUSTRIAL,CARRERA 35 CALLE 42,URBANA,TECNICO,3.53896,-76.30654,PONER EN MARCHA VEHICULO SIN PRECAUCION,NO APLICA,CHOQUE,NO APLICA,NO APLICA,NO APLICA,NO APLICA,CAMION,KIA,GUACARI,PUBLICO,NO APLICA
HERIDOS,2020-09-23, 15:00:00,TARDE,3_MIERCOLES,CENTRO,CARRERA 31 CALLE 29,URBANA,TECNICO,3.52811,-76.29965,SEMAFORO EN ROJO,MOTOCICLISTA,CHOQUE,1,NO APLICA,PALMA,NO APLICA,MOTO,SUZUKI,EL CERRITO,PARTICULAR,NO APLICA
HERIDOS,2020-09-23, 15:00:00,TARDE,3_MIERCOLES,CENTRO,CARRERA 31 CALLE 29,URBANA,TECNICO,3.52811,-76.29965,SEMAFORO EN ROJO,NO APLICA,CHOQUE,NO APLICA,NO APLICA,NO APLICA,NO APLICA,AUTOMOVIL,RENAULT,YUMBO,PARTICULAR,NO APLICA
HERIDOS,2020-09-23, 15:00:00,TARDE,3_MIERCOLES,CENTRO,CARRERA 31 CALLE 29,URBANA,TECNICO,3.52811,-76.29965,SEMAFORO EN ROJO,ACOMPAÑANTE MOTOCICLISTA,CHOQUE,1,NO APLICA,PALMA,NO APLICA,NO APLICA,NO APLICA,NO APLICA,NO APLICA,NO APLICA
DAÑOS,2020-09-23, 15:30:00,TARDE,3_MIERCOLES,BIZERTA,CALLE 37 CARRERA 22,URBANA,TECNICO,3.53299,-76.293,DESOBEDECER SEÑALES,NO APLICA,CHOQUE,NO APLICA,NO APLICA,NO APLICA,NO APLICA,AUTOMOVIL,KIA,PALMIRA,PUBLICO,NO APLICA
DAÑOS,2020-09-23, 15:30:00,TARDE,3_MIERCOLES,BIZERTA,CALLE 37 CARRERA 22,URBANA,TECNICO,3.53299,-76.293,DESOBEDECER SEÑALES,NO APLICA,CHOQUE,NO APLICA,NO APLICA,NO APLICA,NO APLICA,AUTOMOVIL,RENAULT,PALMIRA,PARTICULAR,NO APLICA
HERIDOS,2020-09-21, 00:10:00,MADRUGADA,1_LUNES,BUENOS AIRES,CALLE 35 CARRERA 5EB,URBANA,TECNICO,3.53148,-76.27415,DESOBEDECER SEÑALES,MOTOCICLISTA,CHOQUE,1,NO APLICA,RAUL,NO APLICA,MOTO,SUZUKI,TULUA,PARTICULAR,NO APLICA
HERIDOS,2020-09-23, 18:50:00,NOCHE,3_MIERCOLES,RIVERA ESCOBAR,CALLE 31 CARRERA 35,URBANA,TECNICO,3.52898,-76.30576,SEMAFORO EN ROJO,NO APLICA,CHOQUE,NO APLICA,NO APLICA,NO APLICA,NO APLICA,MOTO,YAMAHA,GUACARI,PARTICULAR,NO APLICA
HERIDOS,2020-09-23, 18:50:00,NOCHE,3_MIERCOLES,RIVERA ESCOBAR,CALLE 31 CARRERA 35,URBANA,TECNICO,3.52898,-76.30576,SEMAFORO EN ROJO,CICLISTA,CHOQUE,1,NO APLICA,PALMIRA,NO APLICA,BICICLETA,NO APLICA,NO APLICA,PARTICULAR,NO APLICA
HERIDOS,2020-09-24, 14:45:00,TARDE,4_JUEVES,OBRERO,CALE 37CARRERA 26,URBANA,TECNICO,3.53333,-76.29616,DESOBEDECER SEÑALES,MOTOCICLISTA,CHOQUE,1,NO APLICA,PALMA,NO APLICA,MOTO,HONDA,FLORIDA,PARTICULAR,NO APLICA
HERIDOS,2020-09-24, 14:45:00,TARDE,4_JUEVES,OBRERO,CALE 37CARRERA 26,URBANA,TECNICO,3.53333,-76.29616,DESOBEDECER SEÑALES,MOTOCICLISTA,CHOQUE,1,NO APLICA,RAUL,NO APLICA,MOTO,HONDA,FLORIDA,PARTICULAR,NO APLICA
MUERTO,2020-09-25, 21:50:00,NOCHE,5_VIERNES,CENTRO POBLADO GUANABANAL,CARRERA 10 N 2-26,RURAL,TECNICO,3.48507,-76.4225,POR ESTABLECER,MOTOCICLISTA,CHOQUE,NO APLICA,1,NO APLICA,NO APLICA,MOTO,HONDA,BUGA,PARTICULAR,NO APLICA
HERIDOS,2020-09-24, 19:15:00,NOCHE,4_JUEVES,TRINIDAD,CALLE 28 CARRERA 23,URBANA,TECNICO,3.52473,-76.295,DESOBEDECER SEÑALES,MOTOCICLISTA,CHOQUE,1,NO APLICA,PALMA,NO APLICA,MOTO,KYMCO,PALMIRA,PARTICULAR,NO APLICA
HERIDOS,2020-09-24, 19:15:00,NOCHE,4_JUEVES,TRINIDAD,CALLE 28 CARRERA 23,URBANA,TECNICO,3.52473,-76.295,DESOBEDECER SEÑALES,NO APLICA,CHOQUE,NO APLICA,NO APLICA,NO APLICA,NO APLICA,AUTOMOVIL,RENAULT,PALMIRA,PARTICULAR,NO APLICA
HERIDOS,2020-09-24, 15:00:00,TARDE,4_JUEVES,SEMBRADOR,CARRERA 19 CALLE 21,URBANA,TECNICO,3.51881,-76.29094,CRUZAR SIN OBSERVAR,NO APLICA,ATROPELLO,NO APLICA,NO APLICA,NO APLICA,NO APLICA,MOTO,YAMAHA,BOGOTA,PARTICULAR,NO APLICA
HERIDOS,2020-09-24, 15:00:00,TARDE,4_JUEVES,SEMBRADOR,CARRERA 19 CALLE 21,URBANA,TECNICO,3.51881,-76.29094,CRUZAR SIN OBSERVAR,PEATON,ATROPELLO,1,NO APLICA,RAUL,NO APLICA,NO APLICA,NO APLICA,NO APLICA,NO APLICA,NO APLICA
HERIDOS,2020-09-25, 15:00:00,TARDE,5_VIERNES,INDUSTRIAL,CALLE 42 CARRERA 35 NORTE,URBANA,TECNICO,3.53899,-76.30662,LLEVAR ELEMENTO QUE INCOMEDEN LA VISIBILIDAD,NO APLICA,CHOQUE,NO APLICA,NO APLICA,NO APLICA,NO APLICA,AUTOMOVIL,KIA,PALMIRA,PARTICULAR,NO APLICA
HERIDOS,2020-09-25, 15:00:00,TARDE,5_VIERNES,INDUSTRIAL,CALLE 42 CARRERA 35 NORTE,URBANA,TECNICO,3.53899,-76.30662,LLEVAR ELEMENTO QUE INCOMEDEN LA VISIBILIDAD,MOTOCICLISTA,CHOQUE,1,NO APLICA,FRACTURAS,NO APLICA,MOTO,HONDA,ROLDANILLO,PARTICULAR,NO APLICA
HERIDOS,2020-09-25, 14:45:00,TARDE,5_VIERNES,ALAMEDA,CALLE 70 CARRERA 26,URBANA,TECNICO,3.55663,-76.28854,DESOBEDECER SEÑALES,MOTOCICLISTA,CHOQUE,1,NO APLICA,PALMA,NO APLICA,MOTO,SUZUKI,PALMIRA,PARTICULAR,NO APLICA
HERIDOS,2020-09-25, 14:45:00,TARDE,5_VIERNES,ALAMEDA,CALLE 70 CARRERA 26,URBANA,TECNICO,3.55663,-76.28854,DESOBEDECER SEÑALES,MOTOCICLISTA,CHOQUE,1,NO APLICA,PALMA,NO APLICA,MOTO,AKT,GUACARI,PARTICULAR,NO APLICA
DAÑOS,2020-09-25, 16:20:00,TARDE,5_VIERNES,SAMANES,CALLE 47 CARRERA 28,URBANA,TECNICO,3.54223,-76.2966,TRANSITAR ENTRE VEHICULOS,NO APLICA,CHOQUE,NO APLICA,NO APLICA,NO APLICA,NO APLICA,CAMIONETA,NISSAN,PALMIRA,PARTICULAR,NO APLICA
DAÑOS,2020-09-25, 16:20:00,TARDE,5_VIERNES,SAMANES,CALLE 47 CARRERA 28,URBANA,TECNICO,3.54223,-76.2966,TRANSITAR ENTRE VEHICULOS,NO APLICA,CHOQUE,NO APLICA,NO APLICA,NO APLICA,NO APLICA,MOTO,HONDA,CALI,PARTICULAR,NO APLICA
DAÑOS,2020-09-25, 16:20:00,TARDE,5_VIERNES,SAMANES,CALLE 47 CARRERA 28,URBANA,TECNICO,3.54223,-76.2966,TRANSITAR ENTRE VEHICULOS,NO APLICA,CHOQUE,NO APLICA,NO APLICA,NO APLICA,NO APLICA,AUTOMOVIL,KIA,FUNZA,PARTICULAR,NO APLICA
DAÑOS,2020-09-26, 11:00:00,MAÑANA,6_SABADO,BERLIN,CALLE 43A CARRERA 29,URBANA,TECNICO,3.53902,-76.29784,PONER EN MARCHA VEHICULO SIN PRECAUCION,NO APLICA,CHOQUE,NO APLICA,NO APLICA,NO APLICA,NO APLICA,AUTOMOVIL,CHEVROLET,BOGOTA,PARTICULAR,NO APLICA
DAÑOS,2020-09-26, 11:00:00,MAÑANA,6_SABADO,BERLIN,CALLE 43A CARRERA 29,URBANA,TECNICO,3.53902,-76.29784,PONER EN MARCHA VEHICULO SIN PRECAUCION,NO APLICA,CHOQUE,NO APLICA,NO APLICA,NO APLICA,NO APLICA,CAMIONETA,CHEVROLET,CALI,PARTICULAR,NO APLICA
DAÑOS,2020-09-26, 06:10:00,MAÑANA,6_SABADO,OLIMPICO,CALLE23 CARRERA 36A,URBANA,TECNICO,3.52169,-76.30859,NO RESPETAR PRELACION,NO APLICA,CHOQUE,NO APLICA,NO APLICA,NO APLICA,NO APLICA,CAMION,INTERNATIONAL,GUACARI,PUBLICO,NO APLICA
DAÑOS,2020-09-26, 06:10:00,MAÑANA,6_SABADO,OLIMPICO,CALLE23 CARRERA 36A,URBANA,TECNICO,3.52169,-76.30859,NO RESPETAR PRELACION,NO APLICA,CHOQUE,NO APLICA,NO APLICA,NO APLICA,NO APLICA,AUTOMOVIL,CHEVROLET,CALI,PARTICULAR,NO APLICA
DAÑOS,2020-09-26, 17:50:00,TARDE,6_SABADO,URIBE,CARRERA23 CALLE 34,URBANA,TECNICO,3.53056,-76.29412,DESOBEDECER SEÑALES,NO APLICA,CHOQUE,NO APLICA,NO APLICA,NO APLICA,NO APLICA,AUTOMOVIL,KIA,PALMIRA,PUBLICO,PALMERAS
DAÑOS,2020-09-26, 17:50:00,TARDE,6_SABADO,URIBE,CARRERA23 CALLE 34,URBANA,TECNICO,3.53056,-76.29412,DESOBEDECER SEÑALES,NO APLICA,CHOQUE,NO APLICA,NO APLICA,NO APLICA,NO APLICA,CAMIONETA,NISSAN,CALI,PARTICULAR,NO APLICA
DAÑOS,2020-09-25, 06:00:00,MAÑANA,5_VIERNES,INDUSTRIAL,CALLE 42 CARRERA 35 NORTE,URBANA,TECNICO,3.539e-05,-76.30667,GIRAR BRUSCAMENTE,NO APLICA,CHOQUE,NO APLICA,NO APLICA,NO APLICA,NO APLICA,CAMIONETA,HYUNDAI,PALMIRA,PARTICULAR,NO APLICA
DAÑOS,2020-09-25, 06:00:00,MAÑANA,5_VIERNES,INDUSTRIAL,CALLE 42 CARRERA 35 NORTE,URBANA,TECNICO,3.539e-05,-76.30667,GIRAR BRUSCAMENTE,NO APLICA,CHOQUE,NO APLICA,NO APLICA,NO APLICA,NO APLICA,CAMPERO,KIA,EL CERRITO,PARTICULAR,NO APLICA
DAÑOS,2020-09-25, 09:30:00,MAÑANA,5_VIERNES,CENTRO,CALLE 31 CARRERA 29-14,URBANA,TECNICO,3.52809,-76.30004,NO ESTAR PENDIENTE DE LA VIA,NO APLICA,CHOQUE,NO APLICA,NO APLICA,NO APLICA,NO APLICA,CAMIONETA,MAZDA,EL CERRITO,PARTICULAR,NO APLICA
DAÑOS,2020-09-25, 09:30:00,MAÑANA,5_VIERNES,CENTRO,CALLE 31 CARRERA 29-14,URBANA,TECNICO,3.52809,-76.30004,NO ESTAR PENDIENTE DE LA VIA,NO APLICA,CHOQUE,NO APLICA,NO APLICA,NO APLICA,NO APLICA,MOTO,HONDA,PRADERA,PARTICULAR,NO APLICA
HERIDOS,2020-09-25, 11:30:00,MAÑANA,5_VIERNES,SANTA RITA,CALLE 33 CARRERA 26,URBANA,TECNICO,3.53008,-76.29667,DESOBEDECER SEÑALES,MOTOCICLISTA,CHOQUE,1,NO APLICA,PALMIRA,NO APLICA,MOTO,KYMCO,PALMIRA,PARTICULAR,NO APLICA
HERIDOS,2020-09-25, 11:30:00,MAÑANA,5_VIERNES,SANTA RITA,CALLE 33 CARRERA 26,URBANA,TECNICO,3.53008,-76.29667,DESOBEDECER SEÑALES,ACOMPAÑANTE MOTOCICLISTA,CHOQUE,1,NO APLICA,PALMIRA,NO APLICA,NO APLICA,NO APLICA,NO APLICA,NO APLICA,NO APLICA
HERIDOS,2020-09-27, 16:50:00,TARDE,7_DOMINGO,VIA TIENDA NUEVA POTRERILLO,KM 1,RURAL,TECNICO,3.54365,-76.27109,NO MANTENER DISTANCIA DE SEGURIDAD,NO APLICA,CHOQUE,NO APLICA,NO APLICA,NO APLICA,NO APLICA,AUTOMOVIL,KIA,CALI,PARTICULAR,NO APLICA
HERIDOS,2020-09-27, 16:50:00,TARDE,7_DOMINGO,VIA TIENDA NUEVA POTRERILLO,KM 1,RURAL,TECNICO,3.54365,-76.27109,NO MANTENER DISTANCIA DE SEGURIDAD,NO APLICA,CHOQUE,NO APLICA,NO APLICA,NO APLICA,NO APLICA,CAMPERO,AMERICAN,ANTIOQUIA,PARTICULAR,NO APLICA
DAÑOS,2020-09-27, 16:10:00,TARDE,7_DOMINGO,MERCEDES,CALLE 59 CARRERA 26,URBANA,TECNICO,3.5493,-76.29063,DESOBEDECER SEÑALES,NO APLICA,CHOQUE,NO APLICA,NO APLICA,NO APLICA,NO APLICA,CAMIONETA,KIA,PALMIRA,PARTICULAR,NO APLICA
DAÑOS,2020-09-27, 16:10:00,TARDE,7_DOMINGO,MERCEDES,CALLE 59 CARRERA 26,URBANA,TECNICO,3.5493,-76.29063,DESOBEDECER SEÑALES,NO APLICA,CHOQUE,NO APLICA,NO APLICA,NO APLICA,NO APLICA,MOTO,HONDA,GUACARI,PARTICULAR,NO APLICA
DAÑOS,2020-09-27, 10:00:00,MAÑANA,7_DOMINGO,SESQUI,CALLE 11 CARRERA 28S,URBANA,TECNICO,3.5104,-76.30071,GIRAR BRUSCAMENTE,NO APLICA,CHOQUE,NO APLICA,NO APLICA,NO APLICA,NO APLICA,MOTO,HONDA,CALI,PARTICULAR,NO APLICA
DAÑOS,2020-09-27, 10:00:00,MAÑANA,7_DOMINGO,SESQUI,CALLE 11 CARRERA 28S,URBANA,TECNICO,3.5104,-76.30071,GIRAR BRUSCAMENTE,NO APLICA,CHOQUE,NO APLICA,NO APLICA,NO APLICA,NO APLICA,AUTOMOVIL,CHEVROLET,PALMIRA,PARTICULAR,NO APLICA
HERIDOS,2020-09-28, 05:40:00,MADRUGADA,1_LUNES,CAMPESTRE,CALLE 42 CARRERA 1,URBANA,TECNICO,3.53651,-76.2776,PERDIDA DEL CONTROL,MOTOCICLISTA,VOLCAMIENTO,1,NO APLICA,PALMA,NO APLICA,MOTO,YAMAHA,PRADERA,PARTICULAR,NO APLICA
HERIDOS,2020-09-28, 05:40:00,MADRUGADA,1_LUNES,CAMPESTRE,CALLE 42 CARRERA 1,URBANA,TECNICO,3.53651,-76.2776,PERDIDA DEL CONTROL,ACOMPAÑANTE MOTOCICLISTA,VOLCAMIENTO,1,NO APLICA,PALMA,NO APLICA,NO APLICA,NO APLICA,NO APLICA,NO APLICA,NO APLICA
DAÑOS,2020-09-28, 08:15:00,MAÑANA,1_LUNES,SESQUI,CARRERA 32 CALLE 10,URBANA,TECNICO,3.50956,-76.30772,ARRANCAR SIN PRECAUCION,NO APLICA,CHOQUE,NO APLICA,NO APLICA,NO APLICA,NO APLICA,AUTOMOVIL,RENAULT,PALMIRA,PARTICULAR,NO APLICA
DAÑOS,2020-09-28, 08:15:00,MAÑANA,1_LUNES,SESQUI,CARRERA 32 CALLE 10,URBANA,TECNICO,3.50956,-76.30772,ARRANCAR SIN PRECAUCION,NO APLICA,CHOQUE,NO APLICA,NO APLICA,NO APLICA,NO APLICA,AUTOMOVIL,MAZDA,PEREIRA,PARTICULAR,NO APLICA
DAÑOS,2020-09-28, 18:40:00,NOCHE,1_LUNES,URIBE,CARRERA 22 CALLE 34-52,URBANA,TECNICO,3.531e-05,-76.29331,NO ESTAR PENDIENTE DE LA VIA,NO APLICA,CHOQUE,NO APLICA,NO APLICA,NO APLICA,NO APLICA,AUTOMOVIL,RENAULT,CALI,PARTICULAR,NO APLICA
DAÑOS,2020-09-28, 18:40:00,NOCHE,1_LUNES,URIBE,CARRERA 22 CALLE 34-52,URBANA,TECNICO,3.531e-05,-76.29331,NO ESTAR PENDIENTE DE LA VIA,NO APLICA,CHOQUE,NO APLICA,NO APLICA,NO APLICA,NO APLICA,MOTO,HONDA,PALMIRA,PARTICULAR,NO APLICA
DAÑOS,2020-09-28, 13:30:00,TARDE,1_LUNES,COLOMBIA,CARRERA 32 CALLE 33,URBANA,TECNICO,3.5309,-76.30203,NO ESTAR PENDIENTE DE LA VIA,NO APLICA,CHOQUE,NO APLICA,NO APLICA,NO APLICA,NO APLICA,AUTOMOVIL,HYUNDAI,PALMIRA,PUBLICO,NO APLICA
DAÑOS,2020-09-28, 13:30:00,TARDE,1_LUNES,COLOMBIA,CARRERA 32 CALLE 33,URBANA,TECNICO,3.5309,-76.30203,NO ESTAR PENDIENTE DE LA VIA,NO APLICA,CHOQUE,NO APLICA,NO APLICA,NO APLICA,NO APLICA,MOTO,YAMAHA,BUENAVENTURA,PARTICULAR,NO APLICA
HERIDOS,2020-09-30, 13:00:00,TARDE,3_MIERCOLES,COLOMBIA,CALLE 35 CARRERA 32,URBANA,TECNICO,3.53249,-76.3017,DESOBEDECER SEÑALES,MOTOCICLISTA,CHOQUE,1,NO APLICA,PALMIRA,NO APLICA,MOTO,JIANLIGN,GUACARI,PARTICULAR,NO APLICA
HERIDOS,2020-09-30, 13:00:00,TARDE,3_MIERCOLES,COLOMBIA,CALLE 35 CARRERA 32,URBANA,TECNICO,3.53249,-76.3017,DESOBEDECER SEÑALES,NO APLICA,CHOQUE,NO APLICA,NO APLICA,NO APLICA,NO APLICA,AUTOMOVIL,RENAULT,CALI,PARTICULAR,NO APLICA
HERIDOS,2020-09-29, 19:10:00,NOCHE,2_MARTES,CENTRO,CALLE 28 CARRERA 33,URBANA,TECNICO,3.52594,-76.30346,DESOBEDECER SEÑALES,MOTOCICLISTA,CHOQUE,1,NO APLICA,PALMIRA,NO APLICA,MOTO,HONDA,GUACARI,PARTICULAR,NO APLICA
HERIDOS,2020-09-29, 19:10:00,NOCHE,2_MARTES,CENTRO,CALLE 28 CARRERA 33,URBANA,TECNICO,3.52594,-76.30346,DESOBEDECER SEÑALES,NO APLICA,CHOQUE,NO APLICA,NO APLICA,NO APLICA,NO APLICA,MOTO,BAJAJ,FLORIDA,PARTICULAR,NO APLICA
HERIDOS,2020-09-29, 19:10:00,NOCHE,2_MARTES,CENTRO,CALLE 28 CARRERA 33,URBANA,TECNICO,3.52594,-76.30346,DESOBEDECER SEÑALES,ACOMPAÑANTE MOTOCICLISTA,CHOQUE,1,NO APLICA,PALMIRA,NO APLICA,NO APLICA,NO APLICA,NO APLICA,NO APLICA,NO APLICA
HERIDOS,2020-09-29, 20:50:00,NOCHE,2_MARTES,SANCAYETANO,CARRERA 23 CALLE 39,URBANA,TECNICO,3.52552,-76.29489,DESOBEDECER SEÑALES,MOTOCICLISTA,CHOQUE,1,NO APLICA,PALMA,NO APLICA,MOTO,SUZUKI,FLORIDA,PARTICULAR,NO APLICA
HERIDOS,2020-09-29, 20:50:00,NOCHE,2_MARTES,SANCAYETANO,CARRERA 23 CALLE 39,URBANA,TECNICO,3.52552,-76.29489,DESOBEDECER SEÑALES,CONDUCTOR,CHOQUE,1,NO APLICA,PALMA,NO APLICA,AUTOMOVIL,RENAULT,CALI,PARTICULAR,NO APLICA
HERIDOS,2020-09-28, 03:45:00,MADRUGADA,1_LUNES,MIRRIÑAO,CARRERA 28 CALLE 52-53,URBANA,TECNICO,3.54569,-76.29611,EMBRIAGUEZ,MOTOCICLISTA,VOLCAMIENTO,1,NO APLICA,RAUL,NO APLICA,MOTO,HONDA,MONTERIA,PARTICULAR,NO APLICA
DAÑOS,2020-09-30, 14:00:00,TARDE,3_MIERCOLES,RIVERA ESCOBAR,CALLE 31 CARRERA 34-18,URBANA,TECNICO,3.52877,-76.30447,NO ESTAR PENDIENTE DE LA VIA,NO APLICA,CHOQUE,NO APLICA,NO APLICA,NO APLICA,NO APLICA,CAMIONETA,NISSAN,BOGOTA,PARTICULAR,NO APLICA
DAÑOS,2020-09-30, 14:00:00,TARDE,3_MIERCOLES,RIVERA ESCOBAR,CALLE 31 CARRERA 34-18,URBANA,TECNICO,3.52877,-76.30447,NO ESTAR PENDIENTE DE LA VIA,NO APLICA,CHOQUE,NO APLICA,NO APLICA,NO APLICA,NO APLICA,AUTOMOVIL,SUZUKI,BUGA,PARTICULAR,NO APLICA
DAÑOS,2020-09-30, 14:00:00,TARDE,3_MIERCOLES,RIVERA ESCOBAR,CALLE 31 CARRERA 34-18,URBANA,TECNICO,3.52877,-76.30447,NO ESTAR PENDIENTE DE LA VIA,NO APLICA,CHOQUE,NO APLICA,NO APLICA,NO APLICA,NO APLICA,AUTOMOVIL,CHEVROLET,CALI,PARTICULAR,NO APLICA
DAÑOS,2020-09-30, 12:30:00,TARDE,3_MIERCOLES,MUINICIPAL,CALLE 32A CARRERA 1-05,URBANA,TECNICO,3.52782,-76.27741,ADELANTAR INVADIENDO CARRIL,NO APLICA,CHOQUE,NO APLICA,NO APLICA,NO APLICA,NO APLICA,MOTO,YAMAHA,GIUACARI,PARTICULAR,NO APLICA
DAÑOS,2020-09-30, 12:30:00,TARDE,3_MIERCOLES,MUINICIPAL,CALLE 32A CARRERA 1-05,URBANA,TECNICO,3.52782,-76.27741,ADELANTAR INVADIENDO CARRIL,NO APLICA,CHOQUE,NO APLICA,NO APLICA,NO APLICA,NO APLICA,MOTO,YAMAHA,PRADERA,PARTICULAR,NO APLICA
DAÑOS,2020-10-01, 15:00:00,TARDE,4_JUEVES,CENTRO,CARRERA 33A CALLE 29-30,URBANA,TECNICO,3.52697,-76.3044,NO ESTAR PENDIENTE DE LA VIA,NO APLICA,CHOQUE,NO APLICA,NO APLICA,NO APLICA,NO APLICA,AUTOMOVIL,HYUNDAI,PALMIRA,PUBLICO,FLOTA PALMIRA
DAÑOS,2020-10-01, 15:00:00,TARDE,4_JUEVES,CENTRO,CARRERA 33A CALLE 29-30,URBANA,TECNICO,3.52697,-76.3044,NO ESTAR PENDIENTE DE LA VIA,NO APLICA,CHOQUE,NO APLICA,NO APLICA,NO APLICA,NO APLICA,MOTO,HONDA,FLORIDA,PARTICULAR,NO APLICA
HERIDOS,2020-10-01, 17:30:00,TARDE,4_JUEVES,PRADO,CALLE 42 CARRERA 44-41 NORTE,URBANA,TECNICO,3.53888,-76.31401,CRUZAR SIN OBSERVAR,NO APLICA,ATROPELLO,NO APLICA,NO APLICA,NO APLICA,NO APLICA,AUTOMOVIL,CHEVROLET,EL CERRITO,PARTICULAR,NO APLICA
HERIDOS,2020-10-01, 17:30:00,TARDE,4_JUEVES,PRADO,CALLE 42 CARRERA 44-41 NORTE,URBANA,TECNICO,3.53888,-76.31401,CRUZAR SIN OBSERVAR,PEATON,ATROPELLO,1,NO APLICA,PALMA,NO APLICA,NO APLICA,NO APLICA,NO APLICA,NO APLICA,NO APLICA