GRAVEDAD,FECHA,HORA,JORNADA,DIA_SEMANA,BARRIOS_CORREGIMIENTO_VIA,DIRECCION,ZONA,AUTORIDAD,LAT,LONG,HIPOTESIS,CONDICION_DE_LA_VICTIMA,CLASE_DE_SINIESTRO,LESIONADO,HOMICIDIOS,CLINICA,SITIO,CLASE_DE_VEHICULO,MARCA,MATRICULA,TIPO_DE_SERVICIO,EMPRESA
HERIDOS,2020-10-02, 13:20:00,TARDE,5_VIERNES,COLOMBINA,CALLE 30 CARRERA 18,URBANA,TECNICO,3.52591,-76.29051,SEMAFORO EN ROJO,NO APLICA,CHOQUE,NO APLICA,NO APLICA,NO APLICA,NO APLICA,CAMION,MAZDA,ANDALUCIA,PARTICULAR,NO APLICA
HERIDOS,2020-10-02, 13:20:00,TARDE,5_VIERNES,COLOMBINA,CALLE 30 CARRERA 18,URBANA,TECNICO,3.52591,-76.29051,SEMAFORO EN ROJO,MOTOCICLISTA,CHOQUE,1,NO APLICA,PALMIRA,NO APLICA,MOTO,HONDA,GUACARI,PARTICULAR,NO APLICA
DAÑOS,2020-10-01, 13:00:00,TARDE,4_JUEVES,CENTRO,CALLE 31 CARRERA 28,URBANA,TECNICO,3.52796,-76.29881,CON CALCULAR LA ALTURA,NO APLICA,OTRO,NO APLICA,NO APLICA,NO APLICA,NO APLICA,CAMION,MERCEDES,CUNDINAMARCA,PUBLICO,NO APLICA
DAÑOS,2020-10-01, 10:40:00,MAÑANA,4_JUEVES,VIA PALMIRA - GUAYABAL,KM 9,RURAL,TECNICO,3.54459,-76.26698,ADELANTAR LINEA CONTINUA,NO APLICA,CHOQUE,NO APLICA,NO APLICA,NO APLICA,NO APLICA,AUTOMOVIL,RENAULT,PALMIRA,PARTICULAR,NO APLICA
DAÑOS,2020-10-01, 10:40:00,MAÑANA,4_JUEVES,VIA PALMIRA - GUAYABAL,KM 9,RURAL,TECNICO,3.54459,-76.26698,ADELANTAR LINEA CONTINUA,NO APLICA,CHOQUE,NO APLICA,NO APLICA,NO APLICA,NO APLICA,MOTO,SUZUKI,PALMIRA,PARTICULAR,NO APLICA
HERIDOS,2020-10-02, 08:30:00,MAÑANA,5_VIERNES,CENTRO,CALLE 27 CARRERA 33,URBANA,TECNICO,3.52506,-76.30357,DESOBEDECER SEÑALES,NO APLICA,CHOQUE,NO APLICA,NO APLICA,NO APLICA,NO APLICA,MOTO,SUZUKI,GUACARI,PARTICULAR,NO APLICA
HERIDOS,2020-10-02, 08:30:00,MAÑANA,5_VIERNES,CENTRO,CALLE 27 CARRERA 33,URBANA,TECNICO,3.52506,-76.30357,DESOBEDECER SEÑALES,MOTOCICLISTA,CHOQUE,1,NO APLICA,PALMA,NO APLICA,MOTO,BAJAJ,FLORIDA,PARTICULAR,NO APLICA
HERIDOS,2020-10-03, 07:50:00,MAÑANA,6_SABADO,ALTAMIRA,CALLE 47 CARRERA 27,URBANA,TECNICO,3.54209,-76.29559,SEMAFORO EN ROJO,MOTOCICLISTA,CHOQUE,1,NO APLICA,PALMA,NO APLICA,MOTO,HERO,FLORIDA,PARTICULAR,NO APLICA
HERIDOS,2020-10-03, 07:50:00,MAÑANA,6_SABADO,ALTAMIRA,CALLE 47 CARRERA 27,URBANA,TECNICO,3.54209,-76.29559,SEMAFORO EN ROJO,NO APLICA,CHOQUE,NO APLICA,NO APLICA,NO APLICA,NO APLICA,CAMIONETA,FORD,BUGA,PARTICULAR,NO APLICA
HERIDOS,2020-10-03, 10:10:00,MAÑANA,6_SABADO,RESERVAS ZAMORANO,CARRERA 34 CALLE 60 A,URBANA,TECNICO,3.55121,-76.3043,NO ESTAR PENDIENTE DE LA VIA,NO APLICA,CHOQUE,NO APLICA,NO APLICA,NO APLICA,NO APLICA,AUTOMOVIL,KIA,PALMIRA,PUBLICO,PALMERAS
HERIDOS,2020-10-03, 10:10:00,MAÑANA,6_SABADO,RESERVAS ZAMORANO,CARRERA 34 CALLE 60 A,URBANA,TECNICO,3.55121,-76.3043,NO ESTAR PENDIENTE DE LA VIA,NO APLICA,CHOQUE,NO APLICA,NO APLICA,NO APLICA,NO APLICA,MOTO,YAMAHA,FLORIDA,PARTICULAR,NO APLICA
HERIDOS,2020-10-03, 10:10:00,MAÑANA,6_SABADO,RESERVAS ZAMORANO,CARRERA 34 CALLE 60 A,URBANA,TECNICO,3.55121,-76.3043,NO ESTAR PENDIENTE DE LA VIA,ACOMPAÑANTE MOTOCICLISTA,CHOQUE,1,NO APLICA,PALMA,NO APLICA,NO APLICA,NO APLICA,NO APLICA,NO APLICA,NO APLICA
HERIDOS,2020-10-03, 11:30:00,MAÑANA,6_SABADO,NIÑO POBRE,CALLE 28 CARRERA 20-73,URBANA,TECNICO,3.52443,-76.29203,EMBRIAGUEZ,NO APLICA,CHOQUE,NO APLICA,NO APLICA,NO APLICA,NO APLICA,AUTOMOVIL,MAZDA,BUGA,PARTICULAR,NO APLICA
HERIDOS,2020-10-03, 11:30:00,MAÑANA,6_SABADO,NIÑO POBRE,CALLE 28 CARRERA 20-73,URBANA,TECNICO,3.52443,-76.29203,EMBRIAGUEZ,MOTOCICLISTA,CHOQUE,1,NO APLICA,PALMIRA,NO APLICA,MOTO,SUZUKI,PRADERA,PARTICULAR,NO APLICA
HERIDOS,2020-10-03, 11:30:00,MAÑANA,6_SABADO,NIÑO POBRE,CALLE 28 CARRERA 20-73,URBANA,TECNICO,3.52443,-76.29203,EMBRIAGUEZ,ACOMPAÑANTE MOTOCICLISTA,CHOQUE,1,NO APLICA,PALMIRA,NO APLICA,NO APLICA,NO APLICA,NO APLICA,NO APLICA,NO APLICA
DAÑOS,2020-10-03, 16:00:00,TARDE,6_SABADO,MERCEDES,CALLE 58 CARRERA 27,URBANA,TECNICO,3.54884,-76.29216,DESOBEDECER SEÑALES,NO APLICA,CHOQUE,NO APLICA,NO APLICA,NO APLICA,NO APLICA,CAMIONETA,SSANGYONG,PALMIRA,PARTICULAR,NO APLICA
DAÑOS,2020-10-03, 16:00:00,TARDE,6_SABADO,MERCEDES,CALLE 58 CARRERA 27,URBANA,TECNICO,3.54884,-76.29216,DESOBEDECER SEÑALES,NO APLICA,CHOQUE,NO APLICA,NO APLICA,NO APLICA,NO APLICA,CAMIONETA,MAZDA,CALI,PARTICULAR,NO APLICA
HERIDOS,2020-10-03, 15:30:00,TARDE,6_SABADO,JARDIN,CARRERA 1 CALLE 33-39,URBANA,TECNICO,3.52846,-76.27735,NO MANTENER DISTANCIA DE SEGURIDAD,NO APLICA,CHOQUE,NO APLICA,NO APLICA,NO APLICA,NO APLICA,AUTOMOVIL,NISSAN,FUNZA,PARTICULAR,NO APLICA
HERIDOS,2020-10-03, 15:30:00,TARDE,6_SABADO,JARDIN,CARRERA 1 CALLE 33-39,URBANA,TECNICO,3.52846,-76.27735,NO MANTENER DISTANCIA DE SEGURIDAD,MOTOCICLISTA,CHOQUE,1,NO APLICA,FRACTURAS,NO APLICA,MOTO,HONDA,FLORIDA,PARTICULAR,NO APLICA
DAÑOS,2020-10-03, 17:30:00,TARDE,6_SABADO,VIA PALMIRA TABLONES,KM 10,RURAL,TECNICO,3.54607,-76.26444,NO ESTAR PENDIENTE DE LA VIA,NO APLICA,CHOQUE,NO APLICA,NO APLICA,NO APLICA,NO APLICA,CAMIONETA,TOYOTA,EL CERRITO,PARTICULAR,NO APLICA
DAÑOS,2020-10-03, 17:30:00,TARDE,6_SABADO,VIA PALMIRA TABLONES,KM 10,RURAL,TECNICO,3.54607,-76.26444,NO ESTAR PENDIENTE DE LA VIA,NO APLICA,CHOQUE,NO APLICA,NO APLICA,NO APLICA,NO APLICA,MOTO,YAMAHA,CANDELARIA,PARTICULAR,NO APLICA
DAÑOS,2020-10-04, 15:40:00,TARDE,7_DOMINGO,SANTA MARIA,CALLE 44 CARRERA 3,URBANA,TECNICO,3.54047,-76.28053,ADELANTAR ZONA PROHIBIDAD,NO APLICA,CHOQUE,NO APLICA,NO APLICA,NO APLICA,NO APLICA,MOTO,HONDA,FLORIDA,PARTICULAR,NO APLICA
DAÑOS,2020-10-04, 15:40:00,TARDE,7_DOMINGO,SANTA MARIA,CALLE 44 CARRERA 3,URBANA,TECNICO,3.54047,-76.28053,ADELANTAR ZONA PROHIBIDAD,NO APLICA,CHOQUE,NO APLICA,NO APLICA,NO APLICA,NO APLICA,MOTO,YAMAHA,PRADERA,PARTICULAR,NO APLICA
DAÑOS,2020-10-04, 12:50:00,TARDE,7_DOMINGO,TULIPANES,CARRERA 31 CALLE 6,URBANA,TECNICO,3.5062,-76.30985,ARRANCAR SIN PRECAUCION,NO APLICA,CHOQUE,NO APLICA,NO APLICA,NO APLICA,NO APLICA,AUTOMOVIL,RENAULT,CALI,PARTICULAR,NO APLICA
DAÑOS,2020-10-04, 12:50:00,TARDE,7_DOMINGO,TULIPANES,CARRERA 31 CALLE 6,URBANA,TECNICO,3.5062,-76.30985,ARRANCAR SIN PRECAUCION,NO APLICA,CHOQUE,NO APLICA,NO APLICA,NO APLICA,NO APLICA,AUTOMOVIL,RENAULT,PALMIRA,PARTICULAR,NO APLICA
MUERTO,2020-10-05, 12:05:00,TARDE,1_LUNES,VIA PALMIRA TABLONES,KM 12 + 400 MTS,RURAL,TECNICO,3.56591,-76.22891,INVADIR CARRIL SENTIDO CONTRARIO,MOTOCICLISTA,CHOQUE,NO APLICA,1,NO APLICA,NO APLICA,MOTO,SUZUKI,PALMIRA,PARTICULAR,NO APLICA
MUERTO,2020-10-05, 12:05:00,TARDE,1_LUNES,VIA PALMIRA TABLONES,KM 12 + 400 MTS,RURAL,TECNICO,3.56591,-76.22891,INVADIR CARRIL SENTIDO CONTRARIO,NO APLICA,CHOQUE,NO APLICA,NO APLICA,NO APLICA,NO APLICA,MICROBUS,CHEVROLET,PALMIRA,PUBLICO,MONTEBELLO
MUERTO,2020-10-05, 12:05:00,TARDE,1_LUNES,VIA PALMIRA TABLONES,KM 12 + 400 MTS,RURAL,TECNICO,3.56591,-76.22891,INVADIR CARRIL SENTIDO CONTRARIO,ACOMPAÑANTE MOTOCICLISTA,CHOQUE,1,NO APLICA,NO APLICA,NO APLICA,NO APLICA,NO APLICA,NO APLICA,NO APLICA,NO APLICA
DAÑOS,2020-10-05, 13:30:00,TARDE,1_LUNES,CENTRO,CALLE 32 CARRERA 30,URBANA,TECNICO,3.52909,-76.30036,DESOBEDECER SEÑALES,NO APLICA,CHOQUE,NO APLICA,NO APLICA,NO APLICA,NO APLICA,AUTOMOVIL,SUZUKI,PALMIRA,PARTICULAR,NO APLICA
DAÑOS,2020-10-05, 13:30:00,TARDE,1_LUNES,CENTRO,CALLE 32 CARRERA 30,URBANA,TECNICO,3.52909,-76.30036,DESOBEDECER SEÑALES,NO APLICA,CHOQUE,NO APLICA,NO APLICA,NO APLICA,NO APLICA,AUTOMOVIL,CHEVROLET,GUACARI,PARTICULAR,NO APLICA
HERIDOS,2020-10-05, 19:00:00,NOCHE,1_LUNES,CAMPESTRE,CALLE 42 CARRERA 11-12,URBANA,TECNICO,3.537e-05,-76.28411,CRUZAR SIN OBSERVAR,MOTOCICLISTA,CHOQUE,1,NO APLICA,NO APLICA,NO APLICA,MOTO,AKT,PRADERA,PARTICULAR,NO APLICA
HERIDOS,2020-10-05, 19:00:00,NOCHE,1_LUNES,CAMPESTRE,CALLE 42 CARRERA 11-13,URBANA,TECNICO,3.537e-05,-76.28411,CRUZAR SIN OBSERVAR,ACOMPAÑANTE MOTOCICLISTA,CHOQUE,1,NO APLICA,NO APLICA,NO APLICA,NO APLICA,NO APLICA,NO APLICA,NO APLICA,NO APLICA
HERIDOS,2020-10-05, 19:00:00,NOCHE,1_LUNES,CAMPESTRE,CALLE 42 CARRERA 11-13,URBANA,TECNICO,3.537e-05,-76.28411,CRUZAR SIN OBSERVAR,MOTOCICLISTA,CHOQUE,1,NO APLICA,NO APLICA,NO APLICA,NO APLICA,NO APLICA,NO APLICA,NO APLICA,NO APLICA
HERIDOS,2020-10-05, 16:05:00,TARDE,1_LUNES,DELICIAS,CALLE 24 CARRERA 26,URBANA,TECNICO,3.52168,-76.29806,DESOBEDECER SEÑALES,MOTOCICLISTA,CHOQUE,1,NO APLICA,NO APLICA,NO APLICA,MOTO,HONDA,CALI,PARTICULAR,NO APLICA
HERIDOS,2020-10-05, 16:05:00,TARDE,1_LUNES,DELICIAS,CALLE 24 CARRERA 26,URBANA,TECNICO,3.52168,-76.29806,DESOBEDECER SEÑALES,MOTOCICLISTA,CHOQUE,1,NO APLICA,NO APLICA,NO APLICA,MOTO,HONDA,GUACARI,PARTICULAR,NO APLICA
DAÑOS,2020-10-05, 23:50:00,NOCHE,1_LUNES,VIA PALMIRA TABLONES,KM 10,URBANA,TECNICO,3.5554,-76.23919,INVADIR CARRIL SENTIDO CONTRARIO,NO APLICA,CHOQUE,NO APLICA,NO APLICA,NO APLICA,NO APLICA,CAMIONETA,RENAULT,CALI,OFICIAL,NO APLICA
DAÑOS,2020-10-05, 23:50:00,NOCHE,1_LUNES,VIA PALMIRA TABLONES,KM 10,URBANA,TECNICO,3.5554,-76.23919,INVADIR CARRIL SENTIDO CONTRARIO,NO APLICA,CHOQUE,NO APLICA,NO APLICA,NO APLICA,NO APLICA,MOTO,SUZUKI,FLORIDA,PARTICULAR,NO APLICA
HERIDOS,2020-10-06, 07:00:00,MAÑANA,2_MARTES,FRAY LUIS,CALLE 42 AV CIRCURVALR 49,URBANA,TECNICO,3.53683,-76.31964,MAL USO DEL CARRIL,MOTOCICLISTA,CHOQUE,1,NO APLICA,PALMA,NO APLICA,MOTO,BAJAJ,CALI,PARTICULAR,NO APLICA
HERIDOS,2020-10-06, 07:00:00,MAÑANA,2_MARTES,FRAY LUIS,CALLE 42 AV CIRCURVALR 49,URBANA,TECNICO,3.53683,-76.31964,MAL USO DEL CARRIL,NO APLICA,CHOQUE,NO APLICA,NO APLICA,NO APLICA,NO APLICA,CAMIONETA,JAC,EL CERRITO,PARTICULAR,NO APLICA
DAÑOS,2020-10-08, 19:00:00,NOCHE,4_JUEVES,HACIENDA BUENOA AIRES,CALLE 32 B CARRERA 6A,URBANA,TECNICO,3.52886,-76.27319,NO RESPETAR PRELACION,NO APLICA,CHOQUE,NO APLICA,NO APLICA,NO APLICA,NO APLICA,MOTO,YAMAHA,CALI,PARTICULAR,NO APLICA
DAÑOS,2020-10-08, 19:00:00,NOCHE,4_JUEVES,HACIENDA BUENOA AIRES,CALLE 32 B CARRERA 6A,URBANA,TECNICO,3.52886,-76.27319,NO RESPETAR PRELACION,NO APLICA,CHOQUE,NO APLICA,NO APLICA,NO APLICA,NO APLICA,MOTO,AKT,PRADERA,PARTICULAR,NO APLICA
DAÑOS,2020-10-08, 20:00:00,NOCHE,4_JUEVES,NUEVO,CARRERA 33A CALLE 19A-18,URBANA,TECNICO,3.51844,-76.30541,NO MANTENER DISTANCIA,NO APLICA,CHOQUE,NO APLICA,NO APLICA,NO APLICA,NO APLICA,AUTOMOVIL,CHEVROLET,PALMIRA,PARTICULAR,NO APLICA
DAÑOS,2020-10-08, 20:00:00,NOCHE,4_JUEVES,NUEVO,CARRERA 33A CALLE 19A-18,URBANA,TECNICO,3.51844,-76.30541,NO MANTENER DISTANCIA,NO APLICA,CHOQUE,NO APLICA,NO APLICA,NO APLICA,NO APLICA,CAMIONETA,RENAULT,PALMIRA,OFICIAL,NO APLICA
DAÑOS,2020-10-09, 09:30:00,MAÑANA,5_VIERNES,LOPEZ,CARRERA 29 CALLE 39,URBANA,TECNICO,3.53579,-76.30943,ARRANCAR SIN PRECAUCION,NO APLICA,CHOQUE,NO APLICA,NO APLICA,NO APLICA,NO APLICA,MOTO,AKT,PRADERA,PARTICULAR,NO APLICA
DAÑOS,2020-10-09, 09:30:00,MAÑANA,5_VIERNES,LOPEZ,CARRERA 29 CALLE 39,URBANA,TECNICO,3.53579,-76.30943,ARRANCAR SIN PRECAUCION,NO APLICA,CHOQUE,NO APLICA,NO APLICA,NO APLICA,NO APLICA,MOTO,SUZUKI,BUENAVENTURA,PARTICULAR,NO APLICA
DAÑOS,2020-10-09, 11:20:00,MAÑANA,5_VIERNES,CENTRO,CALLE 29 CARRERA 26,URBANA,TECNICO,3.52587,-76.29743,DESOBEDECER SEÑALES,NO APLICA,CHOQUE,NO APLICA,NO APLICA,NO APLICA,NO APLICA,AUTOMOVIL,CHERRY,PALMIRA,PARTICULAR,NO APLICA
DAÑOS,2020-10-09, 11:20:00,MAÑANA,5_VIERNES,CENTRO,CALLE 29 CARRERA 26,URBANA,TECNICO,3.52587,-76.29743,DESOBEDECER SEÑALES,NO APLICA,CHOQUE,NO APLICA,NO APLICA,NO APLICA,NO APLICA,CAMIONETA,CHEVROLET,PALMIRA,PARTICULAR,NO APLICA
HERIDOS,2020-10-08, 14:20:00,TARDE,4_JUEVES,ESTONIA,CALLE 44 CARRERA 32,URBANA,TECNICO,3.53978,-76.30068,DESOBEDECER SEÑALES,NO APLICA,CHOQUE,NO APLICA,NO APLICA,NO APLICA,NO APLICA,MOTO,SUZUKI,PALMIRA,PARTICULAR,NO APLICA
HERIDOS,2020-10-08, 14:20:00,TARDE,4_JUEVES,ESTONIA,CALLE 44 CARRERA 32,URBANA,TECNICO,3.53978,-76.30068,DESOBEDECER SEÑALES,NO APLICA,CHOQUE,NO APLICA,NO APLICA,NO APLICA,NO APLICA,MOTO,YAMAHA,PRADERA,PARTICULAR,NO APLICA
HERIDOS,2020-10-08, 14:20:00,TARDE,4_JUEVES,ESTONIA,CALLE 44 CARRERA 32,URBANA,TECNICO,3.53978,-76.30068,DESOBEDECER SEÑALES,ACOMPAÑANTE MOTOCICLISTA,CHOQUE,1,NO APLICA,FRACTURAS,NO APLICA,NO APLICA,NO APLICA,NO APLICA,NO APLICA,NO APLICA
MUERTO,2020-10-08, 19:20:00,NOCHE,4_JUEVES,VIA PALMIRA ROZO,KM 1 + 200MTS,RURAL,TECNICO,3.56571,-76.3118,INVADIR CARRIL SENTIDO CONTRARIO,MOTOCICLISTA,CHOQUE,NO APLICA,1,NO APLICA,NO APLICA,MOTO,KAWASAKI,BOGOTA,PARTICULAR,NO APLICA
MUERTO,2020-10-08, 19:20:00,NOCHE,4_JUEVES,VIA PALMIRA ROZO,KM 1 + 200MTS,RURAL,TECNICO,3.56571,-76.3118,INVADIR CARRIL SENTIDO CONTRARIO,CONDUCTOR,CHOQUE,1,NO APLICA,PALMIRA,NO APLICA,AUTOMOVIL,MAZDA,CALI,PARTICULAR,NO APLICA
MUERTO,2020-10-08, 19:20:00,NOCHE,4_JUEVES,VIA PALMIRA ROZO,KM 1 + 200MTS,RURAL,TECNICO,3.56571,-76.3118,INVADIR CARRIL SENTIDO CONTRARIO,ACOMPAÑANTE MOTOCICLISTA,CHOQUE,1,NO APLICA,PALMIRA,NO APLICA,NO APLICA,NO APLICA,NO APLICA,NO APLICA,NO APLICA
DAÑOS,2020-10-10, 12:40:00,TARDE,6_SABADO,GUAYACANES,CALLE 10 CARRERA 14A-12,URBANA,TECNICO,3.51765,-76.28691,VEHICULO ESTACIONADO,NO APLICA,CHOQUE,NO APLICA,NO APLICA,NO APLICA,NO APLICA,CAMION,FORD,CALI,PARTICULAR,NO APLICA
DAÑOS,2020-10-10, 12:40:00,TARDE,6_SABADO,GUAYACANES,CALLE 10 CARRERA 14A-12,URBANA,TECNICO,3.51765,-76.28691,VEHICULO ESTACIONADO,NO APLICA,CHOQUE,NO APLICA,NO APLICA,NO APLICA,NO APLICA,CAMIONETA,TOYOTA,ENVIGADO,PARTICULAR,NO APLICA
HERIDOS,2020-10-09, 07:30:00,MAÑANA,5_VIERNES,PRADO,CARRERA 41 CALLE 41,URBANA,TECNICO,3.53783,-76.31146,DESOBEDECER SEÑALES,MOTOCICLISTA,CHOQUE,1,NO APLICA,PALMA,NO APLICA,MOTO,HONDA,PRADERA,PARTICULAR,NO APLICA
HERIDOS,2020-10-09, 07:30:00,MAÑANA,5_VIERNES,PRADO,CARRERA 41 CALLE 41,URBANA,TECNICO,3.53783,-76.31146,DESOBEDECER SEÑALES,NO APLICA,CHOQUE,NO APLICA,NO APLICA,NO APLICA,NO APLICA,AUTOMOVIL,NISSAN,CALI,PARTICULAR,NO APLICA
HERIDOS,2020-10-09, 11:40:00,MAÑANA,5_VIERNES,CENTRO,CALLE 28 CARRERA 29-64,URBANA,TECNICO,3.52553,-76.30063,DESOBEDECER SEÑALES,MOTOCICLISTA,CHOQUE,1,NO APLICA,FRACTURAS,NO APLICA,MOTO,AKT,PALMIRA,PARTICULAR,NO APLICA
HERIDOS,2020-10-09, 11:40:00,MAÑANA,5_VIERNES,CENTRO,CALLE 28 CARRERA 29-64,URBANA,TECNICO,3.52553,-76.30063,DESOBEDECER SEÑALES,NO APLICA,CHOQUE,NO APLICA,NO APLICA,NO APLICA,NO APLICA,AUTOMOVIL,RENAULT,MANIZALEZ,PARTICULAR,NO APLICA
DAÑOS,2020-10-11, 12:10:00,TARDE,7_DOMINGO,SEMBRADOR,CALLE 17A CARRERA 19-98,URBANA,TECNICO,3.51589,-76.29097,NO ESTAR PENDIENTE DE LA VIA,NO APLICA,CHOQUE,NO APLICA,NO APLICA,NO APLICA,NO APLICA,MOTO,AKT,PALMIRA,PARTICULAR,NO APLICA
DAÑOS,2020-10-11, 12:10:00,TARDE,7_DOMINGO,SEMBRADOR,CALLE 17A CARRERA 19-98,URBANA,TECNICO,3.51589,-76.29097,NO ESTAR PENDIENTE DE LA VIA,NO APLICA,CHOQUE,NO APLICA,NO APLICA,NO APLICA,NO APLICA,CAMIONETA,HYUNDAI,PALMIRA,PARTICULAR,NO APLICA
HERIDOS,2020-10-11, 06:40:00,MAÑANA,7_DOMINGO,SEMBRADOR,CALLE 23 CARRERA 23,URBANA,TECNICO,3.52072,-76.29499,DESOBEDECER SEÑALES,MOTOCICLISTA,CHOQUE,1,NO APLICA,RAUL,NO APLICA,MOTO,YAMAHA,PRADERA,PARTICULAR,NO APLICA
HERIDOS,2020-10-11, 06:40:00,MAÑANA,7_DOMINGO,SEMBRADOR,CALLE 23 CARRERA 23,URBANA,TECNICO,3.52072,-76.29499,DESOBEDECER SEÑALES,NO APLICA,CHOQUE,NO APLICA,NO APLICA,NO APLICA,NO APLICA,MOTO,HERO,FLORIDA,PARTICULAR,NO APLICA
HERIDOS,2020-10-11, 06:40:00,MAÑANA,7_DOMINGO,SEMBRADOR,CALLE 23 CARRERA 23,URBANA,TECNICO,3.52072,-76.29499,DESOBEDECER SEÑALES,ACOMPAÑANTE MOTOCICLISTA,CHOQUE,1,NO APLICA,SANTA BARBARA,NO APLICA,NO APLICA,NO APLICA,NO APLICA,NO APLICA,NO APLICA
DAÑOS,2020-10-10, 17:50:00,TARDE,6_SABADO,EL JARDIN,CARRERA 7 CALLE 32C,URBANA,TECNICO,3.52813,-76.28119,NO RESPETAR PRELACION,NO APLICA,CHOQUE,NO APLICA,NO APLICA,NO APLICA,NO APLICA,MOTO,HONDA,FLORIDA,PARTICULAR,NO APLICA
DAÑOS,2020-10-10, 17:50:00,TARDE,6_SABADO,EL JARDIN,CARRERA 7 CALLE 32C,URBANA,TECNICO,3.52813,-76.28119,NO RESPETAR PRELACION,NO APLICA,CHOQUE,NO APLICA,NO APLICA,NO APLICA,NO APLICA,AUTOMOVIL,SUZUKI,CALI,PARTICULAR,NO APLICA
HERIDOS,2020-10-10, 21:05:00,NOCHE,6_SABADO,CORONADO,TRNSVERSAL 39 CALLE 51-28,URBANA,TECNICO,3.54471,-76.30821,ADELANTAR INVADIENDO CARRIL,MOTOCICLISTA,CHOQUE,1,NO APLICA,PALMA,NO APLICA,MOTO,HONDA,PALMIRA,PARTICULAR,NO APLICA
HERIDOS,2020-10-10, 21:05:00,NOCHE,6_SABADO,CORONADO,TRNSVERSAL 39 CALLE 51-28,URBANA,TECNICO,3.54471,-76.30821,ADELANTAR INVADIENDO CARRIL,MOTOCICLISTA,CHOQUE,1,NO APLICA,PALMA,NO APLICA,MOTO,SUZUKI,PALMIRA,PARTICULAR,NO APLICA
DAÑOS,2020-10-11, 10:50:00,MAÑANA,7_DOMINGO,MUINICIPAL,CARRERA 1 CALLE 31-30,URBANA,TECNICO,3.52473,-76.27819,NO MANTENER DISTANCIA,NO APLICA,CHOQUE,NO APLICA,NO APLICA,NO APLICA,NO APLICA,CAMPERO,TOYOTA,CALI,PARTICULAR,NO APLICA
DAÑOS,2020-10-11, 10:50:00,MAÑANA,7_DOMINGO,MUINICIPAL,CARRERA 1 CALLE 31-30,URBANA,TECNICO,3.52473,-76.27819,NO MANTENER DISTANCIA,NO APLICA,CHOQUE,NO APLICA,NO APLICA,NO APLICA,NO APLICA,AUTOMOVIL,CHEVROLET,MEDELLIN,PARTICULAR,NO APLICA
DAÑOS,2020-10-13, 07:20:00,MAÑANA,2_MARTES,VIA PALMIRA ROZO CORONADO,KM 3 + 300 MTS PUENTE MALIBU,URBANA,TECNICO,3.58003,-76.32759,NO RESPETAR PRELACION,NO APLICA,CHOQUE,NO APLICA,NO APLICA,NO APLICA,NO APLICA,AUTOMOVIL,CHEVROLET,CALI,PARTICULAR,NO APLICA
DAÑOS,2020-10-13, 07:20:00,MAÑANA,2_MARTES,VIA PALMIRA ROZO CORONADO,KM 3 + 300 MTS PUENTE MALIBU,URBANA,TECNICO,3.58003,-76.32759,NO RESPETAR PRELACION,NO APLICA,CHOQUE,NO APLICA,NO APLICA,NO APLICA,NO APLICA,MOTO,JIALING,PRADERA,PARTICULAR,NO APLICA
HERIDOS,2020-10-12, 14:50:00,TARDE,1_LUNES,DANUBIO,CARRERA 17 CALLE 32A,URBANA,TECNICO,3.52867,-76.28935,DESOBEDECER SEÑALES,NO APLICA,CHOQUE,NO APLICA,NO APLICA,NO APLICA,NO APLICA,MOTO,BAJAJ,PALMIRA,PARTICULAR,NO APLICA
HERIDOS,2020-10-12, 14:50:00,TARDE,1_LUNES,DANUBIO,CARRERA 17 CALLE 32A,URBANA,TECNICO,3.52867,-76.28935,DESOBEDECER SEÑALES,NO APLICA,CHOQUE,NO APLICA,NO APLICA,NO APLICA,NO APLICA,MOTO,HONDA,PALMIRA,PARTICULAR,NO APLICA
HERIDOS,2020-10-12, 14:50:00,TARDE,1_LUNES,DANUBIO,CARRERA 17 CALLE 32A,URBANA,TECNICO,3.52867,-76.28935,DESOBEDECER SEÑALES,ACOMPAÑANTE MOTOCICLISTA,CHOQUE,1,NO APLICA,RAUL,NO APLICA,NO APLICA,NO APLICA,NO APLICA,NO APLICA,NO APLICA
MUERTO,2020-10-12, 23:00:00,NOCHE,1_LUNES,CHAPINERO SUR,CARRERA 31M CALLE 5 E,URBANA,TECNICO,3.50351,-76.31076,POR ESTABLECER,MOTOCICLISTA,VOLCAMIENTO,NO APLICA,1,NO APLICA,NO APLICA,MOTO,HERO,GUACARI,PARTICULAR,NO APLICA
DAÑOS,2020-10-12, 09:30:00,MAÑANA,1_LUNES,COLOMBIA,CARRERA 31 CALLE 33,URBANA,TECNICO,3.54705,-76.29876,ADELANTAR CERRANDO,NO APLICA,CHOQUE,NO APLICA,NO APLICA,NO APLICA,NO APLICA,MOTO,HONDA,FLORIDA,PARTICULAR,NO APLICA