GRAVEDAD,FECHA,HORA,JORNADA,DIA_SEMANA,BARRIOS_CORREGIMIENTO_VIA,DIRECCION,ZONA,AUTORIDAD,LAT,LONG,HIPOTESIS,CONDICION_DE_LA_VICTIMA,CLASE_DE_SINIESTRO,LESIONADO,HOMICIDIOS,CLINICA,SITIO,CLASE_DE_VEHICULO,MARCA,MATRICULA,TIPO_DE_SERVICIO,EMPRESA
DAÑOS,2020-10-12, 09:30:00,MAÑANA,1_LUNES,COLOMBIA,CARRERA 31 CALLE 33,URBANA,TECNICO,3.54705,-76.29876,ADELANTAR CERRANDO,NO APLICA,CHOQUE,NO APLICA,NO APLICA,NO APLICA,NO APLICA,MOTO,BAJAJ,FLORIDA,PARTICULAR,NO APLICA
DAÑOS,2020-10-13, 21:15:00,NOCHE,2_MARTES,EMILIA,CALLE 35 CARRERA 38,URBANA,TECNICO,3.53282,-76.308,DESOBEDECER SEÑALES,NO APLICA,CHOQUE,NO APLICA,NO APLICA,NO APLICA,NO APLICA,MOTO,HONDA,PALMIRA,PARTICULAR,NO APLICA
DAÑOS,2020-10-13, 21:15:00,NOCHE,2_MARTES,EMILIA,CALLE 35 CARRERA 38,URBANA,TECNICO,3.53282,-76.308,DESOBEDECER SEÑALES,NO APLICA,CHOQUE,NO APLICA,NO APLICA,NO APLICA,NO APLICA,CAMION,MAZDA,CALI,PUBLICO,NO APLICA
DAÑOS,2020-10-13, 18:00:00,NOCHE,2_MARTES,INDUSTRIAL,CALLE 42 CARRERA 34B-10 NORTE,URBANA,TECNICO,3.53871,-76.30382,NO MANTENER DISATANCIA,NO APLICA,CHOQUE,NO APLICA,NO APLICA,NO APLICA,NO APLICA,CAMIONETA,TOYOTA,CALI,PARTICULAR,NO APLICA
DAÑOS,2020-10-13, 18:00:00,NOCHE,2_MARTES,INDUSTRIAL,CALLE 42 CARRERA 34B-10 NORTE,URBANA,TECNICO,3.53871,-76.30382,NO MANTENER DISATANCIA,NO APLICA,CHOQUE,NO APLICA,NO APLICA,NO APLICA,NO APLICA,AUTOMOVIL,HYUNDAI,CALI,PARTICULAR,NO APLICA
DAÑOS,2020-10-13, 18:00:00,NOCHE,2_MARTES,INDUSTRIAL,CALLE 42 CARRERA 34B-10 NORTE,URBANA,TECNICO,3.53871,-76.30382,NO MANTENER DISATANCIA,NO APLICA,CHOQUE,NO APLICA,NO APLICA,NO APLICA,NO APLICA,AUTOMOVIL,MAZDA,CALI,PARTICULAR,NO APLICA
DAÑOS,2020-10-15, 17:30:00,TARDE,4_JUEVES,CENTRO,CALLE 32A CARRERA 25-42,URBANA,TECNICO,3.52911,-76.29601,NO SABER MANIOBRAR EN UNA SITUACION DE PELIGRO,NO APLICA,CHOQUE,NO APLICA,NO APLICA,NO APLICA,NO APLICA,CAMIONETA,FORD,CALI,PARTICULAR,NO APLICA
DAÑOS,2020-10-15, 17:30:00,TARDE,4_JUEVES,CENTRO,CALLE 32A CARRERA 25-42,URBANA,TECNICO,3.52911,-76.29601,NO SABER MANIOBRAR EN UNA SITUACION DE PELIGRO,NO APLICA,CHOQUE,NO APLICA,NO APLICA,NO APLICA,NO APLICA,CAMIONETA,RENAULT,PALMIRA,PARTICULAR,NO APLICA
HERIDOS,2020-10-15, 17:40:00,TARDE,4_JUEVES,JUAN PABLO,CALLE 57 CARRERA 41,URBANA,TECNICO,3.54783,-76.31195,DESOBEDECER SEÑALES,CONDUCTOR,CHOQUE,1,NO APLICA,PALMIRA,NO APLICA,AUTOMOVIL,MAZDA,ENVIGADO,PARTICULAR,NO APLICA
HERIDOS,2020-10-15, 17:40:00,TARDE,4_JUEVES,JUAN PABLO,CALLE 57 CARRERA 41,URBANA,TECNICO,3.54783,-76.31195,DESOBEDECER SEÑALES,MOTOCICLISTA,CHOQUE,1,NO APLICA,PALMIRA,NO APLICA,MOTO,AKT,PRADERA,PARTICULAR,NO APLICA
HERIDOS,2020-10-15, 17:40:00,TARDE,4_JUEVES,JUAN PABLO,CALLE 57 CARRERA 41,URBANA,TECNICO,3.54783,-76.31195,DESOBEDECER SEÑALES,ACOMPAÑANTE MOTOCICLISTA,CHOQUE,1,NO APLICA,PALMIRA,NO APLICA,NO APLICA,NO APLICA,NO APLICA,NO APLICA,NO APLICA
HERIDOS,2020-10-15, 21:15:00,NOCHE,4_JUEVES,LORETO,CALLE 35 CARRERA 35,URBANA,TECNICO,3.53327,-76.30557,TRANSITAR EN CONTRA VIA,NO APLICA,CHOQUE,NO APLICA,NO APLICA,NO APLICA,NO APLICA,BICICLETA,NO APLICA,NO APLICA,PARTICULAR,NO APLICA
HERIDOS,2020-10-15, 21:15:00,NOCHE,4_JUEVES,LORETO,CALLE 35 CARRERA 35,URBANA,TECNICO,3.53327,-76.30557,TRANSITAR EN CONTRA VIA,MOTOCICLISTA,CHOQUE,1,NO APLICA,PALMIRA,NO APLICA,MOTO,BAJAJ,FLORIDA,PARTICULAR,NO APLICA
HERIDOS,2020-10-16, 17:30:00,TARDE,5_VIERNES,CORONADO,CARRERA 35 CALLE 50,URBANA,TECNICO,3.54419,-76.30761,REALIZAR GIRO EN U,MOTOCICLISTA,CHOQUE,1,NO APLICA,SANTA BARBARA,NO APLICA,MOTO,BAJAJ,DOSQUEBRADAS,PARTICULAR,NO APLICA
HERIDOS,2020-10-16, 17:30:00,TARDE,5_VIERNES,CORONADO,CARRERA 35 CALLE 50,URBANA,TECNICO,3.54419,-76.30761,REALIZAR GIRO EN U,NO APLICA,CHOQUE,NO APLICA,NO APLICA,NO APLICA,NO APLICA,CAMION,FORD,MIRANDA,PARTICULAR,NO APLICA
DAÑOS,2020-10-16, 20:20:00,NOCHE,5_VIERNES,LOS MANGOS,CALLE 70 CARRERA 28,URBANA,TECNICO,3.55739,-76.29125,ADELANTAR INVADIENDO CARRIL,NO APLICA,CHOQUE,NO APLICA,NO APLICA,NO APLICA,NO APLICA,BUS,AGRALE,GUACARI,PUBLICO,NO APLICA
DAÑOS,2020-10-16, 20:20:00,NOCHE,5_VIERNES,LOS MANGOS,CALLE 70 CARRERA 28,URBANA,TECNICO,3.55739,-76.29125,ADELANTAR INVADIENDO CARRIL,NO APLICA,CHOQUE,NO APLICA,NO APLICA,NO APLICA,NO APLICA,MOTO,SUZUKI,GUACARI,PARTICULAR,NO APLICA
DAÑOS,2020-10-16, 19:30:00,NOCHE,5_VIERNES,INDUSTRIAL,CALLE 42 CARRERA 35SUR,URBANA,TECNICO,3.53875,-76.30685,NO RESPETAR PRELACION,NO APLICA,CHOQUE,NO APLICA,NO APLICA,NO APLICA,NO APLICA,AUTOMOVIL,CHEVROLET,CALI,PARTICULAR,NO APLICA
DAÑOS,2020-10-16, 17:20:00,TARDE,5_VIERNES,VIA PPRIVADA ITALCOL,KM 11,RURAL,TECNICO,3.51022,-76.40464,ARRANCAR SIN PRECAUCION,NO APLICA,CHOQUE,NO APLICA,NO APLICA,NO APLICA,NO APLICA,TRACTO CAMION,INTERNATIONAL,FACATATIVA,PUBLICO,NO APLICA
DAÑOS,2020-10-16, 17:20:00,TARDE,5_VIERNES,VIA PPRIVADA ITALCOL,KM 11,RURAL,TECNICO,3.51022,-76.40464,ARRANCAR SIN PRECAUCION,NO APLICA,CHOQUE,NO APLICA,NO APLICA,NO APLICA,NO APLICA,TRACTO CAMION,KENWORTH,PALMIRA,PUBLICO,NO APLICA
HERIDOS,2020-10-17, 15:00:00,TARDE,6_SABADO,DELICIAS,CARRERA 23 CALLE 27,URBANA,TECNICO,3.52387,-76.29508,DESOBEDECER SEÑALES,MOTOCICLISTA,CHOQUE,1,NO APLICA,PALMIRA,NO APLICA,MOTO,YAMAHA,FLORIDA,PARTICULAR,NO APLICA
HERIDOS,2020-10-17, 15:00:00,TARDE,6_SABADO,DELICIAS,CARRERA 23 CALLE 27,URBANA,TECNICO,3.52387,-76.29508,DESOBEDECER SEÑALES,NO APLICA,CHOQUE,NO APLICA,NO APLICA,NO APLICA,NO APLICA,MOTO,JIAALIGN,GUACARI,PARTICULAR,NO APLICA
DAÑOS,2020-10-17, 17:20:00,TARDE,6_SABADO,SANTA ISABEL,CARRERA 28 CALLE 46-47,URBANA,TECNICO,3.54166,-76.29663,NO ESTAR PENDIENTE DE LA VIA,NO APLICA,CHOQUE,NO APLICA,NO APLICA,NO APLICA,NO APLICA,AUTOMOVIL,CHEVROLET,CALI,PARTICULAR,NO APLICA
DAÑOS,2020-10-17, 17:20:00,TARDE,6_SABADO,SANTA ISABEL,CARRERA 28 CALLE 46-47,URBANA,TECNICO,3.54166,-76.29663,NO ESTAR PENDIENTE DE LA VIA,NO APLICA,CHOQUE,NO APLICA,NO APLICA,NO APLICA,NO APLICA,MOTO,HERO,PRADERA,PARTICULAR,NO APLICA
HERIDOS,2020-10-17, 18:40:00,NOCHE,6_SABADO,SANCAYETANO,CARRERA 26 CALLE 41,URBANA,TECNICO,3.53695,-76.29558,DESOBEDECER SEÑALES,MOTOCICLISTA,CHOQUE,1,NO APLICA,PALMA,NO APLICA,MOTO,AKT,PRADERA,PARTICULAR,NO APLICA
HERIDOS,2020-10-17, 18:40:00,NOCHE,6_SABADO,SANCAYETANO,CARRERA 26 CALLE 41,URBANA,TECNICO,3.53695,-76.29558,DESOBEDECER SEÑALES,NO APLICA,CHOQUE,NO APLICA,NO APLICA,NO APLICA,NO APLICA,AUTOMOVIL,HYUNDAI,PALMIRA,PARTICULAR,NO APLICA
HERIDOS,2020-10-17, 18:40:00,NOCHE,6_SABADO,SANCAYETANO,CARRERA 26 CALLE 41,URBANA,TECNICO,3.53695,-76.29558,DESOBEDECER SEÑALES,ACOMPAÑANTE MOTOCICLISTA,CHOQUE,1,NO APLICA,PALMA,NO APLICA,NO APLICA,NO APLICA,NO APLICA,NO APLICA,NO APLICA
HERIDOS,2020-10-18, 14:15:00,TARDE,7_DOMINGO,CENTRO,CARRERA 32 CALLE 32,URBANA,TECNICO,3.52936,-76.30226,SEMAFORO EN ROJO,MOTOCICLISTA,CHOQUE,1,NO APLICA,PALMIRA,NO APLICA,MOTO,SUZUKI,PASTO,PARTICULAR,NO APLICA
HERIDOS,2020-10-18, 14:15:00,TARDE,7_DOMINGO,CENTRO,CARRERA 32 CALLE 32,URBANA,TECNICO,3.52936,-76.30226,SEMAFORO EN ROJO,NO APLICA,CHOQUE,NO APLICA,NO APLICA,NO APLICA,NO APLICA,MOTO,AKT,PRADRA,PARTICULAR,NO APLICA
HERIDOS,2020-10-18, 09:00:00,MAÑANA,7_DOMINGO,SANCAYETANO,CALLE 40 CARRERA 25,URBANA,TECNICO,3.53596,-76.29479,DESOBEDECER SEÑALES,MOTOCICLISTA,CHOQUE,1,NO APLICA,PALMIRA,NO APLICA,MOTO,SUZUKI,PRADERA,PARTICULAR,NO APLICA
HERIDOS,2020-10-18, 09:00:00,MAÑANA,7_DOMINGO,SANCAYETANO,CALLE 40 CARRERA 25,URBANA,TECNICO,3.53596,-76.29479,DESOBEDECER SEÑALES,NO APLICA,CHOQUE,NO APLICA,NO APLICA,NO APLICA,NO APLICA,MOTO,BAJAJ,FLORIDA,PARTICULAR,NO APLICA
DAÑOS,2020-10-19, 06:30:00,MAÑANA,1_LUNES,ESTONIA,CARRERA 30 CALLE 43,URBANA,TECNICO,3.53886,-76.29868,DESOBEDECER SEÑALES,NO APLICA,CHOQUE,NO APLICA,NO APLICA,NO APLICA,NO APLICA,AUTOMOVIL,HYUNDAI,PALMIRA,PUBLICO,NO APLICA
DAÑOS,2020-10-19, 06:30:00,MAÑANA,1_LUNES,ESTONIA,CARRERA 30 CALLE 43,URBANA,TECNICO,3.53886,-76.29868,DESOBEDECER SEÑALES,NO APLICA,CHOQUE,NO APLICA,NO APLICA,NO APLICA,NO APLICA,CAMIONETA,MAZDA,BOGOTA,PARTICULAR,NO APLICA
HERIDOS,2020-10-19, 10:00:00,MAÑANA,1_LUNES,ALAMEDA,CALLE 69 CARRERA 26,URBANA,TECNICO,3.55462,-76.28921,DESOBEDECER SEÑALES,MOTOCICLISTA,CHOQUE,1,NO APLICA,RAUL,NO APLICA,MOTO,HONDA,FLORIDA,PARTICULAR,NO APLICA
HERIDOS,2020-10-19, 10:00:00,MAÑANA,1_LUNES,ALAMEDA,CALLE 69 CARRERA 26,URBANA,TECNICO,3.55462,-76.28921,DESOBEDECER SEÑALES,NO APLICA,CHOQUE,NO APLICA,NO APLICA,NO APLICA,NO APLICA,MOTO,KYMCO,CALI,PARTICULAR,NO APLICA
DAÑOS,2020-10-19, 04:50:00,MADRUGADA,1_LUNES,ESTONIA,CALLE 42 CARRERA 32,URBANA,TECNICO,3.5384,-76.30089,SEMAFORO EN ROJO,NO APLICA,CHOQUE,NO APLICA,NO APLICA,NO APLICA,NO APLICA,AUTOMOVIL,HYUNDAI,PALMIRA,PUBLICO,COOTRANSPAL
DAÑOS,2020-10-19, 04:50:00,MADRUGADA,1_LUNES,ESTONIA,CALLE 42 CARRERA 32,URBANA,TECNICO,3.5384,-76.30089,SEMAFORO EN ROJO,NO APLICA,CHOQUE,NO APLICA,NO APLICA,NO APLICA,NO APLICA,BUS,CHEVROLET,CANDELARIA,PARTICULAR,NO APLICA
HERIDOS,2020-10-19, 15:20:00,TARDE,1_LUNES,TREBOL,CALLE 27 CARRERA 23,URBANA,TECNICO,3.52387,-76.29507,DESOBEDECER SEÑALES,MOTOCICLISTA,CHOQUE,1,NO APLICA,NO APLICA,NO APLICA,MOTO,AKT,PALMIRA,PARTICULAR,NO APLICA
HERIDOS,2020-10-19, 15:20:00,TARDE,1_LUNES,TREBOL,CALLE 27 CARRERA 23,URBANA,TECNICO,3.52387,-76.29507,DESOBEDECER SEÑALES,MOTOCICLISTA,CHOQUE,1,NO APLICA,NO APLICA,NO APLICA,MOTO,HONDA,FLORIDA,PARTICULAR,NO APLICA
HERIDOS,2020-10-19, 15:20:00,TARDE,1_LUNES,TREBOL,CALLE 27 CARRERA 23,URBANA,TECNICO,3.52387,-76.29507,DESOBEDECER SEÑALES,ACOMPAÑANTE MOTOCICLISTA,CHOQUE,1,NO APLICA,NO APLICA,NO APLICA,NO APLICA,NO APLICA,NO APLICA,NO APLICA,NO APLICA
DAÑOS,2020-10-19, 19:30:00,NOCHE,1_LUNES,SANTA RITA,CARRERA 27 CALLE 38,URBANA,TECNICO,3.53469,-76.29674,GIRAR BRUSCAMENTE,NO APLICA,CHOQUE,NO APLICA,NO APLICA,NO APLICA,NO APLICA,CAMIONETA,NISSAN,PALMIRA,OFICIAL,NO APLICA
DAÑOS,2020-10-19, 19:30:00,NOCHE,1_LUNES,SANTA RITA,CARRERA 27 CALLE 38,URBANA,TECNICO,3.53469,-76.29674,GIRAR BRUSCAMENTE,NO APLICA,CHOQUE,NO APLICA,NO APLICA,NO APLICA,NO APLICA,MOTO,YAMAHA,PRADERA,PARTICULAR,NO APLICA
MUERTO,2020-10-20, 18:30:00,NOCHE,2_MARTES,CENTRO POBLADO BUITRERA,IRACALES  INMUEBLE 0K-352,RURAL,TECNICO,3.47663,-76.19467,AUSENCIAL PARCIAL DE SEÑALES,MOTOCICLISTA,VOLCAMIENTO,1,NO APLICA,PALMA,NO APLICA,MOTO,HONDA,FLORIDA,PARTICULAR,NO APLICA
MUERTO,2020-10-20, 18:30:00,NOCHE,2_MARTES,CENTRO POBLADO BUITRERA,IRACALES  INMUEBLE 0K-352,RURAL,TECNICO,3.47663,-76.19467,AUSENCIAL PARCIAL DE SEÑALES,ACOMPAÑANTE MOTOCICLISTA,VOLCAMIENTO,NO APLICA,1,NO APLICA,NO APLICA,NO APLICA,NO APLICA,NO APLICA,NO APLICA,NO APLICA
HERIDOS,2020-10-08, 17:30:00,TARDE,4_JUEVES,BIZERTA,CALLE 36 CARRERA 21,URBANA,TECNICO,3.53203,-76.29232,NO RESPETAR LOS PEATONES,MOTOCICLISTA,ATROPELLO,1,NO APLICA,PALMIRA,NO APLICA,MOTO,HONDA,CALI,PARTICULAR,NO APLICA
HERIDOS,2020-10-08, 17:30:00,TARDE,4_JUEVES,BIZERTA,CALLE 36 CARRERA 21,URBANA,TECNICO,3.53203,-76.29232,NO RESPETAR LOS PEATONES,PEATON,ATROPELLO,NO APLICA,1,PALMIRA,NO APLICA,NO APLICA,NO APLICA,NO APLICA,NO APLICA,NO APLICA
DAÑOS,2020-10-20, 12:15:00,TARDE,2_MARTES,PRADO,CALLE 38 CARRERA 43,URBANA,TECNICO,3.53501,-76.31416,REVERSO IMPRUDENTE,NO APLICA,CHOQUE,NO APLICA,NO APLICA,NO APLICA,NO APLICA,CAMIONETA,JAC,CALI,PARTICULAR,NO APLICA
DAÑOS,2020-10-20, 12:15:00,TARDE,2_MARTES,PRADO,CALLE 38 CARRERA 43,URBANA,TECNICO,3.53501,-76.31416,REVERSO IMPRUDENTE,NO APLICA,CHOQUE,NO APLICA,NO APLICA,NO APLICA,NO APLICA,CAMIONETA,FORD,CALI,PARTICULAR,NO APLICA
DAÑOS,2020-10-19, 22:00:00,NOCHE,1_LUNES,VIA CORONADO ROZO,PUENTE MALINBU,RURAL,TECNICO,3.5811,-76.32815,PERDIDA DEL CONTROL,NO APLICA,CHOQUE,NO APLICA,NO APLICA,NO APLICA,NO APLICA,AUTOMOVIL,FORD,CANDELARIA,PARTICULAR,NO APLICA
DAÑOS,2020-10-20, 15:30:00,TARDE,2_MARTES,BENEDICTA,CALLE 47 CARRERA 34AC,URBANA,TECNICO,3.54249,-76.30287,GIRAR BRUSCAMENTE,NO APLICA,CHOQUE,NO APLICA,NO APLICA,NO APLICA,NO APLICA,AUTOMOVIL,HYUNDAI,PALMIRA,PUBLICO,FLOTA PALMIRA
DAÑOS,2020-10-20, 15:30:00,TARDE,2_MARTES,BENEDICTA,CALLE 47 CARRERA 34AC,URBANA,TECNICO,3.54249,-76.30287,GIRAR BRUSCAMENTE,NO APLICA,CHOQUE,NO APLICA,NO APLICA,NO APLICA,NO APLICA,MOTO,KYMCO,FLORIDA,PARTICULAR,NO APLICA
DAÑOS,2020-10-20, 12:30:00,TARDE,2_MARTES,COLOMBINA,CARRERA 14 CALLE 29-13,URBANA,TECNICO,3.52458,-76.28772,NO  ESTAR PENDIENTE DE LA VIA,NO APLICA,CHOQUE,NO APLICA,NO APLICA,NO APLICA,NO APLICA,AUTOMOVIL,FORD,CALI,PARTICULAR,NO APLICA
HERIDOS,2020-10-12, 00:00:00,MADRUGADA,1_LUNES,SANTA TERESITA,CALLE 47 CARRERA 35,URBANA,TECNICO,3.54257,-76.30739,SEMAFORO EN ROJO,CONDUCTOR,CHOQUE,NO APLICA,1,PALMA,NO APLICA,AUTOMOVIL,CHEVROLET,BUGA,PARTICULAR,NO APLICA
HERIDOS,2020-10-12, 00:00:00,MADRUGADA,1_LUNES,SANTA TERESITA,CALLE 47 CARRERA 35,URBANA,TECNICO,3.54257,-76.30739,SEMAFORO EN ROJO,MOTOCICLISTA,CHOQUE,1,NO APLICA,PALMA,NO APLICA,MOTO,YAMAHA,CALI,PARTICULAR,NO APLICA
HERIDOS,2020-10-12, 00:00:00,MADRUGADA,1_LUNES,SANTA TERESITA,CALLE 47 CARRERA 35,URBANA,TECNICO,3.54257,-76.30739,SEMAFORO EN ROJO,ACOMPAÑANTE CONDUCTOR,CHOQUE,1,NO APLICA,PALMA,NO APLICA,NO APLICA,NO APLICA,NO APLICA,NO APLICA,NO APLICA
DAÑOS,2020-10-21, 15:40:00,TARDE,3_MIERCOLES,CENTRO,CALLE 31 CARRERA 33,URBANA,TECNICO,3.52859,-76.30322,ARRANCAR SIN PRECAUCION,NO APLICA,CHOQUE,NO APLICA,NO APLICA,NO APLICA,NO APLICA,BUS,CHEVROLET,GUACARI,PUBLICO,NO APLICA
DAÑOS,2020-10-21, 15:40:00,TARDE,3_MIERCOLES,CENTRO,CALLE 31 CARRERA 33,URBANA,TECNICO,3.52859,-76.30322,ARRANCAR SIN PRECAUCION,NO APLICA,CHOQUE,NO APLICA,NO APLICA,NO APLICA,NO APLICA,AUTOMOVIL,MAZDA,CALI,PARTICULAR,NO APLICA
DAÑOS,2020-10-21, 15:05:00,TARDE,3_MIERCOLES,SANTA RITA,CARREARA 28 CALLE 38-37,URBANA,TECNICO,3.53496,-76.29772,NO ESTAR PENDIENTE DE LA VIA,NO APLICA,CHOQUE,NO APLICA,NO APLICA,NO APLICA,NO APLICA,CAMIONETA,CHEVROLET,CALI,PARTICULAR,NO APLICA
DAÑOS,2020-10-21, 15:05:00,TARDE,3_MIERCOLES,SANTA RITA,CARREARA 28 CALLE 38-37,URBANA,TECNICO,3.53496,-76.29772,NO ESTAR PENDIENTE DE LA VIA,NO APLICA,CHOQUE,NO APLICA,NO APLICA,NO APLICA,NO APLICA,AUTOMOVIL,KIA,CALI,PARTICULAR,NO APLICA
HERIDOS,2020-10-22, 15:30:00,TARDE,4_JUEVES,TREBOL,CARRERA 21 CALLE 26,URBANA,TECNICO,3.52256,-76.29344,DESOBEDECER SEÑALES,MOTOCICLISTA,CHOQUE,1,NO APLICA,SANTA BARBARA,NO APLICA,MOTO,JIANLIGN,GUACARI,PARTICULAR,NO APLICA
HERIDOS,2020-10-22, 15:30:00,TARDE,4_JUEVES,TREBOL,CARRERA 21 CALLE 26,URBANA,TECNICO,3.52256,-76.29344,DESOBEDECER SEÑALES,NO APLICA,CHOQUE,NO APLICA,NO APLICA,NO APLICA,NO APLICA,MOTO,HONDA,GUACARI,PARTICULAR,NO APLICA
HERIDOS,2020-10-22, 15:30:00,TARDE,4_JUEVES,TREBOL,CARRERA 21 CALLE 26,URBANA,TECNICO,3.52256,-76.29344,DESOBEDECER SEÑALES,PEATON,CHOQUE,1,NO APLICA,SANTA BARBARA,NO APLICA,NO APLICA,NO APLICA,NO APLICA,NO APLICA,NO APLICA
HERIDOS,2020-10-22, 20:20:00,NOCHE,4_JUEVES,COLOMBIA,CARRERA 31 CALLE 38,URBANA,TECNICO,3.53521,-76.30036,DESOBEDECER SEÑALES,MOTOCICLISTA,CHOQUE,1,NO APLICA,PALMIRA,NO APLICA,MOTO,HERO,FLORIDA,PARTICULAR,NO APLICA
HERIDOS,2020-10-22, 20:20:00,NOCHE,4_JUEVES,COLOMBIA,CARRERA 31 CALLE 38,URBANA,TECNICO,3.53521,-76.30036,DESOBEDECER SEÑALES,NO APLICA,CHOQUE,NO APLICA,NO APLICA,NO APLICA,NO APLICA,AUTOMOVIL,CHEVROLET,CALI,PARTICULAR,NO APLICA
DAÑOS,2020-10-22, 20:30:00,NOCHE,4_JUEVES,LA ITALIA,TRSVERSAL 4 CALLE 28-27,URBANA,TECNICO,3.50076,-76.30129,NO ESTAR PENDIENTE DE LA VIA,NO APLICA,CHOQUE,NO APLICA,NO APLICA,NO APLICA,NO APLICA,AUTOMOVIL,CHERRY,CALI,PARTICULAR,NO APLICA
HERIDOS,2020-10-23, 20:10:00,NOCHE,5_VIERNES,COLOMBINA,CALLE 31 CARRERA 17,URBANA,TECNICO,3.52678,-76.28948,ARRANCAR SIN PRECAUCION,MOTOCICLISTA,CHOQUE,1,NO APLICA,SANTA BARBARA,NO APLICA,MOTO,YAMAHA,PRADERA,PARTICULAR,NO APLICA
HERIDOS,2020-10-23, 20:10:00,NOCHE,5_VIERNES,COLOMBINA,CALLE 31 CARRERA 17,URBANA,TECNICO,3.52678,-76.28948,ARRANCAR SIN PRECAUCION,NO APLICA,CHOQUE,NO APLICA,NO APLICA,NO APLICA,NO APLICA,CAMPERO,KIA,MANIZALES,PARTICULAR,NO APLICA
HERIDOS,2020-10-23, 20:10:00,NOCHE,5_VIERNES,COLOMBINA,CALLE 31 CARRERA 17,URBANA,TECNICO,3.52678,-76.28948,ARRANCAR SIN PRECAUCION,ACOMPAÑANTE MOTOCICLISTA,CHOQUE,1,NO APLICA,SANTA BARBARA,NO APLICA,NO APLICA,NO APLICA,NO APLICA,NO APLICA,NO APLICA
DAÑOS,2020-10-24, 11:40:00,MAÑANA,6_SABADO,PRIMERO DE MAYO,CALLE 42 CARRERA 13,URBANA,TECNICO,3.53702,-76.28573,ADELANTAR CERRANDO,NO APLICA,CHOQUE,NO APLICA,NO APLICA,NO APLICA,NO APLICA,AUTOMOVIL,CHEVROLET,PALMIRA,NO APLICA,NO APLICA
DAÑOS,2020-10-24, 11:40:00,MAÑANA,6_SABADO,PRIMERO DE MAYO,CALLE 42 CARRERA 13,URBANA,TECNICO,3.53702,-76.28573,ADELANTAR CERRANDO,NO APLICA,CHOQUE,NO APLICA,NO APLICA,NO APLICA,NO APLICA,AUTOMOVIL,KIA,PALMIRA,NO APLICA,NO APLICA
HERIDOS,2020-10-24, 07:20:00,MAÑANA,6_SABADO,INDUSTRIAL,CALLE 42 CARRERA 35,URBANA,TECNICO,3.53873,-76.30687,POR ESTABLECER,MOTOCICLISTA,VOLCAMIENTO,1,NO APLICA,SANTA BARBARA,NO APLICA,MOTO,HERO,FLORIDA,PARTICULAR,NO APLICA
HERIDOS,2020-10-24, 07:20:00,MAÑANA,6_SABADO,INDUSTRIAL,CALLE 42 CARRERA 35,URBANA,TECNICO,3.53873,-76.30687,POR ESTABLECER,NO APLICA,VOLCAMIENTO,NO APLICA,NO APLICA,NO APLICA,NO APLICA,BUS,AGRALE,GUACARI,PUBLICO,TRANSPORTES MEJIA
DAÑOS,2020-10-15, 12:10:00,TARDE,4_JUEVES,LOS SAUSES,CARRERA 1 CALLE 34,URBANA,TECNICO,3.53037,-76.27731,IMPERICIA EN ELMANEJO,NO APLICA,VOLCAMIENTO,NO APLICA,NO APLICA,NO APLICA,NO APLICA,MOTO,SUZUKI,PALMIRA,PARTICULAR,NO APLICA
MUERTO,2020-10-25, 18:00:00,NOCHE,7_DOMINGO,CENTRO POBLADO LA TORRE,CALLE 10 N 16-502,RURAL,TECNICO,3.61838,-76.42282,CAMBIO DE CARRIL CON O SIN INDICACION,MOTOCICLISTA,CHOQUE,1,NO APLICA,RAUL ROZO,NO APLICA,MOTO,SUZUKI,CALI,PARTICULAR,NO APLICA
MUERTO,2020-10-25, 18:00:00,NOCHE,7_DOMINGO,CENTRO POBLADO LA TORRE,CALLE 10 N 16-502,RURAL,TECNICO,3.61838,-76.42282,CAMBIO DE CARRIL CON O SIN INDICACION,CICLISTA,CHOQUE,NO APLICA,1,NO APLICA,NO APLICA,BICICLETA,NO APLICA,NO APLICA,PARTICULAR,NO APLICA
MUERTO,2020-10-25, 18:00:00,NOCHE,7_DOMINGO,CENTRO POBLADO LA TORRE,CALLE 10 N 16-502,RURAL,TECNICO,3.61838,-76.42282,CAMBIO DE CARRIL CON O SIN INDICACION,ACOMPAÑANTE MOTOCICLISTA,CHOQUE,1,NO APLICA,RAUL ROZO,NO APLICA,NO APLICA,NO APLICA,NO APLICA,NO APLICA,NO APLICA
MUERTO,2020-10-25, 05:30:00,MADRUGADA,7_DOMINGO,VIA CALI PALMIRA,KM 18 + 100 MTS,RURAL,TECNICO,3.52673,-76.32826,POR ESTABLECER,MOTOCICLISTA,VOLCAMIENTO,1,NO APLICA,VALLE SALUD,NO APLICA,MOTO,HONDA,FLORIDA,PARTICULAR,NO APLICA
MUERTO,2020-10-25, 05:30:00,MADRUGADA,7_DOMINGO,VIA CALI PALMIRA,KM 18 + 100 MTS,RURAL,TECNICO,3.52673,-76.32826,POR ESTABLECER,ACOMPAÑANTE MOTOCICLISTA,VOLCAMIENTO,1,NO APLICA,VALLE SALUD,NO APLICA,MOTO,HONDA,FLORIDA,PARTICULAR,NO APLICA