GRAVEDAD,FECHA,HORA,JORNADA,DIA_SEMANA,BARRIOS_CORREGIMIENTO_VIA,DIRECCION,ZONA,AUTORIDAD,LAT,LONG,HIPOTESIS,CONDICION_DE_LA_VICTIMA,CLASE_DE_SINIESTRO,LESIONADO,HOMICIDIOS,CLINICA,SITIO,CLASE_DE_VEHICULO,MARCA,MATRICULA,TIPO_DE_SERVICIO,EMPRESA
DAÑOS,2020-11-04, 15:30:00,TARDE,3_MIERCOLES,FRAY LUIS,CALLE 40 CARRERA 37-25,URBANA,TECNICO,3.53679,-76.30831,REMOLCAR VEHICULO SIN LAS DEBIDADSPRECAUCIONES,NO APLICA,CHOQUE,NO APLICA,NO APLICA,NO APLICA,NO APLICA,CAMIONETA,FORD,CALI,PARTICULAR,NO APLICA
HERIDOS,2020-11-01, 10:10:00,MAÑANA,7_DOMINGO,SAMANES,CALLE 47 CARRERA 28,URBANA,TECNICO,3.54219,-76.29663,NO RESPETAR PRELACION,NO APLICA,CHOQUE,NO APLICA,NO APLICA,NO APLICA,NO APLICA,MOTO,YAMAHA,FLORIDA,PARTICULAR,NO APLICA
HERIDOS,2020-11-01, 10:10:00,MAÑANA,7_DOMINGO,SAMANES,CALLE 47 CARRERA 28,URBANA,TECNICO,3.54219,-76.29663,NO RESPETAR PRELACION,NO APLICA,CHOQUE,NO APLICA,NO APLICA,NO APLICA,NO APLICA,MOTO,AKT,PRADERA,PARTICULAR,NO APLICA
HERIDOS,2020-11-01, 10:10:00,MAÑANA,7_DOMINGO,SAMANES,CALLE 47 CARRERA 28,URBANA,TECNICO,3.54219,-76.29663,NO RESPETAR PRELACION,ACOMPAÑANTE MOTOCICLISTA,CHOQUE,1,NO APLICA,PALMA,NO APLICA,NO APLICA,NO APLICA,NO APLICA,NO APLICA,NO APLICA
DAÑOS,2020-11-04, 17:40:00,TARDE,3_MIERCOLES,INDUSTRIAL,CALLE 42 CARRERA 35,URBANA,TECNICO,3.53873,-76.30643,NO MANTENER DISTANCIA DE SEGURIDAD,NO APLICA,CHOQUE,NO APLICA,NO APLICA,NO APLICA,NO APLICA,AUTOMOVIL,HYUNDAI,CALI,PARTICULAR,NO APLICA
DAÑOS,2020-11-04, 17:40:00,TARDE,3_MIERCOLES,INDUSTRIAL,CALLE 42 CARRERA 35,URBANA,TECNICO,3.53873,-76.30643,NO MANTENER DISTANCIA DE SEGURIDAD,NO APLICA,CHOQUE,NO APLICA,NO APLICA,NO APLICA,NO APLICA,AUTOMOVIL,KIA,CALI,PARTICULAR,NO APLICA
DAÑOS,2020-11-06, 06:50:00,MAÑANA,5_VIERNES,VERSALLE S,CALLE 42 CARRERA 27,URBANA,TECNICO,3.53789,-76.2962,NO TOMAR LA MEDIDAS DE PRECUCION APARA ADELANTAR,NO APLICA,CHOQUE,NO APLICA,NO APLICA,NO APLICA,NO APLICA,AUTOMOVIL,CHEVROLET,GUACARI,PARTICULAR,NO APLICA
DAÑOS,2020-11-06, 06:50:00,MAÑANA,5_VIERNES,VERSALLE S,CALLE 42 CARRERA 27,URBANA,TECNICO,3.53789,-76.2962,NO TOMAR LA MEDIDAS DE PRECUCION APARA ADELANTAR,NO APLICA,CHOQUE,NO APLICA,NO APLICA,NO APLICA,NO APLICA,MOTO,YAMAHA,PRADERA,PARTICULAR,NO APLICA
DAÑOS,2020-11-06, 16:00:00,TARDE,5_VIERNES,NUEVO,CARRERA 31 CALLE 24,URBANA,TECNICO,3.5223,-76.30257,UBICARSE DENRO DOS CARRILES,NO APLICA,CHOQUE,NO APLICA,NO APLICA,NO APLICA,NO APLICA,AUTOMOVIL,CHEVROLET,PRADERA,PARTICULAR,NO APLICA
DAÑOS,2020-11-06, 16:00:00,TARDE,5_VIERNES,NUEVO,CARRERA 31 CALLE 24,URBANA,TECNICO,3.5223,-76.30257,UBICARSE DENRO DOS CARRILES,NO APLICA,CHOQUE,NO APLICA,NO APLICA,NO APLICA,NO APLICA,MOTO,AKT,CALI,PARTICULAR,NO APLICA
DAÑOS,2020-11-06, 16:00:00,TARDE,5_VIERNES,VERSALLE S,CALLE 42 CARRERA 28,URBANA,TECNICO,3.53812,-76.29703,ESTACIONARSE SIN LA MEDIDAS DE PECAUCION,NO APLICA,CHOQUE,NO APLICA,NO APLICA,NO APLICA,NO APLICA,AUTOMOVIL,CHERRY,PALMIRA,PUBLICO,COOTRANSPAL
DAÑOS,2020-11-06, 16:00:00,TARDE,5_VIERNES,VERSALLE S,CALLE 42 CARRERA 28,URBANA,TECNICO,3.53812,-76.29703,ESTACIONARSE SIN LA MEDIDAS DE PECAUCION,NO APLICA,CHOQUE,NO APLICA,NO APLICA,NO APLICA,NO APLICA,BUS,HINO,IBAGUE,PUBLICO,COODETRANS PALMIRA
HERIDOS,2020-11-06, 20:20:00,NOCHE,5_VIERNES,LA ITALIA,CARRERA 26 CALLE 6,URBANA,TECNICO,3.50534,-76.29749,ADELANTAR INVADIENDO CARRIL,MOTOCICLISTA,CHOQUE,1,NO APLICA,PALMA,NO APLICA,MOTO,YAMAHA,PRADERA,PARTICULAR,NO APLICA
HERIDOS,2020-11-06, 20:20:00,NOCHE,5_VIERNES,LA ITALIA,CARRERA 26 CALLE 6,URBANA,TECNICO,3.50534,-76.29749,ADELANTAR INVADIENDO CARRIL,MOTOCICLISTA,CHOQUE,1,NO APLICA,PALMA,NO APLICA,MOTO,VICTORY,FLORIDA,PARTICULAR,NO APLICA
MUERTO,2020-11-07, 14:30:00,TARDE,6_SABADO,CENTRO POBLADO GUAYABAL,PREDIO K 3  + 252,RURAL,TECNICO,3.54613,-76.26432,POR ESTABLECER,MOTOCICLISTA,VOLCAMIENTO,1,NO APLICA,RAUL,NO APLICA,MOTO,SUZUKI,FLORIDA,PARTICULAR,NO APLICA
MUERTO,2020-11-07, 14:30:00,TARDE,6_SABADO,CENTRO POBLADO GUAYABAL,PREDIO K 3  + 252,RURAL,TECNICO,3.54613,-76.26432,POR ESTABLECER,ACOMPAÑANTE MOTOCICLISTA,VOLCAMIENTO,NO APLICA,1,NO APLICA,NO APLICA,NO APLICA,NO APLICA,NO APLICA,NO APLICA,NO APLICA
DAÑOS,2020-11-07, 16:00:00,TARDE,6_SABADO,LOS PINOS,CALLE 42 CARRERA 22,URBANA,TECNICO,3.53726,-76.29239,ADELANTAR EN INTERSECCION,NO APLICA,CHOQUE,NO APLICA,NO APLICA,NO APLICA,NO APLICA,CAMIONETA,NISSAN,CALI,PARTICULAR,NO APLICA
DAÑOS,2020-11-07, 16:00:00,TARDE,6_SABADO,LOS PINOS,CALLE 42 CARRERA 22,URBANA,TECNICO,3.53726,-76.29239,ADELANTAR EN INTERSECCION,NO APLICA,CHOQUE,NO APLICA,NO APLICA,NO APLICA,NO APLICA,MOTO,AKT,PRADERA,PARTICULAR,NO APLICA
HERIDOS,2020-11-07, 20:20:00,NOCHE,6_SABADO,TRINIDAD,CALLE 28 CARRERA23,URBANA,TECNICO,3.52473,-76.29501,DESOBEDECER SEÑALES,MOTOCICLISTA,CHOQUE,1,NO APLICA,PALMIRA,NO APLICA,MOTO,AKT,PRADERA,PARTICULAR,NO APLICA
HERIDOS,2020-11-07, 20:20:00,NOCHE,6_SABADO,TRINIDAD,CALLE 28 CARRERA23,URBANA,TECNICO,3.52473,-76.29501,DESOBEDECER SEÑALES,NO APLICA,CHOQUE,NO APLICA,NO APLICA,NO APLICA,NO APLICA,CAMIONETA,CHEVROLET,BOGOTA,PARTICULAR,NO APLICA
HERIDOS,2020-11-07, 20:20:00,NOCHE,6_SABADO,TRINIDAD,CALLE 28 CARRERA23,URBANA,TECNICO,3.52473,-76.29501,DESOBEDECER SEÑALES,ACOMPAÑANTE MOTOCICLISTA,CHOQUE,1,NO APLICA,PALMIRA,NO APLICA,NO APLICA,NO APLICA,NO APLICA,NO APLICA,NO APLICA
HERIDOS,2020-11-08, 16:30:00,TARDE,7_DOMINGO,ZAMORANO,CARRERA 38 CALLE 59-30,URBANA,TECNICO,3.5497,-76.30943,POR ESTABLECER,NO APLICA,CHOQUE,NO APLICA,NO APLICA,NO APLICA,NO APLICA,AUTOMOVIL,KIA,PALMIRA,PUBLICO,NO APLICA
HERIDOS,2020-11-08, 16:30:00,TARDE,7_DOMINGO,ZAMORANO,CARRERA 38 CALLE 59-30,URBANA,TECNICO,3.5497,-76.30943,POR ESTABLECER,CICLISTA,CHOQUE,1,NO APLICA,RAUL,NO APLICA,BICICLETA,NO APLICA,NO APLICA,PARTICULAR,NO APLICA
HERIDOS,2020-11-08, 07:00:00,MAÑANA,7_DOMINGO,BIZERTA,CALLE 37 CARRERA 22,URBANA,TECNICO,3.53297,-76.29303,INVDIR CARRIL DE SENTIDO CONTRARIO,MOTOCICLISTA,CHOQUE,1,NO APLICA,PALMA,NO APLICA,MOTO,KYMCO,FLORIDA,PARTICULAR,NO APLICA
HERIDOS,2020-11-08, 07:00:00,MAÑANA,7_DOMINGO,BIZERTA,CALLE 37 CARRERA 22,URBANA,TECNICO,3.53297,-76.29303,INVDIR CARRIL DE SENTIDO CONTRARIO,NO APLICA,CHOQUE,NO APLICA,NO APLICA,NO APLICA,NO APLICA,MOTO,YAMAHA,YUMBO,PARTICULAR,NO APLICA
DAÑOS,2020-11-08, 10:00:00,MAÑANA,7_DOMINGO,POBLADO,CALLE 44 CARRERA 1 1,URBANA,TECNICO,3.53982,-76.28379,PERDIDA DEL CONTROL,NO APLICA,VOLCAMIENTO,NO APLICA,NO APLICA,NO APLICA,NO APLICA,MOTO,BAJAJ,YUMBO,PARTICULAR,NO APLICA
HERIDOS,2020-11-08, 11:00:00,MAÑANA,7_DOMINGO,SAN PEDRO,CARRERA 9 B CALLE 35,URBANA,TECNICO,3.53202,-76.28211,PONER EN MARCHA VEHICULO SIN PRECAUCION,MOTOCICLISTA,CHOQUE,1,NO APLICA,RAUL,NO APLICA,MOTO,HONDA,TUUA,PARTICULAR,NO APLICA
HERIDOS,2020-11-08, 11:00:00,MAÑANA,7_DOMINGO,SAN PEDRO,CARRERA 9 B CALLE 35,URBANA,TECNICO,3.53202,-76.28211,PONER EN MARCHA VEHICULO SIN PRECAUCION,NO APLICA,CHOQUE,NO APLICA,NO APLICA,NO APLICA,NO APLICA,CAMPERO,RENAULT,BOGOTA,PARTICULAR,NO APLICA
HERIDOS,2020-11-08, 08:40:00,MAÑANA,7_DOMINGO,SANCAYETANO,CALLE 38 CARRERA 24,URBANA,TECNICO,3.53431,-76.29446,DESOBEDECER SEÑALES,MOTOCICLISTA,CHOQUE,1,NO APLICA,FRACTURAS,NO APLICA,MOTO,AKT,PALMIRA,PARTICULAR,NO APLICA
HERIDOS,2020-11-08, 08:40:00,MAÑANA,7_DOMINGO,SANCAYETANO,CALLE 38 CARRERA 24,URBANA,TECNICO,3.53431,-76.29446,DESOBEDECER SEÑALES,NO APLICA,CHOQUE,NO APLICA,NO APLICA,NO APLICA,NO APLICA,AUTOMOVIL,RENAULT,PALMIRA,OFICIAL,NO APLICA
HERIDOS,2020-11-11, 22:05:00,NOCHE,3_MIERCOLES,VERSALLE S,CARRERA 28 CALLE 42-43,URBANA,TECNICO,3.53865,-76.29721,NO MANTENER DISTANCIA,CONDUCTOR,CHOQUE,1,NO APLICA,PALMIRA,NO APLICA,AUTOMOVIL,CHEVROLET,TULUA,PARTICULAR,NO APLICA
HERIDOS,2020-11-11, 22:05:00,NOCHE,3_MIERCOLES,VERSALLE S,CARRERA 28 CALLE 42-43,URBANA,TECNICO,3.53865,-76.29721,NO MANTENER DISTANCIA,NO APLICA,CHOQUE,NO APLICA,NO APLICA,NO APLICA,NO APLICA,AUTOMOVIL,SUZUKI,CALI,PARTICULAR,NO APLICA
DAÑOS,2020-11-11, 11:00:00,MAÑANA,3_MIERCOLES,CENTRO,CALLE 29 CARRERA 27-13,URBANA,TECNICO,3.52603,-76.29852,NO MANTENER DISTANCIA,NO APLICA,CHOQUE,NO APLICA,NO APLICA,NO APLICA,NO APLICA,AUTOMOVIL,KIA,PALMIRA,PARTICULAR,NO APLICA
DAÑOS,2020-11-11, 11:00:00,MAÑANA,3_MIERCOLES,CENTRO,CALLE 29 CARRERA 27-13,URBANA,TECNICO,3.52603,-76.29852,NO MANTENER DISTANCIA,NO APLICA,CHOQUE,NO APLICA,NO APLICA,NO APLICA,NO APLICA,AUTOMOVIL,CHEVROLET,PALMIRA,PARTICULAR,NO APLICA
HERIDOS,2020-11-11, 11:00:00,MAÑANA,3_MIERCOLES,VIA PALMIRA POTRERILLO,KM 11 +572,RURAL,TECNICO,3.57064,-76.22106,NO ESTAR PENDIENTE DE LA VIA,NO APLICA,CHOQUE,NO APLICA,NO APLICA,NO APLICA,NO APLICA,CAMIONETA,INTERNATIONAL,PALMIRA,PUBLICO,NO APLICA
HERIDOS,2020-11-11, 11:00:00,MAÑANA,3_MIERCOLES,VIA PALMIRA POTRERILLO,KM 11 +572,RURAL,TECNICO,3.57064,-76.22106,NO ESTAR PENDIENTE DE LA VIA,MOTOCICLISTA,CHOQUE,1,NO APLICA,RAUL,NO APLICA,MOTO,SUZUKI,JAMUNDI,PARTICULAR,NO APLICA
HERIDOS,2020-11-11, 10:00:00,MAÑANA,3_MIERCOLES,CENTRO,CARRERA 26 CALLE 32A,URBANA,TECNICO,3.52922,-76.29687,NO RESPETAR PRELACION,MOTOCICLISTA,CHOQUE,1,NO APLICA,PALMIRA,NO APLICA,MOTO,VICTORY,PALMIRA,PARTICULAR,NO APLICA
HERIDOS,2020-11-11, 10:00:00,MAÑANA,3_MIERCOLES,CENTRO,CARRERA 26 CALLE 32A,URBANA,TECNICO,3.52922,-76.29687,NO RESPETAR PRELACION,NO APLICA,CHOQUE,NO APLICA,NO APLICA,NO APLICA,NO APLICA,AUTOMOVIL,CHEVROLET,CALI,PARTICULAR,NO APLICA
HERIDOS,2020-11-11, 10:00:00,MAÑANA,3_MIERCOLES,CENTRO,CARRERA 26 CALLE 32A,URBANA,TECNICO,3.52922,-76.29687,NO RESPETAR PRELACION,ACOMPAÑANTE MOTOCICLISTA,CHOQUE,1,NO APLICA,PALMIRA,NO APLICA,NO APLICA,NO APLICA,NO APLICA,NO APLICA,NO APLICA
DAÑOS,2020-11-12, 06:40:00,MAÑANA,4_JUEVES,CENTRO,CALLE 28 CARRERA 26-25,URBANA,TECNICO,3.52495,-76.29713,ARRANCAR SIN PRECAUCION,NO APLICA,CHOQUE,NO APLICA,NO APLICA,NO APLICA,NO APLICA,AUTOMOVIL,MAZDA,FLORIDA,PARTICULAR,NO APLICA
DAÑOS,2020-11-12, 06:40:00,MAÑANA,4_JUEVES,CENTRO,CALLE 28 CARRERA 26-25,URBANA,TECNICO,3.52495,-76.29713,ARRANCAR SIN PRECAUCION,NO APLICA,CHOQUE,NO APLICA,NO APLICA,NO APLICA,NO APLICA,MOTO,BAJAJ,ROLDANILLO,PARTICULAR,NO APLICA
DAÑOS,2020-11-12, 13:20:00,TARDE,4_JUEVES,CENTRO,CALLE 31 CARRERA 32,URBANA,TECNICO,3.52852,-76.30237,ADELANTAR CERRANDO,NO APLICA,CHOQUE,NO APLICA,NO APLICA,NO APLICA,NO APLICA,AUTOMOVIL,HYUNDAI,CALI,PARTICULAR,NO APLICA
DAÑOS,2020-11-12, 13:20:00,TARDE,4_JUEVES,CENTRO,CALLE 31 CARRERA 32,URBANA,TECNICO,3.52852,-76.30237,ADELANTAR CERRANDO,NO APLICA,CHOQUE,NO APLICA,NO APLICA,NO APLICA,NO APLICA,CAMIONETA,CHEVROLET,CALI,PARTICULAR,NO APLICA
HERIDOS,2020-11-12, 07:00:00,MAÑANA,4_JUEVES,POBLADO,CALLE 44 CARRERA 14,URBANA,TECNICO,3.53911,-76.28755,NO MANTENER DISTANCIA,MOTOCICLISTA,CHOQUE,1,NO APLICA,RAUL,NO APLICA,MOTO,HONDA,FLORIDA,PARTICULAR,NO APLICA
HERIDOS,2020-11-12, 07:00:00,MAÑANA,4_JUEVES,POBLADO,CALLE 44 CARRERA 14,URBANA,TECNICO,3.53911,-76.28755,NO MANTENER DISTANCIA,NO APLICA,CHOQUE,NO APLICA,NO APLICA,NO APLICA,NO APLICA,AUTOMOVIL,CHEVROLET,COTA,PARTICULAR,NO APLICA
HERIDOS,2020-11-12, 12:20:00,TARDE,4_JUEVES,SAN PEDRO,CALLE 34A CARRERA 17,URBANA,TECNICO,3.53004,-76.28864,DESOBEDECER SEÑALES,CONDUCTOR,CHOQUE,1,NO APLICA,NO APLICA,NO APLICA,AUTOMOVIL,MAZDA,TIMBU,PARTICULAR,NO APLICA
HERIDOS,2020-11-12, 12:20:00,TARDE,4_JUEVES,SAN PEDRO,CALLE 34A CARRERA 17,URBANA,TECNICO,3.53004,-76.28864,DESOBEDECER SEÑALES,NO APLICA,CHOQUE,NO APLICA,NO APLICA,NO APLICA,NO APLICA,AUTOMOVIL,RENAULT,BOGOTA,PARTICULAR,NO APLICA
DAÑOS,2020-11-11, 16:30:00,TARDE,3_MIERCOLES,ZONZ FRANCA PACIFICO,BODEGA 3,RURAL,TECNICO,3.56042,-76.45018,PUERTAS ABIERTAS,NO APLICA,CHOQUE,NO APLICA,NO APLICA,NO APLICA,NO APLICA,CAMION,FOTON,EL CERRITO,PARTICULAR,NO APLICA
DAÑOS,2020-11-11, 16:30:00,TARDE,3_MIERCOLES,ZONZ FRANCA PACIFICO,BODEGA 3,RURAL,TECNICO,3.56042,-76.45018,PUERTAS ABIERTAS,NO APLICA,CHOQUE,NO APLICA,NO APLICA,NO APLICA,NO APLICA,TRACTO CAMION,KENWORTH,NARIÑO,PUBLICO,NO APLICA
DAÑOS,2020-11-13, 19:52:00,NOCHE,5_VIERNES,COLOMBIA,CARRERA 34 CALLE 33,URBANA,TECNICO,3.53123,-76.30415,DESOBEDECER SEÑALES,NO APLICA,CHOQUE,NO APLICA,NO APLICA,NO APLICA,NO APLICA,AUTOMOVIL,CHEVROLET,CALI,PARTICULAR,NO APLICA
DAÑOS,2020-11-13, 19:52:00,NOCHE,5_VIERNES,COLOMBIA,CARRERA 34 CALLE 33,URBANA,TECNICO,3.53123,-76.30415,DESOBEDECER SEÑALES,NO APLICA,CHOQUE,NO APLICA,NO APLICA,NO APLICA,NO APLICA,AUTOMOVIL,KIA,CALI,PARTICULAR,NO APLICA
DAÑOS,2020-11-13, 23:10:00,NOCHE,5_VIERNES,LOPEZ,CARRERA 31 CALLE 38,URBANA,TECNICO,3.52931,-76.30788,TRANSITAR EN CON TRAVIA,NO APLICA,CHOQUE,NO APLICA,NO APLICA,NO APLICA,NO APLICA,AUTOMOVIL,FORD,BOGOTA,PARTICULAR,NO APLICA
DAÑOS,2020-11-13, 23:10:00,NOCHE,5_VIERNES,LOPEZ,CARRERA 31 CALLE 38,URBANA,TECNICO,3.52931,-76.30788,TRANSITAR EN CON TRAVIA,NO APLICA,CHOQUE,NO APLICA,NO APLICA,NO APLICA,NO APLICA,MOTO,SUZUKI,CALI,PARTICULAR,NO APLICA
HERIDOS,2020-11-13, 20:30:00,NOCHE,5_VIERNES,PRADO,CARRERA 1 CALLE 33 -47,URBANA,TECNICO,3.52867,-76.2773,POR ESTABLECER,MOTOCICLISTA,CHOQUE,1,NO APLICA,RAUL,NO APLICA,MOTO,JIANLING,GUACARI,PARTICULAR,NO APLICA
HERIDOS,2020-11-13, 20:30:00,NOCHE,5_VIERNES,PRADO,CARRERA 1 CALLE 33 -47,URBANA,TECNICO,3.52867,-76.2773,POR ESTABLECER,MOTOCICLISTA,CHOQUE,1,NO APLICA,PALMIRA,NO APLICA,MOTO,AKT,PRADERA,PARTICULAR,NO APLICA
DAÑOS,2020-11-15, 11:10:00,MAÑANA,7_DOMINGO,MERCEDES,CARRERA 28 CALLE 54,URBANA,TECNICO,3.54665,-76.29571,FRENAR BRUSCAMENTE,NO APLICA,CHOQUE,NO APLICA,NO APLICA,NO APLICA,NO APLICA,CAMIONETA,CHEVROLET,IBAGUE,PARTICULAR,NO APLICA
DAÑOS,2020-11-15, 11:10:00,MAÑANA,7_DOMINGO,MERCEDES,CARRERA 28 CALLE 54,URBANA,TECNICO,3.54665,-76.29571,FRENAR BRUSCAMENTE,NO APLICA,CHOQUE,NO APLICA,NO APLICA,NO APLICA,NO APLICA,AUTOMOVIL,KIA,PALMIRA,PARTICULAR,NO APLICA
HERIDOS,2020-11-14, 18:00:00,NOCHE,6_SABADO,ALTAMIRA,CALLE 47 CARRERA 19,URBANA,TECNICO,3.54259,-76.29101,NO MANTENER DISTANCIA,NO APLICA,CHOQUE,NO APLICA,NO APLICA,NO APLICA,NO APLICA,CAMIONETA,TOYOTA,PALMIRA,PARTICULAR,NO APLICA
HERIDOS,2020-11-14, 18:00:00,NOCHE,6_SABADO,ALTAMIRA,CALLE 47 CARRERA 19,URBANA,TECNICO,3.54259,-76.29101,NO MANTENER DISTANCIA,CICLISTA,CHOQUE,1,NO APLICA,PALMA,NO APLICA,BICICLETA,TRICICLO,NO APLICA,PARTICULAR,NO APLICA
HERIDOS,2020-11-14, 18:00:00,NOCHE,6_SABADO,ALTAMIRA,CALLE 47 CARRERA 19,URBANA,TECNICO,3.54259,-76.29101,NO MANTENER DISTANCIA,ACOMPAÑANTE CICLISTA,CHOQUE,1,NO APLICA,PALMA,NO APLICA,NO APLICA,NO APLICA,NO APLICA,NO APLICA,NO APLICA
HERIDOS,2020-11-14, 19:00:00,NOCHE,6_SABADO,NUEVO,CARRERA 33A CALLE 23,URBANA,TECNICO,3.5217,-76.30491,SEMAFORO EN ROJO,MOTOCICLISTA,CHOQUE,1,NO APLICA,PALMIRA,NO APLICA,MOTO,HONDA,GUACARI,PARTICULAR,NO APLICA
HERIDOS,2020-11-14, 19:00:00,NOCHE,6_SABADO,NUEVO,CARRERA 33A CALLE 23,URBANA,TECNICO,3.5217,-76.30491,SEMAFORO EN ROJO,MOTOCICLISTA,CHOQUE,1,NO APLICA,PALMA,NO APLICA,MOTO,HONDA,FLORIDA,PARTICULAR,NO APLICA
HERIDOS,2020-11-14, 19:00:00,NOCHE,6_SABADO,NUEVO,CARRERA 33A CALLE 23,URBANA,TECNICO,3.5217,-76.30491,SEMAFORO EN ROJO,ACOMPAÑANTE MOTOCICLISTA,CHOQUE,1,NO APLICA,PALMA,NO APLICA,NO APLICA,NO APLICA,NO APLICA,NO APLICA,NO APLICA
HERIDOS,2020-11-14, 22:50:00,NOCHE,6_SABADO,RECREO,CARRERA 24 CALLE 21,URBANA,TECNICO,3.519e-05,-76.29586,NO RESPETAR PRELACION,NO APLICA,CHOQUE,NO APLICA,NO APLICA,NO APLICA,NO APLICA,AUTOMOVIL,CHEVROLET,CALI,PARTICULAR,NO APLICA
HERIDOS,2020-11-14, 22:50:00,NOCHE,6_SABADO,RECREO,CARRERA 24 CALLE 21,URBANA,TECNICO,3.519e-05,-76.29586,NO RESPETAR PRELACION,NO APLICA,CHOQUE,NO APLICA,NO APLICA,NO APLICA,NO APLICA,MOTO,KEEWAY,PRADERA,PARTICULAR,NO APLICA
HERIDOS,2020-11-14, 22:50:00,NOCHE,6_SABADO,RECREO,CARRERA 24 CALLE 21,URBANA,TECNICO,3.519e-05,-76.29586,NO RESPETAR PRELACION,ACOMPAÑANTE MOTOCICLISTA,CHOQUE,1,NO APLICA,PALMIRA,NO APLICA,NO APLICA,NO APLICA,NO APLICA,NO APLICA,NO APLICA
HERIDOS,2020-11-15, 21:15:00,NOCHE,7_DOMINGO,RECREO,CARRERA 24 CALLE 18,URBANA,TECNICO,3.51685,-76.29586,SEMAFORO EN ROJO,MOTOCICLISTA,CHOQUE,1,NO APLICA,PALMIRA,NO APLICA,MOTO,SUZUKI,CALI,PARTICULAR,NO APLICA
HERIDOS,2020-11-15, 21:15:00,NOCHE,7_DOMINGO,RECREO,CARRERA 24 CALLE 18,URBANA,TECNICO,3.51685,-76.29586,SEMAFORO EN ROJO,NO APLICA,CHOQUE,NO APLICA,NO APLICA,NO APLICA,NO APLICA,MOTO,KYMCO,CALI,PARTICULAR,NO APLICA
DAÑOS,2020-11-15, 19:20:00,NOCHE,7_DOMINGO,VERSALLE S,CALLE 42 CARRERA 28,URBANA,TECNICO,3.53801,-76.29739,NO ESTAR PENDIENTE DE LA VIA,NO APLICA,CHOQUE,NO APLICA,NO APLICA,NO APLICA,NO APLICA,AUTOMOVIL,HYUNDAI,CALI,PARTICULAR,NO APLICA
DAÑOS,2020-11-15, 21:00:00,NOCHE,7_DOMINGO,POBLADO,CALLE 44 CARRERA 13,URBANA,TECNICO,3.53937,-76.286,INVADIR CARRIL SENTIDO CONTRARIO,NO APLICA,CHOQUE,NO APLICA,NO APLICA,NO APLICA,NO APLICA,AUTOMOVIL,KIA,CALI,PARTICULAR,NO APLICA
DAÑOS,2020-11-15, 21:00:00,NOCHE,7_DOMINGO,POBLADO,CALLE 44 CARRERA 13,URBANA,TECNICO,3.53937,-76.286,INVADIR CARRIL SENTIDO CONTRARIO,NO APLICA,CHOQUE,NO APLICA,NO APLICA,NO APLICA,NO APLICA,AUTOMOVIL,RENAULT,CALI,PARTICULAR,NO APLICA
HERIDOS,2020-11-16, 15:40:00,TARDE,1_LUNES,ZAMORANO,CARRERA 28 CALLE 60,URBANA,TECNICO,3.5502,-76.29437,PERDIDA DEL CONTROL,CONDUCTOR,CHOQUE,1,NO APLICA,PALMA,NO APLICA,MICROBUS,IVECO,SANTANDER,PUBLICO,TRANS YUMBO
HERIDOS,2020-11-16, 15:40:00,TARDE,1_LUNES,ZAMORANO,CARRERA 28 CALLE 60,URBANA,TECNICO,3.5502,-76.29437,PERDIDA DEL CONTROL,PASAJERO,CHOQUE,1,NO APLICA,PALMA,NO APLICA,NO APLICA,NO APLICA,NO APLICA,NO APLICA,NO APLICA
HERIDOS,2020-11-16, 13:35:00,TARDE,1_LUNES,LAS FLORES,CALLE 30 CARRERA 1 +50 MTS,URBANA,TECNICO,3.52085,-76.27788,ARRANCAR SIN PRECAUCION,MOTOCICLISTA,CHOQUE,1,NO APLICA,PALMIRA,NO APLICA,MOTO,HERO,PRADERA,PARTICULAR,NO APLICA
HERIDOS,2020-11-16, 13:35:00,TARDE,1_LUNES,LAS FLORES,CALLE 30 CARRERA 1 +50 MTS,URBANA,TECNICO,3.52085,-76.27788,ARRANCAR SIN PRECAUCION,NO APLICA,CHOQUE,NO APLICA,NO APLICA,NO APLICA,NO APLICA,AUTOMOVIL,CHEVROLET,PALMIRA,PARTICULAR,NO APLICA
HERIDOS,2020-11-16, 14:10:00,TARDE,1_LUNES,SANTA RITA,CALLE 36 CARRERA 27,URBANA,TECNICO,3.53264,-76.29707,SEMAFORO EN ROJO,MOTOCICLISTA,CHOQUE,1,NO APLICA,PALMIRA,NO APLICA,MOTO,HONDA,GUACARI,PARTICULAR,NO APLICA
HERIDOS,2020-11-16, 14:10:00,TARDE,1_LUNES,SANTA RITA,CALLE 36 CARRERA 27,URBANA,TECNICO,3.53264,-76.29707,SEMAFORO EN ROJO,NO APLICA,CHOQUE,NO APLICA,NO APLICA,NO APLICA,NO APLICA,CAMIONETA,RENAULT,CALI,PARTICULAR,NO APLICA
HERIDOS,2020-11-17, 14:15:00,TARDE,2_MARTES,ZAMORANO,CARRERA 28 CALLE 60 -58,URBANA,TECNICO,3.54956,-76.29451,NO MANTENER DISTANCIA,NO APLICA,CHOQUE,NO APLICA,NO APLICA,NO APLICA,NO APLICA,MOTO,YAMAHA,PRADERA,PARTICULAR,NO APLICA