GRAVEDAD,FECHA,HORA,JORNADA,DIA_SEMANA,BARRIOS_CORREGIMIENTO_VIA,DIRECCION,ZONA,AUTORIDAD,LAT,LONG,HIPOTESIS,CONDICION_DE_LA_VICTIMA,CLASE_DE_SINIESTRO,LESIONADO,HOMICIDIOS,CLINICA,SITIO,CLASE_DE_VEHICULO,MARCA,MATRICULA,TIPO_DE_SERVICIO,EMPRESA
HERIDOS,2020-11-17, 14:15:00,TARDE,2_MARTES,ZAMORANO,CARRERA 28 CALLE 60 -58,URBANA,TECNICO,3.54956,-76.29451,NO MANTENER DISTANCIA,CICLISTA,CHOQUE,1,NO APLICA,RAUL,NO APLICA,BICICLETA,NO APLICA,NO APLICA,PARTICULAR,NO APLICA
HERIDOS,2020-11-17, 11:00:00,MAÑANA,2_MARTES,COLOMBIA,CARRERA 32 CALLE 39-52,URBANA,TECNICO,3.53633,-76.30115,NO ESTAR PENDIENTE DE LA VIA,CICLISTA,CHOQUE,1,NO APLICA,RAUL,NO APLICA,BICICLETA,NO APLICA,NO APLICA,PARTICULAR,NO APLICA
HERIDOS,2020-11-17, 11:00:00,MAÑANA,2_MARTES,COLOMBIA,CARRERA 32 CALLE 39-52,URBANA,TECNICO,3.53633,-76.30115,NO ESTAR PENDIENTE DE LA VIA,MOTOCICLISTA,CHOQUE,1,NO APLICA,RAUL,NO APLICA,MOTO,BAJAJ,CALI,PARTICULAR,NO APLICA
HERIDOS,2020-11-17, 12:30:00,TARDE,2_MARTES,COLOMBIA,CALLE 33 CARRERA 31,URBANA,TECNICO,3.53076,-76.30103,SEMAFORO EN ROJO,MOTOCICLISTA,CHOQUE,1,NO APLICA,PALMIRA,NO APLICA,MOTO,SUZUKI,PALMIRA,PARTICULAR,NO APLICA
HERIDOS,2020-11-17, 12:30:00,TARDE,2_MARTES,COLOMBIA,CALLE 33 CARRERA 31,URBANA,TECNICO,3.53076,-76.30103,SEMAFORO EN ROJO,NO APLICA,CHOQUE,NO APLICA,NO APLICA,NO APLICA,NO APLICA,AUTOMOVIL,RENAULT,MEDELLIN,PARTICULAR,NO APLICA
DAÑOS,2020-11-17, 11:05:00,MAÑANA,2_MARTES,LAS FLORES,CALLE 30 CARRERA 1,URBANA,TECNICO,3.52133,-76.27818,RVERSO IMPRUDENTE,NO APLICA,CHOQUE,NO APLICA,NO APLICA,NO APLICA,NO APLICA,CAMION,CHEVROLET,GUACARI,PUBLICO,NO APLICA
DAÑOS,2020-11-17, 11:05:00,MAÑANA,2_MARTES,LAS FLORES,CALLE 30 CARRERA 1,URBANA,TECNICO,3.52133,-76.27818,RVERSO IMPRUDENTE,NO APLICA,CHOQUE,NO APLICA,NO APLICA,NO APLICA,NO APLICA,CAMIONETA,CHEVROLET,CALI,PUBLICO,NO APLICA
HERIDOS,2020-11-16, 12:30:00,TARDE,1_LUNES,CHAPINERO SUR,CARRERA 32 VIA BOLO,RURAL,TECNICO,3.49999,-76.31859,INVADIENDO CARRIL,NO APLICA,CHOQUE,NO APLICA,NO APLICA,NO APLICA,NO APLICA,CAMIONETA,KIA,CALI,PARTICULAR,NO APLICA
HERIDOS,2020-11-16, 12:30:00,TARDE,1_LUNES,CHAPINERO SUR,CARRERA 32 VIA BOLO,RURAL,TECNICO,3.49999,-76.31859,INVADIENDO CARRIL,CONDUCTOR,CHOQUE,1,NO APLICA,SANTA BARBARA,NO APLICA,CAMIONETA,KIA,CALI,PARTICULAR,NO APLICA
HERIDOS,2020-11-16, 12:30:00,TARDE,1_LUNES,CHAPINERO SUR,CARRERA 32 VIA BOLO,RURAL,TECNICO,3.49999,-76.31859,INVADIENDO CARRIL,ACOMPAÑANTE CONDUCTOR,CHOQUE,1,NO APLICA,SANTA BARBARA,NO APLICA,NO APLICA,NO APLICA,NO APLICA,NO APLICA,NO APLICA
HERIDOS,2020-11-16, 12:30:00,TARDE,1_LUNES,CHAPINERO SUR,CARRERA 32 VIA BOLO,RURAL,TECNICO,3.49999,-76.31859,INVADIENDO CARRIL,NO APLICA,CHOQUE,NO APLICA,NO APLICA,NO APLICA,NO APLICA,BUS,HINO,PRADERA,PUBLICO,COODETRANS PALMIRA
HERIDOS,2020-11-16, 12:30:00,TARDE,1_LUNES,CHAPINERO SUR,CARRERA 32 VIA BOLO,RURAL,TECNICO,3.49999,-76.31859,INVADIENDO CARRIL,ACOMPAÑANTE CONDUCTOR,CHOQUE,1,NO APLICA,FRACTURAS,NO APLICA,NO APLICA,NO APLICA,NO APLICA,NO APLICA,NO APLICA
HERIDOS,2020-11-16, 12:30:00,TARDE,1_LUNES,CHAPINERO SUR,CARRERA 32 VIA BOLO,RURAL,TECNICO,3.49999,-76.31859,INVADIENDO CARRIL,PASAJERO,CHOQUE,1,NO APLICA,PALMA,NO APLICA,NO APLICA,NO APLICA,NO APLICA,NO APLICA,NO APLICA
HERIDOS,2020-11-16, 12:30:00,TARDE,1_LUNES,CHAPINERO SUR,CARRERA 32 VIA BOLO,RURAL,TECNICO,3.49999,-76.31859,INVADIENDO CARRIL,PASAJERO,CHOQUE,1,NO APLICA,SANTA BARBARA,NO APLICA,NO APLICA,NO APLICA,NO APLICA,NO APLICA,NO APLICA
DAÑOS,2020-11-17, 11:05:00,MAÑANA,2_MARTES,LAS FLORES,CALLE 30 CARRERA 1,URBANA,TECNICO,3.52133,-76.27818,CONTINUAR LA MARCHA SIN PRECAUCION,NO APLICA,CHOQUE,NO APLICA,NO APLICA,NO APLICA,NO APLICA,CAMION,CHEVROLET,GUACARI,PUBLICO,NO APLICA
DAÑOS,2020-11-17, 11:05:00,MAÑANA,2_MARTES,LAS FLORES,CALLE 30 CARRERA 1,URBANA,TECNICO,3.52133,-76.27818,CONTINUAR LA MARCHA SIN PRECAUCION,NO APLICA,CHOQUE,NO APLICA,NO APLICA,NO APLICA,NO APLICA,BUS,CHEVROLET,PALMIRA,PUBLICO,LINEAS DEL VALLE
DAÑOS,2020-11-18, 09:10:00,MAÑANA,3_MIERCOLES,SANTA BARBARA,CALLE 26 CARRERA 46,URBANA,TECNICO,3.5411,-76.29517,PERDIDA DEL CONTROL,NO APLICA,CHOQUE,NO APLICA,NO APLICA,NO APLICA,NO APLICA,AUTOMOVIL,RENAULT,CALI,PARTICULAR,NO APLICA
DAÑOS,2020-11-18, 09:10:00,MAÑANA,3_MIERCOLES,SANTA BARBARA,CALLE 26 CARRERA 46,URBANA,TECNICO,3.5411,-76.29517,PERDIDA DEL CONTROL,NO APLICA,CHOQUE,NO APLICA,NO APLICA,NO APLICA,NO APLICA,MOTO,YAMAHA,CALI,PARTICULAR,NO APLICA
HERIDOS,2020-11-19, 13:30:00,TARDE,4_JUEVES,DANUBIO,CALLE 34A CARRERA 17,URBANA,TECNICO,3.53068,-76.28869,DESOBEDECER SEÑALES,NO APLICA,CHOQUE,NO APLICA,NO APLICA,NO APLICA,NO APLICA,CAMIONETA,CHEVROLET,PALMIRA,PARTICULAR,NO APLICA
HERIDOS,2020-11-19, 13:30:00,TARDE,4_JUEVES,DANUBIO,CALLE 34A CARRERA 17,URBANA,TECNICO,3.53068,-76.28869,DESOBEDECER SEÑALES,MOTOCICLISTA,CHOQUE,1,NO APLICA,RAUL,NO APLICA,MOTO,AKT,DOSQUEBRADAS,PARTICULAR,NO APLICA
DAÑOS,2020-11-18, 15:40:00,TARDE,3_MIERCOLES,CENTRO,CARRERA 33A CALLE 31,URBANA,TECNICO,3.52874,-76.30433,ADELANTAR CERRANDO,NO APLICA,CHOQUE,NO APLICA,NO APLICA,NO APLICA,NO APLICA,AUTOMOVIL,CHEVROLET,GUACARI,PARTICULAR,NO APLICA
DAÑOS,2020-11-18, 15:40:00,TARDE,3_MIERCOLES,CENTRO,CARRERA 33A CALLE 31,URBANA,TECNICO,3.52874,-76.30433,ADELANTAR CERRANDO,NO APLICA,CHOQUE,NO APLICA,NO APLICA,NO APLICA,NO APLICA,CAMION,CHEVROLET,YUMBO,PUBLICO,NO APLICA
HERIDOS,2020-11-18, 21:10:00,NOCHE,3_MIERCOLES,TRINIDAD,CALLE 29 CARRERA 23,URBANA,TECNICO,3.52553,-76.29489,DESOBEDECER SEÑALES,NO APLICA,CHOQUE,NO APLICA,NO APLICA,NO APLICA,NO APLICA,AUTOMOVIL,RENAULT,PALMIRA,PARTICULAR,NO APLICA
HERIDOS,2020-11-18, 21:10:00,NOCHE,3_MIERCOLES,TRINIDAD,CALLE 29 CARRERA 23,URBANA,TECNICO,3.52553,-76.29489,DESOBEDECER SEÑALES,MOTOCICLISTA,CHOQUE,1,NO APLICA,PALMIRA,NO APLICA,MOTO,HONDA,FLORIDA,PARTICULAR,NO APLICA
HERIDOS,2020-11-18, 21:40:00,NOCHE,3_MIERCOLES,COLOMBINA,CALLE 28 CARRERA 18,URBANA,TECNICO,3.5243,-76.29071,DESOBEDECER SEÑALES,MOTOCICLISTA,CHOQUE,1,NO APLICA,PALMIRA,NO APLICA,MOTO,HONDA,FLORIDA,PARTICULAR,NO APLICA
HERIDOS,2020-11-18, 21:40:00,NOCHE,3_MIERCOLES,COLOMBINA,CALLE 28 CARRERA 18,URBANA,TECNICO,3.5243,-76.29071,DESOBEDECER SEÑALES,NO APLICA,CHOQUE,NO APLICA,NO APLICA,NO APLICA,NO APLICA,AUTOMOVIL,CHEVROLET,PALMIRA,PARTICULAR,NO APLICA
DAÑOS,2020-11-20, 09:50:00,MAÑANA,5_VIERNES,INDUSTRIAL,CALLE 42 CARRERA 34B -144,URBANA,TECNICO,3.53869,-76.30388,ADELANTAR POR LA DERECHA,NO APLICA,CHOQUE,NO APLICA,NO APLICA,NO APLICA,NO APLICA,AUTOMOVIL,CHEVROLET,CALI,PARTICULAR,NO APLICA
DAÑOS,2020-11-20, 09:50:00,MAÑANA,5_VIERNES,INDUSTRIAL,CALLE 42 CARRERA 34B -144,URBANA,TECNICO,3.53869,-76.30388,ADELANTAR POR LA DERECHA,NO APLICA,CHOQUE,NO APLICA,NO APLICA,NO APLICA,NO APLICA,BUS,CHEVROLET,GUACARI,PUBLICO,EXPRESO MEJIA
HERIDOS,2020-11-19, 17:20:00,TARDE,4_JUEVES,RECREO,CARRERA 24 CALLE 22,URBANA,TECNICO,3.51972,-76.29586,NO RESPETAR PRELACION,MOTOCICLISTA,CHOQUE,1,NO APLICA,PALMIRA,NO APLICA,MOTO,AUTECO,PRADERA,PARTICULAR,NO APLICA
HERIDOS,2020-11-19, 17:20:00,TARDE,4_JUEVES,RECREO,CARRERA 24 CALLE 22,URBANA,TECNICO,3.51972,-76.29586,NO RESPETAR PRELACION,NO APLICA,CHOQUE,NO APLICA,NO APLICA,NO APLICA,NO APLICA,CAMPERO,MITSUBISHI,CALI,PARTICULAR,NO APLICA
HERIDOS,2020-11-20, 09:20:00,MAÑANA,5_VIERNES,URIBE,CALLE 35 CARRRA 22,URBANA,TECNICO,3.53131,-76.29327,DESOBEDECER SEÑALES,MOTOCICLISTA,CHOQUE,1,NO APLICA,PALMA,NO APLICA,MOTO,BAJAJ,FLORIDA,PARTICULAR,NO APLICA
HERIDOS,2020-11-20, 09:20:00,MAÑANA,5_VIERNES,URIBE,CALLE 35 CARRRA 22,URBANA,TECNICO,3.53131,-76.29327,DESOBEDECER SEÑALES,MOTOCICLISTA,CHOQUE,1,NO APLICA,PALMA,NO APLICA,MOTO,HONDA,GUACARI,PARTICULAR,NO APLICA
HERIDOS,2020-11-20, 09:20:00,MAÑANA,5_VIERNES,URIBE,CALLE 35 CARRRA 22,URBANA,TECNICO,3.53131,-76.29327,DESOBEDECER SEÑALES,ACOMPAÑANTE MOTOCICLISTA,CHOQUE,1,NO APLICA,PALMA,NO APLICA,NO APLICA,NO APLICA,NO APLICA,NO APLICA,NO APLICA
DAÑOS,2020-11-20, 11:30:00,MAÑANA,5_VIERNES,OBRERO,CALLE 41 CARRERA 26,URBANA,TECNICO,3.53694,-76.29558,REVERSO IMPRUDENTE,NO APLICA,CHOQUE,NO APLICA,NO APLICA,NO APLICA,NO APLICA,AUTOMOVIL,CHEVROLET,PALMIRA,PARTICULAR,NO APLICA
DAÑOS,2020-11-20, 11:30:00,MAÑANA,5_VIERNES,OBRERO,CALLE 41 CARRERA 26,URBANA,TECNICO,3.53694,-76.29558,REVERSO IMPRUDENTE,NO APLICA,CHOQUE,NO APLICA,NO APLICA,NO APLICA,NO APLICA,BUS,HINO,PALMIRA,PUBLICO,COODETRANS PALMIRA
HERIDOS,2020-11-20, 13:40:00,TARDE,5_VIERNES,OBRERO,CARRERA 25 CALLE 35-69,URBANA,TECNICO,3.53193,-76.2955,PERDIDA DEL CONTROL,MOTOCICLISTA,VOLCAMIENTO,1,NO APLICA,FRACTURAS,NO APLICA,MOTO,YAMAHA,CALI,PARTICULAR,NO APLICA
DAÑOS,2020-11-20, 20:30:00,NOCHE,5_VIERNES,PRADO,CARRERA 41 CALLE 37,URBANA,TECNICO,3.53416,-76.31139,PONER EN MARCHA VEHICULO SIN PRECAUCION,NO APLICA,CHOQUE,NO APLICA,NO APLICA,NO APLICA,NO APLICA,AUTOMOVIL,CHEVROLET,TULUA,PARTICULAR,NO APLICA
DAÑOS,2020-11-20, 20:30:00,NOCHE,5_VIERNES,PRADO,CARRERA 41 CALLE 37,URBANA,TECNICO,3.53416,-76.31139,PONER EN MARCHA VEHICULO SIN PRECAUCION,NO APLICA,CHOQUE,NO APLICA,NO APLICA,NO APLICA,NO APLICA,AUTOMOVIL,MAZDA,CALI,PARTICULAR,NO APLICA
DAÑOS,2020-11-21, 09:43:00,MAÑANA,6_SABADO,VIA CALI PALMIRA,ITALCO BODEGA,RURAL,TECNICO,3.51034,-76.40526,REVERSO IMPRUDENTE,NO APLICA,CHOQUE,NO APLICA,NO APLICA,NO APLICA,NO APLICA,TRACTO CAMION,INTERNATIONAL,SABANETA,PUBLICO,NO APLICA
DAÑOS,2020-11-21, 09:43:00,MAÑANA,6_SABADO,VIA CALI PALMIRA,ITALCO BODEGA,RURAL,TECNICO,3.51034,-76.40526,REVERSO IMPRUDENTE,NO APLICA,CHOQUE,NO APLICA,NO APLICA,NO APLICA,NO APLICA,CAMION,HINO,SOGAMOSO,PUBLICO,NO APLICA
HERIDOS,2020-11-16, 13:30:00,TARDE,4_JUEVES,URIBE,CALLE 35 CARRERA 23,URBANA,TECNICO,3.53141,-76.29398,DESOBEDECER SEÑALES,NO APLICA,CHOQUE,NO APLICA,NO APLICA,NO APLICA,NO APLICA,CAMIONETA,CHERRY,CALI,PARTICULAR,NO APLICA
HERIDOS,2020-11-16, 13:30:00,TARDE,4_JUEVES,URIBE,CALLE 35 CARRERA 23,URBANA,TECNICO,3.53141,-76.29398,DESOBEDECER SEÑALES,NO APLICA,CHOQUE,NO APLICA,NO APLICA,NO APLICA,NO APLICA,AUTOMOVIL,CHEVROLET,PALMIRA,PUBLICO,TRANS UNIDOS
HERIDOS,2020-11-16, 13:30:00,TARDE,4_JUEVES,URIBE,CALLE 35 CARRERA 23,URBANA,TECNICO,3.53141,-76.29398,DESOBEDECER SEÑALES,ACOMPAÑANTE CONDUCTOR,CHOQUE,1,NO APLICA,PALMA,NO APLICA,NO APLICA,NO APLICA,NO APLICA,NO APLICA,NO APLICA
HERIDOS,2020-11-20, 15:00:00,TARDE,5_VIERNES,CENTRO POBLADO BOLO,SAN ALIZAL KM 2 + 800 MTS LA VIRGEN,RURAL,TECNICO,3.46364,-76.34849,INVACION DE CARRIL,MOTOCICLISTA,CHOQUE,1,NO APLICA,PALMIRA,NO APLICA,MOTO,SUZUKI,CARTAGO,PARTICULAR,NO APLICA
HERIDOS,2020-11-20, 15:00:00,TARDE,5_VIERNES,CENTRO POBLADO BOLO,SAN ALIZAL KM 2 + 800 MTS LA VIRGEN,RURAL,TECNICO,3.46364,-76.34849,INVACION DE CARRIL,NO APLICA,CHOQUE,NO APLICA,NO APLICA,NO APLICA,NO APLICA,CAMIONETA,JAC,EL CERRITO,PUBLICO,NO APLICA
HERIDOS,2020-11-20, 15:00:00,TARDE,5_VIERNES,CENTRO POBLADO BOLO,SAN ALIZAL KM 2 + 800 MTS LA VIRGEN,RURAL,TECNICO,3.46364,-76.34849,INVACION DE CARRIL,ACOMPAÑANTE MOTOCICLISTA,CHOQUE,1,NO APLICA,PALMIRA,NO APLICA,NO APLICA,NO APLICA,NO APLICA,NO APLICA,NO APLICA
DAÑOS,2020-11-21, 19:02:00,NOCHE,6_SABADO,OBRERO,CALLE 35 CARRERA 24,URBANA,TECNICO,3.53153,-76.29495,DESOBEDECER SEÑALES,NO APLICA,CHOQUE,NO APLICA,NO APLICA,NO APLICA,NO APLICA,CAMPERO,FORD,ENVIGADO,PARTICULAR,NO APLICA
DAÑOS,2020-11-21, 19:02:00,NOCHE,6_SABADO,OBRERO,CALLE 35 CARRERA 24,URBANA,TECNICO,3.53153,-76.29495,DESOBEDECER SEÑALES,NO APLICA,CHOQUE,NO APLICA,NO APLICA,NO APLICA,NO APLICA,MOTO,HONDA,FLORIDA,PARTICULAR,NO APLICA
DAÑOS,2020-11-21, 21:30:00,NOCHE,6_SABADO,VERSALLE S,CALLE 42 CARRERA 28,URBANA,TECNICO,3.5382,-76.29728,NO MANTENER DISTANCIA,NO APLICA,CHOQUE,NO APLICA,NO APLICA,NO APLICA,NO APLICA,AUTOMOVIL,CHEVROLET,PALMIRA,PUBLICO,FLOTA PALMIRA
DAÑOS,2020-11-21, 21:30:00,NOCHE,6_SABADO,VERSALLE S,CALLE 42 CARRERA 28,URBANA,TECNICO,3.5382,-76.29728,NO MANTENER DISTANCIA,NO APLICA,CHOQUE,NO APLICA,NO APLICA,NO APLICA,NO APLICA,MOTO,SUZUKI,PALMIRA,PARTICULAR,NO APLICA
DAÑOS,2020-11-22, 11:00:00,MAÑANA,7_DOMINGO,COLOMBINA,CALLE 31 CARRERA 18-17,URBANA,TECNICO,3.52688,-76.29073,NO MANTENER DISTANCIA,NO APLICA,CHOQUE,NO APLICA,NO APLICA,NO APLICA,NO APLICA,CAMIONETA,MAZDA,CALI,PARTICULAR,NO APLICA
DAÑOS,2020-11-22, 11:00:00,MAÑANA,7_DOMINGO,COLOMBINA,CALLE 31 CARRERA 18-17,URBANA,TECNICO,3.52688,-76.29073,NO MANTENER DISTANCIA,NO APLICA,CHOQUE,NO APLICA,NO APLICA,NO APLICA,NO APLICA,CAMIONETA,CHEVROLET,PALMIRA,PARTICULAR,NO APLICA
DAÑOS,2020-11-23, 08:30:00,MAÑANA,1_LUNES,CENTRO,CALLE 32 CARRERA 29-40,URBANA,TECNICO,3.52899,-76.29967,DISTRAERSE,NO APLICA,CHOQUE,NO APLICA,NO APLICA,NO APLICA,NO APLICA,CAMIONETA,MAZDA,CALI,PARTICULAR,NO APLICA
DAÑOS,2020-11-23, 08:30:00,MAÑANA,1_LUNES,CENTRO,CALLE 32 CARRERA 29-40,URBANA,TECNICO,3.52899,-76.29967,DISTRAERSE,NO APLICA,CHOQUE,NO APLICA,NO APLICA,NO APLICA,NO APLICA,AUTOMOVIL,KIA,PALMIRA,PUBLICO,UNITAX
DAÑOS,2020-11-20, 16:20:00,TARDE,5_VIERNES,SANTA TERESITA,CALLE 47 CARRERA 35,URBANA,TECNICO,3.54254,-76.30741,NO MANTENER DISTANCIA,NO APLICA,CHOQUE,NO APLICA,NO APLICA,NO APLICA,NO APLICA,CAMPERO,CHEVROLET,CALI,PARTICULAR,NO APLICA
DAÑOS,2020-11-20, 16:20:00,TARDE,5_VIERNES,SANTA TERESITA,CALLE 47 CARRERA 35,URBANA,TECNICO,3.54254,-76.30741,NO MANTENER DISTANCIA,NO APLICA,CHOQUE,NO APLICA,NO APLICA,NO APLICA,NO APLICA,CAMIONETA,JAC,CALI,PARTICULAR,NO APLICA
DAÑOS,2020-11-23, 14:40:00,TARDE,1_LUNES,CENTRO,CARRERA 33A CALLE 29,URBANA,TECNICO,3.52684,-76.30441,ESTACIONARSE SIN LA MEDIDAS DE PECAUCION,NO APLICA,CHOQUE,NO APLICA,NO APLICA,NO APLICA,NO APLICA,CAMION,CHEVROLET,BOGOTA,PARTICULAR,NO APLICA
DAÑOS,2020-11-23, 14:40:00,TARDE,1_LUNES,CENTRO,CARRERA 33A CALLE 29,URBANA,TECNICO,3.52684,-76.30441,ESTACIONARSE SIN LA MEDIDAS DE PECAUCION,NO APLICA,CHOQUE,NO APLICA,NO APLICA,NO APLICA,NO APLICA,MOTO,HERO,FLORIDA,PARTICULAR,NO APLICA
DAÑOS,2020-11-23, 15:30:00,TARDE,1_LUNES,EMILIA,CARRERA 36 CALLE 35,URBANA,TECNICO,3.53313,-76.30642,DESOBEDECER SEÑALES,NO APLICA,CHOQUE,NO APLICA,NO APLICA,NO APLICA,NO APLICA,MOTO,VICTORY,FLORIDA,PARTICULAR,NO APLICA
DAÑOS,2020-11-23, 15:30:00,TARDE,1_LUNES,EMILIA,CARRERA 36 CALLE 35,URBANA,TECNICO,3.53313,-76.30642,DESOBEDECER SEÑALES,NO APLICA,CHOQUE,NO APLICA,NO APLICA,NO APLICA,NO APLICA,MOTO,BAJAJ,PALMIRA,PARTICULAR,NO APLICA
DAÑOS,2020-11-19, 19:20:00,NOCHE,4_JUEVES,SAN PEDRO,CARRERA 19 CALLE 37-45,URBANA,TECNICO,3.53348,-76.29056,NO ESTAR PENDIENTE DE LA VIA,NO APLICA,CHOQUE,NO APLICA,NO APLICA,NO APLICA,NO APLICA,CAMION,CHEVROLET,FUNZA,PARTICULAR,NO APLICA
DAÑOS,2020-11-19, 19:20:00,NOCHE,4_JUEVES,SAN PEDRO,CARRERA 19 CALLE 37-45,URBANA,TECNICO,3.53348,-76.29056,NO ESTAR PENDIENTE DE LA VIA,NO APLICA,CHOQUE,NO APLICA,NO APLICA,NO APLICA,NO APLICA,CAMIONETA,NISSAN,CHIA,PARTICULAR,NO APLICA
DAÑOS,2020-11-18, 16:36:00,TARDE,3_MIERCOLES,ALFONSO LOPEZ,CALLE 40 CARRERA 31,URBANA,TECNICO,3.53679,-76.30005,DESOBEDECER SEÑALES,NO APLICA,CHOQUE,NO APLICA,NO APLICA,NO APLICA,NO APLICA,CAMIONETA,CARIBE,CALI,PARTICULAR,NO APLICA
DAÑOS,2020-11-18, 16:36:00,TARDE,3_MIERCOLES,ALFONSO LOPEZ,CALLE 40 CARRERA 31,URBANA,TECNICO,3.53679,-76.30005,DESOBEDECER SEÑALES,NO APLICA,CHOQUE,NO APLICA,NO APLICA,NO APLICA,NO APLICA,AUTOMOVIL,CHEVROLET,PALMIRA,PARTICULAR,NO APLICA
HERIDOS,2020-11-19, 16:00:00,TARDE,4_JUEVES,DANUBIO,CARRERA 21 CALLE  34,URBANA,TECNICO,3.53032,-76.29252,DESOBEDECER SEÑALES,MOTOCICLISTA,CHOQUE,1,NO APLICA,PALMIRA,NO APLICA,MOTO,AKT,PRADERA,PARTICULAR,NO APLICA
HERIDOS,2020-11-19, 16:00:00,TARDE,4_JUEVES,DANUBIO,CARRERA 21 CALLE  34,URBANA,TECNICO,3.53032,-76.29252,DESOBEDECER SEÑALES,NO APLICA,CHOQUE,NO APLICA,NO APLICA,NO APLICA,NO APLICA,AUTOMOVIL,VOLKSWAGEN,BOGOTA,PARTICULAR,NO APLICA
HERIDOS,2020-11-21, 06:50:00,MAÑANA,6_SABADO,SANCAYETANO,CARRERA 24 CALLE 40,URBANA,TECNICO,3.53585,-76.29416,DESOBEDECER SEÑALES,NO APLICA,CHOQUE,NO APLICA,NO APLICA,NO APLICA,NO APLICA,AUTOMOVIL,KIA,PALMIRA,PARTICULAR,NO APLICA
HERIDOS,2020-11-21, 06:50:00,MAÑANA,6_SABADO,SANCAYETANO,CARRERA 24 CALLE 40,URBANA,TECNICO,3.53585,-76.29416,DESOBEDECER SEÑALES,MOTOCICLISTA,CHOQUE,1,NO APLICA,PALMA,NO APLICA,MOTO,YAMAHA,MINTRANSPORTE,PARTICULAR,NO APLICA
HERIDOS,2020-11-21, 06:50:00,MAÑANA,6_SABADO,SANCAYETANO,CARRERA 24 CALLE 40,URBANA,TECNICO,3.53585,-76.29416,DESOBEDECER SEÑALES,ACOMPAÑANTE MOTOCICLISTA,CHOQUE,1,NO APLICA,PALMA,NO APLICA,NO APLICA,NO APLICA,NO APLICA,NO APLICA,NO APLICA
HERIDOS,2020-11-21, 12:20:00,TARDE,6_SABADO,CENTRO,CALLE 32 CARRERA 31,URBANA,TECNICO,3.52925,-76.30132,DESOBEDECER SEÑALES,MOTOCICLISTA,CHOQUE,1,NO APLICA,PALMIRA,NO APLICA,MOTO,HONDA,FLORIDA,PARTICULAR,NO APLICA
HERIDOS,2020-11-21, 12:20:00,TARDE,6_SABADO,CENTRO,CALLE 32 CARRERA 31,URBANA,TECNICO,3.52925,-76.30132,DESOBEDECER SEÑALES,NO APLICA,CHOQUE,NO APLICA,NO APLICA,NO APLICA,NO APLICA,AUTOMOVIL,CHEVROLET,CANDELARIA,PARTICULAR,NO APLICA
HERIDOS,2020-11-23, 10:30:00,MAÑANA,1_LUNES,OBRERO,CARRERA 26 CALLE 35,URBANA,TECNICO,3.53175,-76.29643,GIRAR BRUSCAMENTE,MOTOCICLISTA,CHOQUE,1,NO APLICA,PALMIRA,NO APLICA,MOTO,SUZUKI,GUADALAJARA DE BUGA,PARTICULAR,NO APLICA
HERIDOS,2020-11-23, 10:30:00,MAÑANA,1_LUNES,OBRERO,CARRERA 26 CALLE 35,URBANA,TECNICO,3.53175,-76.29643,GIRAR BRUSCAMENTE,NO APLICA,CHOQUE,NO APLICA,NO APLICA,NO APLICA,NO APLICA,MOTO,HONDA,FLORIDA,PARTICULAR,NO APLICA
HERIDOS,2020-11-23, 10:30:00,MAÑANA,1_LUNES,OBRERO,CARRERA 26 CALLE 35,URBANA,TECNICO,3.53175,-76.29643,GIRAR BRUSCAMENTE,ACOMPAÑANTE MOTOCICLISTA,CHOQUE,1,NO APLICA,PALMIRA,NO APLICA,NO APLICA,NO APLICA,NO APLICA,NO APLICA,NO APLICA
DAÑOS,2020-11-20, 16:00:00,TARDE,5_VIERNES,VERSALLE S,CALLE 42 CARRERA 31,URBANA,TECNICO,3.5382,-76.29982,GIRAR BRUSCAMENTE,NO APLICA,CHOQUE,NO APLICA,NO APLICA,NO APLICA,NO APLICA,CAMIONETA,MAZDA,MEDELLIN,PARTICULAR,NO APLICA
DAÑOS,2020-11-20, 16:00:00,TARDE,5_VIERNES,VERSALLE S,CALLE 42 CARRERA 31,URBANA,TECNICO,3.5382,-76.29982,GIRAR BRUSCAMENTE,NO APLICA,CHOQUE,NO APLICA,NO APLICA,NO APLICA,NO APLICA,MOTO,HONDA,PRADERA,PARTICULAR,NO APLICA
DAÑOS,2020-11-21, 10:30:00,MAÑANA,6_SABADO,INDUSTRIAL,CALLE 42 CARRERA 35,URBANA,TECNICO,3.53898,-76.30649,POR ESTABLECER,NO APLICA,CHOQUE,NO APLICA,NO APLICA,NO APLICA,NO APLICA,BUSETA,AGRALE,GUACARI,PUBLICO,COODETRANS PALMIRA
DAÑOS,2020-11-21, 10:30:00,MAÑANA,6_SABADO,INDUSTRIAL,CALLE 42 CARRERA 35,URBANA,TECNICO,3.53898,-76.30649,POR ESTABLECER,NO APLICA,CHOQUE,NO APLICA,NO APLICA,NO APLICA,NO APLICA,CAMION,MERCEDES,FUNZA,PUBLICO,NO APLICA