GRAVEDAD,FECHA,HORA,JORNADA,DIA_SEMANA,BARRIOS_CORREGIMIENTO_VIA,DIRECCION,ZONA,AUTORIDAD,LAT,LONG,HIPOTESIS,CONDICION_DE_LA_VICTIMA,CLASE_DE_SINIESTRO,LESIONADO,HOMICIDIOS,CLINICA,SITIO,CLASE_DE_VEHICULO,MARCA,MATRICULA,TIPO_DE_SERVICIO,EMPRESA
DAÑOS,2020-11-24, 14:30:00,TARDE,2_MARTES,ESTONIA,CALLE 47 CARRERA 32,URBANA,TECNICO,3.54242,-76.30053,FALTA DE PRECAUCION,NO APLICA,CHOQUE,NO APLICA,NO APLICA,NO APLICA,NO APLICA,MOTO,JIANLING,PRADERA,PARTICULAR,NO APLICA
DAÑOS,2020-11-24, 15:45:00,TARDE,2_MARTES,INDUSTRIAL,CALLE 42 CARRERA 35,URBANA,TECNICO,3.53875,-76.30664,REVERSO IMPRUDENTE,NO APLICA,CHOQUE,NO APLICA,NO APLICA,NO APLICA,NO APLICA,AUTOMOVIL,VOLKSWAGEN,PITALITO,PARTICULAR,NO APLICA
DAÑOS,2020-11-24, 15:45:00,TARDE,2_MARTES,INDUSTRIAL,CALLE 42 CARRERA 35,URBANA,TECNICO,3.53875,-76.30664,REVERSO IMPRUDENTE,NO APLICA,CHOQUE,NO APLICA,NO APLICA,NO APLICA,NO APLICA,CAMIONETA,NISSAN,PEREIRA,PARTICULAR,NO APLICA
HERIDOS,2020-11-25, 08:10:00,MAÑANA,3_MIERCOLES,ALFONSO LOPEZ,CARRERA 31 CALLE 38,URBANA,TECNICO,3.53522,-76.30037,DESOBEDECER SEÑALES,NO APLICA,CHOQUE,NO APLICA,NO APLICA,NO APLICA,NO APLICA,CAMIONETA,NISSAN,BOGOTA,PARTICULAR,NO APLICA
HERIDOS,2020-11-25, 08:10:00,MAÑANA,3_MIERCOLES,ALFONSO LOPEZ,CARRERA 31 CALLE 38,URBANA,TECNICO,3.53522,-76.30037,DESOBEDECER SEÑALES,MOTOCICLISTA,CHOQUE,1,NO APLICA,PALMIRA,NO APLICA,MOTO,HONDA,GUACARI,PARTICULAR,NO APLICA
HERIDOS,2020-11-25, 07:40:00,MAÑANA,3_MIERCOLES,MUINICIPAL,CARRERA 1 CALLE 31-30,URBANA,TECNICO,3.52509,-76.27826,DISTRAERSE,NO APLICA,CHOQUE,NO APLICA,NO APLICA,NO APLICA,NO APLICA,MOTO,SUZUKI,PALMIRA,PARTICULAR,NO APLICA
HERIDOS,2020-11-25, 07:40:00,MAÑANA,3_MIERCOLES,MUINICIPAL,CARRERA 1 CALLE 31-30,URBANA,TECNICO,3.52509,-76.27826,DISTRAERSE,CICLISTA,CHOQUE,1,NO APLICA,PALMIRA,NO APLICA,BICICLETA,NO APLICA,NO APLICA,PARTICULAR,NO APLICA
DAÑOS,2020-11-25, 09:40:00,MAÑANA,3_MIERCOLES,URIBE,CARRERA 22 CALLE 35-38,URBANA,TECNICO,3.53158,-76.29324,NO TOMAR LA MEDIDAS DE PRECUCION APARA ADELANTAR,NO APLICA,CHOQUE,NO APLICA,NO APLICA,NO APLICA,NO APLICA,BUS,CHEVROLET,PALMIRA,PUBLICO,COOP TRNASP PALMIRA
DAÑOS,2020-11-25, 10:50:00,MAÑANA,3_MIERCOLES,NUEVO,CARRERA 30 CALLE 27,URBANA,TECNICO,3.52471,-76.30118,ADELANTAR ZONA PROHIBIDAD,NO APLICA,CHOQUE,NO APLICA,NO APLICA,NO APLICA,NO APLICA,CAMPERO,CHEVROLET,CALARCA,PARTICULAR,NO APLICA
DAÑOS,2020-11-25, 10:50:00,MAÑANA,3_MIERCOLES,NUEVO,CARRERA 30 CALLE 27,URBANA,TECNICO,3.52471,-76.30118,ADELANTAR ZONA PROHIBIDAD,NO APLICA,CHOQUE,NO APLICA,NO APLICA,NO APLICA,NO APLICA,MOTO,HONDA,FLORIDA,PARTICULAR,NO APLICA
HERIDOS,2020-11-25, 17:50:00,TARDE,3_MIERCOLES,OBRERO,CALLE 35 CARRERA 24,URBANA,TECNICO,3.53154,-76.29495,DESOBEDECER SEÑALES,NO APLICA,CHOQUE,NO APLICA,NO APLICA,NO APLICA,NO APLICA,CAMIONETA,DODGE,BOGOTA,PARTICULAR,NO APLICA
HERIDOS,2020-11-25, 17:50:00,TARDE,3_MIERCOLES,OBRERO,CALLE 35 CARRERA 24,URBANA,TECNICO,3.53154,-76.29495,DESOBEDECER SEÑALES,MOTOCICLISTA,CHOQUE,1,NO APLICA,PALMIRA,NO APLICA,MOTO,KYMCO,EL CERRITO,PARTICULAR,NO APLICA
HERIDOS,2020-11-25, 17:50:00,TARDE,3_MIERCOLES,OBRERO,CALLE 35 CARRERA 24,URBANA,TECNICO,3.53154,-76.29495,DESOBEDECER SEÑALES,ACOMPAÑANTE MOTOCICLISTA,CHOQUE,1,NO APLICA,PALMIRA,NO APLICA,NO APLICA,NO APLICA,NO APLICA,NO APLICA,NO APLICA
DAÑOS,2020-11-25, 10:00:00,MAÑANA,3_MIERCOLES,CENTRO POBLADO LA TORRE,CALLE 10 N 16-090,RURAL,TECNICO,3.61678,-76.40648,DAÑO RED ELECTRICA,NO APLICA,OTRO,NO APLICA,NO APLICA,NO APLICA,NO APLICA,CAMION,DODGE,CAJICA,PUBLICO,NO APLICA
HERIDOS,2020-11-26, 08:18:00,MAÑANA,4_JUEVES,MIRRIÑAO,CARRERA 28 CALLE 54,URBANA,TECNICO,3.54665,-76.29571,SEMAFORO EN ROJO,NO APLICA,CHOQUE,NO APLICA,NO APLICA,NO APLICA,NO APLICA,CAMIONETA,FORD,MEDELLIN,PARTICULAR,NO APLICA
HERIDOS,2020-11-26, 08:18:00,MAÑANA,4_JUEVES,MIRRIÑAO,CARRERA 28 CALLE 54,URBANA,TECNICO,3.54665,-76.29571,SEMAFORO EN ROJO,MOTOCICLISTA,CHOQUE,1,NO APLICA,PALMA,NO APLICA,MOTO,BAJAJ,CALI,PARTICULAR,NO APLICA
HERIDOS,2020-11-26, 08:18:00,MAÑANA,4_JUEVES,MIRRIÑAO,CARRERA 28 CALLE 54,URBANA,TECNICO,3.54665,-76.29571,SEMAFORO EN ROJO,ACOMPAÑANTE MOTOCICLISTA,CHOQUE,1,NO APLICA,PALMA,NO APLICA,NO APLICA,NO APLICA,NO APLICA,NO APLICA,NO APLICA
HERIDOS,2020-11-27, 09:20:00,MAÑANA,5_VIERNES,COLOMBINA,CALLE 27 CARRERA 14,URBANA,TECNICO,3.52307,-76.28772,DESOBEDECER SEÑALES,NO APLICA,CHOQUE,NO APLICA,NO APLICA,NO APLICA,NO APLICA,CAMIONETA,HYUNDAI,CALI,PARTICULAR,NO APLICA
HERIDOS,2020-11-27, 09:20:00,MAÑANA,5_VIERNES,COLOMBINA,CALLE 27 CARRERA 14,URBANA,TECNICO,3.52307,-76.28772,DESOBEDECER SEÑALES,NO APLICA,CHOQUE,NO APLICA,NO APLICA,NO APLICA,NO APLICA,MOTO,SUZUKI,GUACARI,PARTICULAR,NO APLICA
HERIDOS,2020-11-27, 09:20:00,MAÑANA,5_VIERNES,COLOMBINA,CALLE 27 CARRERA 14,URBANA,TECNICO,3.52307,-76.28772,DESOBEDECER SEÑALES,ACOMPAÑANTE MOTOCICLISTA,CHOQUE,1,NO APLICA,SANTA BARBARA,NO APLICA,NO APLICA,NO APLICA,NO APLICA,NO APLICA,NO APLICA
HERIDOS,2020-11-23, 13:10:00,TARDE,1_LUNES,COLOMBINA,CARRERA 18 CALLE 30-31,URBANA,TECNICO,3.52642,-76.29047,ARRANCAR SIN PRECAUCION,NO APLICA,ATROPELLO,NO APLICA,NO APLICA,NO APLICA,NO APLICA,BUS,DODGE,PALMIRA,PUBLICO,NO APLICA
HERIDOS,2020-11-23, 13:10:00,TARDE,1_LUNES,COLOMBINA,CARRERA 18 CALLE 30-31,URBANA,TECNICO,3.52642,-76.29047,ARRANCAR SIN PRECAUCION,PEATON,ATROPELLO,1,NO APLICA,FRACTURAS,NO APLICA,NO APLICA,NO APLICA,NO APLICA,NO APLICA,NO APLICA
HERIDOS,2020-11-27, 20:40:00,NOCHE,5_VIERNES,CENTRO,CARRERA 26 CALLE 32,URBANA,TECNICO,3.52846,-76.29698,DESOBEDECER SEÑALES,NO APLICA,CHOQUE,NO APLICA,NO APLICA,NO APLICA,NO APLICA,MOTO,YAMAHA,FLORIDA,PARTICULAR,NO APLICA
HERIDOS,2020-11-27, 20:40:00,NOCHE,5_VIERNES,CENTRO,CARRERA 26 CALLE 32,URBANA,TECNICO,3.52846,-76.29698,DESOBEDECER SEÑALES,MOTOCICLISTA,CHOQUE,1,NO APLICA,SANTA BARBARA,NO APLICA,MOTO,VICTORY,PALMIRA,PARTICULAR,NO APLICA
HERIDOS,2020-11-27, 20:40:00,NOCHE,5_VIERNES,CENTRO,CARRERA 26 CALLE 32,URBANA,TECNICO,3.52846,-76.29698,DESOBEDECER SEÑALES,ACOMPAÑANTE MOTOCICLISTA,CHOQUE,1,NO APLICA,SANTA BARBARA,NO APLICA,NO APLICA,NO APLICA,NO APLICA,NO APLICA,NO APLICA
HERIDOS,2020-11-16, 13:40:00,TARDE,1_LUNES,CHAPINERO SUR,CARRERA 32 CALLE 4,URBANA,TECNICO,3.50559,-76.3145,NO ESTAR PENDIENTE DE LA VIA,MOTOCICLISTA,CHOQUE,1,NO APLICA,PALMIRA,NO APLICA,MOTO,UNITED,PRADERA,PARTICULAR,NO APLICA
HERIDOS,2020-11-27, 06:30:00,MAÑANA,5_VIERNES,SANCAYETANO,CALLE 42 CARRERA 24 -63,URBANA,TECNICO,3.53751,-76.29424,CAMBIO DE CARRIL CON O SIN INDICACION,NO APLICA,CHOQUE,NO APLICA,NO APLICA,NO APLICA,NO APLICA,BUSETA,HYUNDAI,GUACARI,PUBLICO,TRANS BELALCAZAR
HERIDOS,2020-11-27, 06:30:00,MAÑANA,5_VIERNES,SANCAYETANO,CALLE 42 CARRERA 24 -63,URBANA,TECNICO,3.53751,-76.29424,CAMBIO DE CARRIL CON O SIN INDICACION,MOTOCICLISTA,CHOQUE,1,NO APLICA,PALMA,NO APLICA,MOTO,HONDA,PRADERA,PARTICULAR,NO APLICA
DAÑOS,2020-11-20, 17:00:00,TARDE,5_VIERNES,CENTRO,CALLE 32 CARRERA 32,URBANA,TECNICO,3.52938,-76.30226,NO ESTAR PENDIENTE DE LA VIA,NO APLICA,CHOQUE,NO APLICA,NO APLICA,NO APLICA,NO APLICA,CAMPERO,TOYOTA,CALI,PARTICULAR,NO APLICA
DAÑOS,2020-11-20, 17:00:00,TARDE,5_VIERNES,CENTRO,CALLE 32 CARRERA 32,URBANA,TECNICO,3.52938,-76.30226,NO ESTAR PENDIENTE DE LA VIA,NO APLICA,CHOQUE,NO APLICA,NO APLICA,NO APLICA,NO APLICA,AUTOMOVIL,SUZUKI,PALMIRA,PARTICULAR,NO APLICA
DAÑOS,2020-11-28, 19:30:00,NOCHE,6_SABADO,SESQUI,CALLE 10 CARRERA 27,URBANA,TECNICO,3.50919,-76.30023,ARRANCAR SIN PRECAUCION,NO APLICA,CHOQUE,NO APLICA,NO APLICA,NO APLICA,NO APLICA,CAMION,MERCEDES,FUNZA,PUBLICO,NO APLICA
DAÑOS,2020-11-28, 19:30:00,NOCHE,6_SABADO,SESQUI,CALLE 10 CARRERA 27,URBANA,TECNICO,3.50919,-76.30023,ARRANCAR SIN PRECAUCION,NO APLICA,CHOQUE,NO APLICA,NO APLICA,NO APLICA,NO APLICA,MOTO,YAMAHA,PALMIRA,PARTICULAR,NO APLICA
HERIDOS,2020-11-29, 13:20:00,TARDE,7_DOMINGO,SANTA RITA,CARRERA 27 CALLE 38,URBANA,TECNICO,3.53467,-76.29675,DESOBEDECER SEÑALES,NO APLICA,CHOQUE,NO APLICA,NO APLICA,NO APLICA,NO APLICA,CAMIONETA,SSANGYONG,CALI,PARTICULAR,NO APLICA
HERIDOS,2020-11-29, 13:20:00,TARDE,7_DOMINGO,SANTA RITA,CARRERA 27 CALLE 38,URBANA,TECNICO,3.53467,-76.29675,DESOBEDECER SEÑALES,MOTOCICLISTA,CHOQUE,1,NO APLICA,PALMA,NO APLICA,MOTO,SUZUKI,BOGOTA,PARTICULAR,NO APLICA
HERIDOS,2020-11-29, 13:20:00,TARDE,7_DOMINGO,SANTA RITA,CARRERA 27 CALLE 38,URBANA,TECNICO,3.53467,-76.29675,DESOBEDECER SEÑALES,ACOMPAÑANTE MOTOCICLISTA,CHOQUE,1,NO APLICA,PALMA,NO APLICA,NO APLICA,NO APLICA,NO APLICA,NO APLICA,NO APLICA
HERIDOS,2020-11-28, 02:10:00,MADRUGADA,6_SABADO,NUEVO,CARRERA 31 CALLE 19,URBANA,TECNICO,3.51816,-76.30326,NO ESTAR PENDIENTE DE LA VIA,MOTOCICLISTA,CHOQUE,1,NO APLICA,RAUL,NO APLICA,MOTO,HONDA,PRADERA,PARTICULAR,NO APLICA
HERIDOS,2020-11-28, 02:10:00,MADRUGADA,6_SABADO,NUEVO,CARRERA 31 CALLE 19,URBANA,TECNICO,3.51816,-76.30326,NO ESTAR PENDIENTE DE LA VIA,MOTOCICLISTA,CHOQUE,1,NO APLICA,RAUL,NO APLICA,MOTO,YAMAHA,GUACARI,PARTICULAR,NO APLICA
HERIDOS,2020-11-28, 13:00:00,TARDE,6_SABADO,URIBE,CARRERA 19 CALLE 33A -20,URBANA,TECNICO,3.52934,-76.29049,ARRANCAR SIN PRECAUCION,MOTOCICLISTA,CHOQUE,1,NO APLICA,PALMA,NO APLICA,MOTO,AUTECO,GUACARI,PARTICULAR,NO APLICA
HERIDOS,2020-11-28, 13:00:00,TARDE,6_SABADO,URIBE,CARRERA 19 CALLE 33A -20,URBANA,TECNICO,3.52934,-76.29049,ARRANCAR SIN PRECAUCION,MOTOCICLISTA,CHOQUE,1,NO APLICA,PALMA,NO APLICA,MOTO,HONDA,CALI,PARTICULAR,NO APLICA
DAÑOS,2020-11-29, 11:30:00,TARDE,7_DOMINGO,SAN PEDRO,CARRERA 19 CALLE 36,URBANA,TECNICO,3.53177,-76.29047,GIRAR BRUSCAMENTE,NO APLICA,CHOQUE,NO APLICA,NO APLICA,NO APLICA,NO APLICA,AUTOMOVIL,CHEVROLET,CALI,PARTICULAR,NO APLICA
DAÑOS,2020-11-29, 11:30:00,TARDE,7_DOMINGO,SAN PEDRO,CARRERA 19 CALLE 36,URBANA,TECNICO,3.53177,-76.29047,GIRAR BRUSCAMENTE,NO APLICA,CHOQUE,NO APLICA,NO APLICA,NO APLICA,NO APLICA,MOTO,PIAGGIO,TUNJA,PARTICULAR,NO APLICA
HERIDOS,2020-11-30, 00:20:00,MADRUGADA,1_LUNES,CAMPESTRE,CALLE 42 CARRERA 11 -07,URBANA,TECNICO,3.53693,-76.28444,IMPERICIA EN MANEJO,MOTOCICLISTA,CHOQUE,1,NO APLICA,PALMA,NO APLICA,MOTO,SUZUKI,JAMUNDI,PARTICULAR,NO APLICA
HERIDOS,2020-11-30, 00:20:00,MADRUGADA,1_LUNES,CAMPESTRE,CALLE 42 CARRERA 11 -07,URBANA,TECNICO,3.53693,-76.28444,IMPERICIA EN MANEJO,ACOMPAÑANTE MOTOCICLISTA,CHOQUE,1,NO APLICA,PALMA,NO APLICA,NO APLICA,NO APLICA,NO APLICA,NO APLICA,NO APLICA
HERIDOS,2020-11-30, 15:15:00,TARDE,1_LUNES,COLOMBINA,CALLE 30 CARRERA 19,URBANA,TECNICO,3.52601,-76.29132,DESOBEDECER SEÑALES,NO APLICA,CHOQUE,NO APLICA,NO APLICA,NO APLICA,NO APLICA,CAMPERO,DAIHATSU,CALI,PARTICULAR,NO APLICA
HERIDOS,2020-11-30, 15:15:00,TARDE,1_LUNES,COLOMBINA,CALLE 30 CARRERA 19,URBANA,TECNICO,3.52601,-76.29132,DESOBEDECER SEÑALES,NO APLICA,CHOQUE,NO APLICA,NO APLICA,NO APLICA,NO APLICA,MOTO,HONDA,PALMIRA,PARTICULAR,NO APLICA
HERIDOS,2020-11-30, 15:15:00,TARDE,1_LUNES,COLOMBINA,CALLE 30 CARRERA 19,URBANA,TECNICO,3.52601,-76.29132,DESOBEDECER SEÑALES,ACOMPAÑANTE MOTOCICLISTA,CHOQUE,1,NO APLICA,FRACTURAS,NO APLICA,NO APLICA,NO APLICA,NO APLICA,NO APLICA,NO APLICA
DAÑOS,2020-11-30, 11:35:00,MAÑANA,1_LUNES,CENTRO POBLADO LA DOROLES,CALLE 0 TRASNVERSAL 1-220,RURAL,TECNICO,3.49348,-76.47971,HUECOS EN LA VIA,NO APLICA,VOLCAMIENTO,NO APLICA,NO APLICA,NO APLICA,NO APLICA,CAMION,MAZDA,CALI,PARTICULAR,NO APLICA
HERIDOS,2020-11-30, 09:30:00,MAÑANA,1_LUNES,NUEVO,CARRERA 31 CALLE 25,URBANA,TECNICO,3.52314,-76.30241,DESOBEDECER SEÑALES,MOTOCICLISTA,CHOQUE,1,NO APLICA,SANTA BARBARA,NO APLICA,MOTO,SUZUKI,LA UNION,PARTICULAR,NO APLICA
HERIDOS,2020-11-30, 09:30:00,MAÑANA,1_LUNES,NUEVO,CARRERA 31 CALLE 25,URBANA,TECNICO,3.52314,-76.30241,DESOBEDECER SEÑALES,NO APLICA,CHOQUE,NO APLICA,NO APLICA,NO APLICA,NO APLICA,CAMION,JAC,COTA,PUBLICO,NO APLICA
HERIDOS,2020-11-30, 12:50:00,TARDE,1_LUNES,FRAY LUIS,CALLE 42 CARRERA 49 ALQUERIA,URBANA,TECNICO,3.53642,-76.31999,NO ESTAR PENDIENTE D ELA VIA,NO APLICA,CHOQUE,NO APLICA,NO APLICA,NO APLICA,NO APLICA,AUTOMOVIL,RENAULT,CALI,PARTICULAR,NO APLICA
HERIDOS,2020-11-30, 12:50:00,TARDE,1_LUNES,FRAY LUIS,CALLE 42 CARRERA 49 ALQUERIA,URBANA,TECNICO,3.53642,-76.31999,NO ESTAR PENDIENTE D ELA VIA,MOTOCICLISTA,CHOQUE,1,NO APLICA,RAUL,NO APLICA,MOTO,YAMAHA,GUACARI,PARTICULAR,NO APLICA
DAÑOS,2020-12-01, 16:10:00,TARDE,2_MARTES,URIBE,CALLE 33 CARRERA 20,URBANA,TECNICO,3.52933,-76.29175,DESOBEDECER SEÑALES,NO APLICA,CHOQUE,NO APLICA,NO APLICA,NO APLICA,NO APLICA,CAMIONETA,SSANGYONG,CALI,PARTICULAR,NO APLICA
DAÑOS,2020-12-01, 16:10:00,TARDE,2_MARTES,URIBE,CALLE 33 CARRERA 20,URBANA,TECNICO,3.52933,-76.29175,DESOBEDECER SEÑALES,NO APLICA,CHOQUE,NO APLICA,NO APLICA,NO APLICA,NO APLICA,AUTOMOVIL,CHEVROLET,BUCARAMANGA,PARTICULAR,NO APLICA
HERIDOS,2020-12-01, 12:10:00,TARDE,2_MARTES,ALTAMIRA,CARRERA 27 CALLE 45,URBANA,TECNICO,3.54022,-76.29586,DESOBEDECER SEÑALES,MOTOCICLISTA,CHOQUE,1,NO APLICA,PALMA,NO APLICA,MOTO,KEEWAY,GUACARI,PARTICULAR,NO APLICA
HERIDOS,2020-12-01, 12:10:00,TARDE,2_MARTES,ALTAMIRA,CARRERA 27 CALLE 45,URBANA,TECNICO,3.54022,-76.29586,DESOBEDECER SEÑALES,NO APLICA,CHOQUE,NO APLICA,NO APLICA,NO APLICA,NO APLICA,AUTOMOVIL,CHERRY,PALMIRA,PARTICULAR,NO APLICA
DAÑOS,2020-12-01, 19:30:00,NOCHE,2_MARTES,CENTRO,CARRERA 25 CALLE 29-30,URBANA,TECNICO,3.5261,-76.29653,FALTA DE PRECAUCION,NO APLICA,CHOQUE,NO APLICA,NO APLICA,NO APLICA,NO APLICA,CAMION,CHEVROLET,PALMIRA,PUBLICO,NO APLICA
DAÑOS,2020-12-01, 19:30:00,NOCHE,2_MARTES,CENTRO,CARRERA 25 CALLE 29-30,URBANA,TECNICO,3.5261,-76.29653,FALTA DE PRECAUCION,NO APLICA,CHOQUE,NO APLICA,NO APLICA,NO APLICA,NO APLICA,CAMIONETA,HYUNDAY,MEDELLIN,PARTICULAR,NO APLICA
DAÑOS,2020-12-01, 16:00:00,TARDE,2_MARTES,CENTRO,CALLE 28 CARRERA 32,URBANA,TECNICO,3.52585,-76.30273,SEMAFORO EN ROJO,NO APLICA,CHOQUE,NO APLICA,NO APLICA,NO APLICA,NO APLICA,AUTOMOVIL,CHEVROLET,CALI,PARTICULAR,NO APLICA
DAÑOS,2020-12-01, 16:00:00,TARDE,2_MARTES,CENTRO,CALLE 28 CARRERA 32,URBANA,TECNICO,3.52585,-76.30273,SEMAFORO EN ROJO,NO APLICA,CHOQUE,NO APLICA,NO APLICA,NO APLICA,NO APLICA,CAMIONETA,MAZDA,CALI,PARTICULAR,NO APLICA
HERIDOS,2020-12-03, 07:40:00,MAÑANA,4_JUEVES,SANTA BARBARA,CALLE 31 CARRERA 38 -26,URBANA,TECNICO,3.52935,-76.30817,POR ESTABLECER,NO APLICA,CHOQUE,NO APLICA,NO APLICA,NO APLICA,NO APLICA,AUTOMOVIL,FORD,CALI,PARTICULAR,NO APLICA
HERIDOS,2020-12-03, 07:40:00,MAÑANA,4_JUEVES,SANTA BARBARA,CALLE 31 CARRERA 38 -26,URBANA,TECNICO,3.52935,-76.30817,POR ESTABLECER,NO APLICA,CHOQUE,NO APLICA,NO APLICA,NO APLICA,NO APLICA,MOTO,HERO,GUACARI,PARTICULAR,NO APLICA
HERIDOS,2020-12-03, 07:40:00,MAÑANA,4_JUEVES,SANTA BARBARA,CALLE 31 CARRERA 38 -26,URBANA,TECNICO,3.52935,-76.30817,POR ESTABLECER,ACOMPAÑANTE MOTOCICLISTA,CHOQUE,1,NO APLICA,PALMIRA,NO APLICA,NO APLICA,NO APLICA,NO APLICA,NO APLICA,NO APLICA
DAÑOS,2020-11-30, 06:30:00,MAÑANA,1_LUNES,CHAPINERO SUR,TRASVERSAL 31A CALLE 4,URBANA,TECNICO,3.50188,-76.31073,REVERSO IMPRUDENTE,NO APLICA,CHOQUE,NO APLICA,NO APLICA,NO APLICA,NO APLICA,AUTOMOVIL,HYUNDAI,PALMIRA,PUBLICO,NO APLICA
DAÑOS,2020-11-30, 06:30:00,MAÑANA,1_LUNES,CHAPINERO SUR,TRASVERSAL 31A CALLE 4,URBANA,TECNICO,3.50188,-76.31073,REVERSO IMPRUDENTE,NO APLICA,CHOQUE,NO APLICA,NO APLICA,NO APLICA,NO APLICA,AUTOMOVIL,CHEVROLET,CALI,PARTICULAR,NO APLICA
DAÑOS,2020-12-02, 09:00:00,MAÑANA,3_MIERCOLES,SANTA RITA,CALLE 33 CARRERA 24,URBANA,TECNICO,3.52988,-76.29517,DESOBEDECER SEÑALES,NO APLICA,CHOQUE,NO APLICA,NO APLICA,NO APLICA,NO APLICA,AUTOMOVIL,HYUNDAI,PALMIRA,PARTICULAR,NO APLICA
DAÑOS,2020-12-02, 09:00:00,MAÑANA,3_MIERCOLES,SANTA RITA,CALLE 33 CARRERA 24,URBANA,TECNICO,3.52988,-76.29517,DESOBEDECER SEÑALES,NO APLICA,CHOQUE,NO APLICA,NO APLICA,NO APLICA,NO APLICA,AUTOMOVIL,NISSAN,BOGOTA,PARTICULAR,NO APLICA
HERIDOS,2020-12-02, 08:50:00,MAÑANA,3_MIERCOLES,SANTA RITA,CALLE 36 CARRERA 27,URBANA,TECNICO,3.53262,-76.29704,SEMAFORO EN ROJO,MOTOCICLISTA,CHOQUE,1,NO APLICA,FRACTURAS,NO APLICA,MOTO,BAJAJ,PRADERA,PARTICULAR,NO APLICA
HERIDOS,2020-12-02, 08:50:00,MAÑANA,3_MIERCOLES,SANTA RITA,CALLE 36 CARRERA 27,URBANA,TECNICO,3.53262,-76.29704,SEMAFORO EN ROJO,MOTOCICLISTA,CHOQUE,1,NO APLICA,PALMA,NO APLICA,MOTO,JINCHETG,PRADERA,PARTICULAR,NO APLICA
DAÑOS,2020-12-02, 12:40:00,TARDE,3_MIERCOLES,JUNAPABLO,CALLE 44 CARRERA 39,URBANA,TECNICO,3.5411,-76.31015,SUBIRSE ALA ACERA,NO APLICA,CHOQUE,NO APLICA,NO APLICA,NO APLICA,NO APLICA,CAMIONETA,FREIGHTLINER,CALI,PUBLICO,NO APLICA
HERIDOS,2020-12-03, 08:20:00,MAÑANA,4_JUEVES,LAS DEICIAS,CALLE 26 CARRERA 24,URBANA,TECNICO,3.52276,-76.29592,NO RESPETAR PRELACION,NO APLICA,CHOQUE,NO APLICA,NO APLICA,NO APLICA,NO APLICA,AUTOMOVIL,CHEVROLET,CALI,PARTICULAR,NO APLICA
HERIDOS,2020-12-03, 08:20:00,MAÑANA,4_JUEVES,LAS DEICIAS,CALLE 26 CARRERA 24,URBANA,TECNICO,3.52276,-76.29592,NO RESPETAR PRELACION,MOTOCICLISTA,CHOQUE,1,NO APLICA,PALMIRA,NO APLICA,MOTO,JIANLING,GUACARI,PARTICULAR,NO APLICA
DAÑOS,2020-12-03, 11:55:00,MAÑANA,4_JUEVES,URIBE,CALLE 30 CARRERA 21,URBANA,TECNICO,3.52622,-76.29304,DESOBEDECER SEÑALES,NO APLICA,CHOQUE,NO APLICA,NO APLICA,NO APLICA,NO APLICA,CAMIONETA,HYUNDAI,BOGOTA,PARTICULAR,NO APLICA
DAÑOS,2020-12-03, 11:55:00,MAÑANA,4_JUEVES,URIBE,CALLE 30 CARRERA 21,URBANA,TECNICO,3.52622,-76.29304,DESOBEDECER SEÑALES,NO APLICA,CHOQUE,NO APLICA,NO APLICA,NO APLICA,NO APLICA,AUTOMOVIL,CHEVROLET,PALMIRA,PARTICULAR,NO APLICA
HERIDOS,2020-12-03, 13:50:00,TARDE,4_JUEVES,CENTRO,CALLE 29 CARRERA 32,URBANA,TECNICO,3.5266,-76.30262,SEMAFORO EN ROJO,NO APLICA,CHOQUE,NO APLICA,NO APLICA,NO APLICA,NO APLICA,MICROBUS,CHEVROLET,PALMIRA,PUBLICO,MONTEBELLO
HERIDOS,2020-12-03, 13:50:00,TARDE,4_JUEVES,CENTRO,CALLE 29 CARRERA 32,URBANA,TECNICO,3.5266,-76.30262,SEMAFORO EN ROJO,MOTOCICLISTA,CHOQUE,NO APLICA,1,PALMIRA,NO APLICA,MOTO,SUZUKI,DOSQUEBRADAS,PARTICULAR,NO APLICA
DAÑOS,2020-12-04, 23:20:00,NOCHE,5_VIERNES,COLOMBIA,CALLE 36 CARRERA 31,URBANA,TECNICO,3.5332,-76.30066,SEMAFORO EN ROJO,NO APLICA,CHOQUE,NO APLICA,NO APLICA,NO APLICA,NO APLICA,AUTOMOVIL,RENAULT,PALMIRA,PARTICULAR,NO APLICA
DAÑOS,2020-12-04, 23:20:00,NOCHE,5_VIERNES,COLOMBIA,CALLE 36 CARRERA 31,URBANA,TECNICO,3.5332,-76.30066,SEMAFORO EN ROJO,NO APLICA,CHOQUE,NO APLICA,NO APLICA,NO APLICA,NO APLICA,AUTOMOVIL,CHEVROLET,GUACARI,PARTICULAR,NO APLICA