GRAVEDAD,FECHA,HORA,JORNADA,DIA_SEMANA,BARRIOS_CORREGIMIENTO_VIA,DIRECCION,ZONA,AUTORIDAD,LAT,LONG,HIPOTESIS,CONDICION_DE_LA_VICTIMA,CLASE_DE_SINIESTRO,LESIONADO,HOMICIDIOS,CLINICA,SITIO,CLASE_DE_VEHICULO,MARCA,MATRICULA,TIPO_DE_SERVICIO,EMPRESA
HERIDOS,2020-12-05, 01:02:00,MADRUGADA,6_SABADO,CENTRO,CALLE 28 CARRERA 28-29,URBANA,TECNICO,3.52545,-76.29918,ARRANCAR SIN PRECAUCION,MOTOCICLISTA,CHOQUE,1,NO APLICA,PALMIRA,NO APLICA,MOTO,BAJAJ,CALI,PARTICULAR,NO APLICA
HERIDOS,2020-12-05, 01:02:00,MADRUGADA,6_SABADO,CENTRO,CALLE 28 CARRERA 28-29,URBANA,TECNICO,3.52545,-76.29918,ARRANCAR SIN PRECAUCION,NO APLICA,CHOQUE,NO APLICA,NO APLICA,NO APLICA,NO APLICA,AUTOMOVIL,FAW,PALMIRA,PUBLICO,TRANS UNIDOS
DAÑOS,2020-11-03, 18:30:00,NOCHE,4_JUEVES,URIBE,CALLE 33 CARRERA 23,URBANA,TECNICO,3.5297,-76.29425,DESOBEDECER SEÑALES,NO APLICA,CHOQUE,NO APLICA,NO APLICA,NO APLICA,NO APLICA,MOTO,HERO,FUNZA,PARTICULAR,NO APLICA
DAÑOS,2020-11-03, 18:30:00,NOCHE,4_JUEVES,URIBE,CALLE 33 CARRERA 23,URBANA,TECNICO,3.5297,-76.29425,DESOBEDECER SEÑALES,NO APLICA,CHOQUE,NO APLICA,NO APLICA,NO APLICA,NO APLICA,AUTOMOVIL,HYUNDAI,CALI,PARTICULAR,NO APLICA
HERIDOS,2020-12-04, 19:30:00,NOCHE,5_VIERNES,LA ITALIA,AVENIDAD 9 CALLE 12,URBANA,TECNICO,3.50371,-76.2981,IMPERICIA EN EL MANEJO,NO APLICA,ATROPELLO,NO APLICA,NO APLICA,NO APLICA,NO APLICA,MOTO,SUZUKI,CAUCASIA,PARTICULAR,NO APLICA
HERIDOS,2020-12-04, 19:30:00,NOCHE,5_VIERNES,LA ITALIA,AVENIDAD 9 CALLE 12,URBANA,TECNICO,3.50371,-76.2981,IMPERICIA EN EL MANEJO,PEATON,ATROPELLO,1,NO APLICA,RAUL,NO APLICA,NO APLICA,NO APLICA,NO APLICA,NO APLICA,NO APLICA
MUERTO,2020-12-05, 14:50:00,TARDE,6_SABADO,VIA PALMIRA CORONADO -ROZO,KM 1 + 300 MTS,URBANA,TECNICO,3.56546,-76.31137,SALIRSE DE LA VIA,MOTOCICLISTA,VOLCAMIENTO,NO APLICA,1,NO APLICA,NO APLICA,MOTO,HONDA,FLORIDA,PARTICULAR,NO APLICA
HERIDOS,2020-12-08, 18:10:00,NOCHE,2_MARTES,CRISTALES,CALLE 44 CARREWRA 10-84,URBANA,TECNICO,3.53992,-76.28321,HUECOS EN LA VIA,MOTOCICLISTA,VOLCAMIENTO,1,NO APLICA,PALMA,NO APLICA,MOTO,SUZUKI,PEREIRA,PARTICULAR,NO APLICA
HERIDOS,2020-12-08, 18:10:00,NOCHE,2_MARTES,CRISTALES,CALLE 44 CARREWRA 10-84,URBANA,TECNICO,3.53992,-76.28321,HUECOS EN LA VIA,ACOMPAÑANTE MOTOCICLISTA,VOLCAMIENTO,1,NO APLICA,PALMA,NO APLICA,NO APLICA,NO APLICA,NIO,NO APLICA,NO APLICA
DAÑOS,2020-12-06, 16:20:00,TARDE,7_DOMINGO,ALAMEDA,CALLE 56 E CARRERA 25A-15,URBANA,TECNICO,3.54697,-76.29005,DAR MARCHA ATRÁS SIN MEDIDADS DE PRECAUCION,NO APLICA,CHOQUE,NO APLICA,NO APLICA,NO APLICA,NO APLICA,CAMION,HINO,GUACARI,PARTICULAR,NO APLICA
DAÑOS,2020-12-06, 16:20:00,TARDE,7_DOMINGO,ALAMEDA,CALLE 56 E CARRERA 25A-15,URBANA,TECNICO,3.54697,-76.29005,DAR MARCHA ATRÁS SIN MEDIDADS DE PRECAUCION,NO APLICA,CHOQUE,NO APLICA,NO APLICA,NO APLICA,NO APLICA,CAMIONETA,NISSAN,FUNZA,PARTICULAR,NO APLICA
DAÑOS,2020-12-05, 20:35:00,NOCHE,6_SABADO,PRADO,CALLE 36 CARRERA 41,URBANA,TECNICO,3.53324,-76.31136,NO RESPETAR PRELACION,NO APLICA,CHOQUE,NO APLICA,NO APLICA,NO APLICA,NO APLICA,MOTO,HERO,PALMIRA,PARTICULAR,NO APLICA
DAÑOS,2020-12-05, 20:35:00,NOCHE,6_SABADO,PRADO,CALLE 36 CARRERA 41,URBANA,TECNICO,3.53324,-76.31136,NO RESPETAR PRELACION,NO APLICA,CHOQUE,NO APLICA,NO APLICA,NO APLICA,NO APLICA,MOTO,HONDA,GUACARI,PARTICULAR,NO APLICA
DAÑOS,2020-12-06, 10:20:00,MAÑANA,1_LUNES,ALAMEDA,CALLE 70 CARRERA 25,URBANA,TECNICO,3.55613,-76.28668,DESOBEDECER SEÑALES,NO APLICA,CHOQUE,NO APLICA,NO APLICA,NO APLICA,NO APLICA,AUTOMOVIL,SUZUKI,CALI,PARTICULAR,NO APLICA
DAÑOS,2020-12-06, 10:00:00,MAÑANA,7_DOMINGO,RIVERA ESCOBAR,CALLE 31 CARRERA 35,URBANA,TECNICO,3.5276,-76.29619,NO ESTAR PENDIENTE DE LA VIA,NO APLICA,CHOQUE,NO APLICA,NO APLICA,NO APLICA,NO APLICA,AUTOMOVIL,VOLKSWAGEN,BOGOTA,PARTICULAR,NO APLICA
DAÑOS,2020-12-06, 10:00:00,MAÑANA,7_DOMINGO,RIVERA ESCOBAR,CALLE 31 CARRERA 35,URBANA,TECNICO,3.5276,-76.29619,NO ESTAR PENDIENTE DE LA VIA,NO APLICA,CHOQUE,NO APLICA,NO APLICA,NO APLICA,NO APLICA,BUS,HINO,EL CERRITO,PARTICULAR,NO APLICA
HERIDOS,2020-12-06, 12:20:00,TARDE,7_DOMINGO,NUEVO,CALLE 22 CARRERA 30,URBANA,TECNICO,3.52048,-76.30187,ARRANCAR SIN PRECAUCION,MOTOCICLISTA,CHOQUE,1,NO APLICA,PALMIRA,NO APLICA,MOTO,JIANLING,PRADERA,PARTICULAR,NO APLICA
HERIDOS,2020-12-06, 12:20:00,TARDE,7_DOMINGO,NUEVO,CALLE 22 CARRERA 30,URBANA,TECNICO,3.52048,-76.30187,ARRANCAR SIN PRECAUCION,NO APLICA,CHOQUE,NO APLICA,NO APLICA,NO APLICA,NO APLICA,AUTOMOVIL,KIA,CALI,PARTICULAR,NO APLICA
DAÑOS,2020-12-07, 07:20:00,MAÑANA,1_LUNES,URIBE,CALLE 33 CARRERA 21,URBANA,TECNICO,3.52946,-76.29262,DESOBEDECER SEÑALES,NO APLICA,CHOQUE,NO APLICA,NO APLICA,NO APLICA,NO APLICA,AUTOMOVIL,CHEVROLET,PALMIRA,PARTICULAR,NO APLICA
DAÑOS,2020-12-07, 07:20:00,MAÑANA,1_LUNES,URIBE,CALLE 33 CARRERA 21,URBANA,TECNICO,3.52946,-76.29262,DESOBEDECER SEÑALES,NO APLICA,CHOQUE,NO APLICA,NO APLICA,NO APLICA,NO APLICA,MOTO,VICTORY,FLORIDA,PARTICULAR,NO APLICA
HERIDOS,2020-12-08, 04:30:00,MADRUGADA,2_MARTES,PORTAL DE LAS PALMAS,CALLE 46 CARRERA 44,URBANA,TECNICO,3.54154,-76.31567,PERDIDA DEL CONTROL,NO APLICA,CHOQUE,NO APLICA,NO APLICA,NO APLICA,NO APLICA,MOTO,HON0A,PALMIRA,PARTICULAR,NO APLICA
HERIDOS,2020-12-08, 04:30:00,MADRUGADA,2_MARTES,PORTAL DE LAS PALMAS,CALLE 46 CARRERA 44,URBANA,TECNICO,3.54154,-76.31567,PERDIDA DEL CONTROL,ACOMPAÑANTE MOTOCICLISTA,CHOQUE,1,NO APLICA,PALMA,NO APLICA,NO APLICA,NO APLICA,NO APLICA,NO APLICA,NO APLICA
DAÑOS,2020-12-09, 06:40:00,MAÑANA,3_MIERCOLES,MERCEDES,CARRERA 25 CALLE 57,URBANA,TECNICO,3.54813,-76.29091,PONER EN MARCHA VEHICULO SIN PRECAUCION,NO APLICA,CHOQUE,NO APLICA,NO APLICA,NO APLICA,NO APLICA,AUTOMOVIL,CHEVROLET,BOGOTA,PARTICULAR,NO APLICA
DAÑOS,2020-12-09, 10:00:00,MAÑANA,3_MIERCOLES,NUEVO,CARRERA 30 CALLE 27,URBANA,TECNICO,3.52471,-76.30118,ESTACIONARSE SIN SEGURIDAD,NO APLICA,CHOQUE,NO APLICA,NO APLICA,NO APLICA,NO APLICA,MOTO,KYMCO,CANDELARIA,PARTICULAR,NO APLICA
DAÑOS,2020-12-09, 10:00:00,MAÑANA,3_MIERCOLES,NUEVO,CARRERA 30 CALLE 27,URBANA,TECNICO,3.52471,-76.30118,ESTACIONARSE SIN SEGURIDAD,NO APLICA,CHOQUE,NO APLICA,NO APLICA,NO APLICA,NO APLICA,CAMIONETA,CHERRY,CALI,PARTICULAR,NO APLICA
DAÑOS,2020-12-08, 19:30:00,NOCHE,2_MARTES,SAN PEDRO,CARRERA 19 CALLE 38-39,URBANA,TECNICO,3.5341,-76.29057,DISTRAERSE,NO APLICA,CHOQUE,NO APLICA,NO APLICA,NO APLICA,NO APLICA,AUTOMOVIL,HYUNDAI,CALI,PARTICULAR,NO APLICA
DAÑOS,2020-12-08, 19:30:00,NOCHE,2_MARTES,SAN PEDRO,CARRERA 19 CALLE 38-39,URBANA,TECNICO,3.5341,-76.29057,DISTRAERSE,NO APLICA,CHOQUE,NO APLICA,NO APLICA,NO APLICA,NO APLICA,AUTOMOVIL,CHEVROLET,CALI,PARTICULAR,NO APLICA
DAÑOS,2020-12-07, 18:10:00,NOCHE,1_LUNES,SAMANES,CALLE 47 CARRERA 28,URBANA,TECNICO,3.54124,-76.29672,NO MANTENER DISTANCIA,NO APLICA,CHOQUE,NO APLICA,NO APLICA,NO APLICA,NO APLICA,AUTOMOVIL,CHEVROLET,CALI,PARTICULAR,NO APLICA
DAÑOS,2020-12-07, 18:10:00,NOCHE,1_LUNES,SAMANES,CALLE 47 CARRERA 28,URBANA,TECNICO,3.54124,-76.29672,NO MANTENER DISTANCIA,NO APLICA,CHOQUE,NO APLICA,NO APLICA,NO APLICA,NO APLICA,CAMPERO,CHEVROLET,FLORIDA,PARTICULAR,NO APLICA
DAÑOS,2020-12-07, 20:00:00,NOCHE,1_LUNES,SANCAYETANO,CARRERA 19 CALLE 42,URBANA,TECNICO,3.53701,-76.29061,NO MANTENER DISTANCIA,NO APLICA,CHOQUE,NO APLICA,NO APLICA,NO APLICA,NO APLICA,AUTOMOVIL,RENAULT,PALMIRA,PARTICULAR,NO APLICA
DAÑOS,2020-12-07, 20:00:00,NOCHE,1_LUNES,SANCAYETANO,CARRERA 19 CALLE 42,URBANA,TECNICO,3.53701,-76.29061,NO MANTENER DISTANCIA,NO APLICA,CHOQUE,NO APLICA,NO APLICA,NO APLICA,NO APLICA,AUTOMOVIL,CHEVROLET,PALMIRA,PUBLICO,NO APLICA
DAÑOS,2020-12-07, 19:00:00,NOCHE,1_LUNES,VERSALLE S,CALLE 42 CARRERA 28,URBANA,TECNICO,3.53799,-76.29704,NO RESPETAR PRELACION,NO APLICA,CHOQUE,NO APLICA,NO APLICA,NO APLICA,NO APLICA,AUTOMOVIL,MAZDA,CALI,PARTICULAR,NO APLICA
DAÑOS,2020-12-07, 19:00:00,NOCHE,1_LUNES,VERSALLE S,CALLE 42 CARRERA 28,URBANA,TECNICO,3.53799,-76.29704,NO RESPETAR PRELACION,NO APLICA,CHOQUE,NO APLICA,NO APLICA,NO APLICA,NO APLICA,BUS,HINO,CANDELARIA,PUBLICO,NO APLICA
DAÑOS,2020-12-09, 18:50:00,NOCHE,3_MIERCOLES,VERSALLE S,CALLE 42 CARRERA 28,URBANA,TECNICO,3.53799,-76.29704,ADELANTAR CERRANDO,NO APLICA,CHOQUE,NO APLICA,NO APLICA,NO APLICA,NO APLICA,AUTOMOVIL,KIA,PALMIRA,PARTICULAR,NO APLICA
DAÑOS,2020-12-09, 18:50:00,NOCHE,3_MIERCOLES,VERSALLE S,CALLE 42 CARRERA 28,URBANA,TECNICO,3.53799,-76.29704,ADELANTAR CERRANDO,NO APLICA,CHOQUE,NO APLICA,NO APLICA,NO APLICA,NO APLICA,BUS,HINO,EL CERRITO,PUBLICO,COODETRANS PALMIRA
DAÑOS,2020-12-09, 16:45:00,TARDE,3_MIERCOLES,NUEVO,CALLE 20 CARRERA 30,URBANA,TECNICO,3.51878,-76.30221,DESOBEDECER SEÑALES,NO APLICA,CHOQUE,NO APLICA,NO APLICA,NO APLICA,NO APLICA,AUTOMOVIL,MAZDA,CALI,PARTICULAR,NO APLICA
DAÑOS,2020-12-09, 16:45:00,TARDE,3_MIERCOLES,NUEVO,CALLE 20 CARRERA 30,URBANA,TECNICO,3.51878,-76.30221,DESOBEDECER SEÑALES,NO APLICA,CHOQUE,NO APLICA,NO APLICA,NO APLICA,NO APLICA,MOTO,YAMAHA,GUACARI,PARTICULAR,NO APLICA
DAÑOS,2020-12-09, 17:30:00,TARDE,3_MIERCOLES,SANTA RITA,CARRERA 27 CALLE 35,URBANA,TECNICO,3.53182,-76.29717,ARRANCAR SIN PRECAUCION,NO APLICA,CHOQUE,NO APLICA,NO APLICA,NO APLICA,NO APLICA,MOTO,HONDA,BOGOTA,PARTICULAR,NO APLICA
DAÑOS,2020-12-09, 17:30:00,TARDE,3_MIERCOLES,SANTA RITA,CARRERA 27 CALLE 35,URBANA,TECNICO,3.53182,-76.29717,ARRANCAR SIN PRECAUCION,NO APLICA,CHOQUE,NO APLICA,NO APLICA,NO APLICA,NO APLICA,AUTOMOVIL,RENAULT,CALI,PARTICULAR,NO APLICA
DAÑOS,2020-12-10, 09:15:00,MAÑANA,4_JUEVES,CENTRO POBLADO ROZO,CALLE 10 CARRERA 14-75,URBANA,TECNICO,3.61521,-76.38983,NO ESTAR PENDIENTE DE LA VIA,NO APLICA,CHOQUE,NO APLICA,NO APLICA,NO APLICA,NO APLICA,CAMIONETA,CHEVROLET,PALMIRA,PARTICULAR,NO APLICA
DAÑOS,2020-12-10, 09:15:00,MAÑANA,4_JUEVES,CENTRO POBLADO ROZO,CALLE 10 CARRERA 14-75,URBANA,TECNICO,3.61521,-76.38983,NO ESTAR PENDIENTE DE LA VIA,NO APLICA,CHOQUE,NO APLICA,NO APLICA,NO APLICA,NO APLICA,MOTOCARRO,AKT,PALMIRA,PUBLICO,NO APLICA
HERIDOS,2020-12-10, 11:00:00,MAÑANA,4_JUEVES,ESTONIA,CALLE 44 CARRERA 32A,URBANA,TECNICO,3.53989,-76.30138,ARRANCAR SIN PRECAUCION,MOTOCICLISTA,CHOQUE,1,NO APLICA,FRACTURAS,NO APLICA,MOTO,HERO,FLORIDA,PARTICULAR,NO APLICA
HERIDOS,2020-12-10, 11:00:00,MAÑANA,4_JUEVES,ESTONIA,CALLE 44 CARRERA 32A,URBANA,TECNICO,3.53989,-76.30138,ARRANCAR SIN PRECAUCION,NO APLICA,CHOQUE,NO APLICA,NO APLICA,NO APLICA,NO APLICA,AUTOMOVIL,RENAULT,MEDELLIN,PARTICULAR,NO APLICA
DAÑOS,2020-12-10, 11:50:00,MAÑANA,4_JUEVES,ZON FRANCA PALMASECA,BODEGA A5BY A413,RURAL,TECNICO,3.56253,-76.45058,REVERSO IMPRUDENTE,NO APLICA,CHOQUE,NO APLICA,NO APLICA,NO APLICA,NO APLICA,AUTOMOVIL,KIA,CALI,PARTICULAR,NO APLICA
DAÑOS,2020-12-10, 11:50:00,MAÑANA,4_JUEVES,ZON FRANCA PALMASECA,BODEGA A5BY A413,RURAL,TECNICO,3.56253,-76.45058,REVERSO IMPRUDENTE,NO APLICA,CHOQUE,NO APLICA,NO APLICA,NO APLICA,NO APLICA,TRACTO CAMION,KENWORTH,COTA,PUBLICO,NO APLICA
HERIDOS,2020-12-10, 09:00:00,MAÑANA,4_JUEVES,SANTA RITA,CALLE 33 CARRERA 26,URBANA,TECNICO,3.53008,-76.2967,INICIAR MARCHA SIN LA MEDIDAS DE PRECAUCON,MOTOCICLISTA,CHOQUE,1,NO APLICA,PALMIRA,NO APLICA,MOTO,AKT,PRADERA,PARTICULAR,NO APLICA
HERIDOS,2020-12-10, 09:00:00,MAÑANA,4_JUEVES,SANTA RITA,CALLE 33 CARRERA 26,URBANA,TECNICO,3.53008,-76.2967,INICIAR MARCHA SIN LA MEDIDAS DE PRECAUCON,NO APLICA,CHOQUE,NO APLICA,NO APLICA,NO APLICA,NO APLICA,CAMIONETA,CHANGAN,BOGOTA,PARTICULAR,NO APLICA
DAÑOS,2020-12-10, 15:30:00,TARDE,4_JUEVES,PORTAL DE LAS PALMAS,CALLE 49 CARRERA 42-43,URBANA,TECNICO,3.54368,-76.31345,NO OBSERVAR LA MEDIDAS DE PRACAUCION,NO APLICA,CHOQUE,NO APLICA,NO APLICA,NO APLICA,NO APLICA,MOTO,KEEWAY,PRADERA,PARTICULAR,NO APLICA
DAÑOS,2020-12-10, 15:30:00,TARDE,4_JUEVES,PORTAL DE LAS PALMAS,CALLE 49 CARRERA 42-43,URBANA,TECNICO,3.54368,-76.31345,NO OBSERVAR LA MEDIDAS DE PRACAUCION,NO APLICA,CHOQUE,NO APLICA,NO APLICA,NO APLICA,NO APLICA,AUTOMOVIL,CHEVROLET,PALMIRA,PARTICULAR,NO APLICA
DAÑOS,2020-12-10, 08:30:00,MAÑANA,4_JUEVES,SANTA RITA,CALLE 37A CARRERA 27*28,URBANA,TECNICO,3.53406,-76.29686,NO OBSERVAR LA MEDIDAS DE PRACAUCION,NO APLICA,CHOQUE,NO APLICA,NO APLICA,NO APLICA,NO APLICA,AUTOMOVIL,NISSAN,JAMUNDI,PARTICULAR,NO APLICA
DAÑOS,2020-12-10, 08:30:00,MAÑANA,4_JUEVES,SANTA RITA,CALLE 37A CARRERA 27*28,URBANA,TECNICO,3.53406,-76.29686,NO OBSERVAR LA MEDIDAS DE PRACAUCION,NO APLICA,CHOQUE,NO APLICA,NO APLICA,NO APLICA,NO APLICA,AUTOMOVIL,RENAULT,CALI,PARTICULAR,NO APLICA
HERIDOS,2020-12-08, 18:50:00,NOCHE,2_MARTES,ALTAMIRA,CARRERA 19 CALLE 47,URBANA,TECNICO,3.54261,-76.29102,NO ESTAR PENDIENTE DE LA VIA,NO APLICA,CHOQUE,NO APLICA,NO APLICA,NO APLICA,NO APLICA,CAMPERO,CHEVROLET,BOGOTA,PARTICULAR,NO APLICA
HERIDOS,2020-12-08, 18:50:00,NOCHE,2_MARTES,ALTAMIRA,CARRERA 19 CALLE 47,URBANA,TECNICO,3.54261,-76.29102,NO ESTAR PENDIENTE DE LA VIA,MOTOCICLISTA,CHOQUE,1,NO APLICA,RAUL,NO APLICA,MOTO,TONGKO,CALI,PARTICULAR,NO APLICA
HERIDOS,2020-12-07, 16:00:00,TARDE,1_LUNES,CHAPINERO,CARRERA 30 CALLE 18,URBANA,TECNICO,3.51709,-76.30347,DESOBEDECER SEÑALES,MOTOCICLISTA,CHOQUE,1,NO APLICA,PALMIRA,NO APLICA,MOTO,HONDA,CALI,PARTICULAR,NO APLICA
HERIDOS,2020-12-07, 16:00:00,TARDE,1_LUNES,CHAPINERO,CARRERA 30 CALLE 18,URBANA,TECNICO,3.51709,-76.30347,DESOBEDECER SEÑALES,NO APLICA,CHOQUE,NO APLICA,NO APLICA,NO APLICA,NO APLICA,AUTOMOVIL,KIA,PALMIRA,PARTICULAR,NO APLICA
HERIDOS,2020-12-09, 18:35:00,NOCHE,3_MIERCOLES,BIZERTA,CALLE 37 CARRERA 20,URBANA,TECNICO,3.53283,-76.29138,DESOBEDECER SEÑALES,NO APLICA,CHOQUE,NO APLICA,NO APLICA,NO APLICA,NO APLICA,AUTOMOVIL,MAZDA,BOGOTA,PARTICULAR,NO APLICA
HERIDOS,2020-12-09, 18:35:00,NOCHE,3_MIERCOLES,BIZERTA,CALLE 37 CARRERA 20,URBANA,TECNICO,3.53283,-76.29138,DESOBEDECER SEÑALES,MOTOCICLISTA,CHOQUE,1,NO APLICA,PALMA,NO APLICA,MOTO,YAMAHA,CALI,PARTICULAR,NO APLICA
HERIDOS,2020-12-07, 14:30:00,TARDE,1_LUNES,CENTRO,CALLE 31 CARRERA 33,URBANA,TECNICO,3.5286,-76.30322,GIRAR BRUSCAMENTE,NO APLICA,CHOQUE,NO APLICA,NO APLICA,NO APLICA,NO APLICA,MOTO,KYMCO,PRADERA,PARTICULAR,NO APLICA
HERIDOS,2020-12-07, 14:30:00,TARDE,1_LUNES,CENTRO,CALLE 31 CARRERA 33,URBANA,TECNICO,3.5286,-76.30322,GIRAR BRUSCAMENTE,NO APLICA,CHOQUE,NO APLICA,NO APLICA,NO APLICA,NO APLICA,MOTOCARRO,PIAGGIO,PALMIRA,PUBLICO,NO APLICA
HERIDOS,2020-12-07, 14:30:00,TARDE,1_LUNES,CENTRO,CALLE 31 CARRERA 33,URBANA,TECNICO,3.5286,-76.30322,GIRAR BRUSCAMENTE,ACOMPAÑANTE MOTOCICLISTA,CHOQUE,1,NO APLICA,PALMIRA,NO APLICA,NO APLICA,NO APLICA,NO APLICA,NO APLICA,NO APLICA
DAÑOS,2020-12-10, 13:40:00,TARDE,4_JUEVES,CORONADO,CALLE 57A CARRERA 48B,URBANA,TECNICO,3.5493,-76.31769,PONER EN MARCHA VEHICULO SIN PRECAUCION,NO APLICA,CHOQUE,NO APLICA,NO APLICA,NO APLICA,NO APLICA,AUTOMOVIL,RENAULT,CALI,PARTICULAR,NO APLICA
DAÑOS,2020-12-10, 13:40:00,TARDE,4_JUEVES,CORONADO,CALLE 57A CARRERA 48B,URBANA,TECNICO,3.5493,-76.31769,PONER EN MARCHA VEHICULO SIN PRECAUCION,NO APLICA,CHOQUE,NO APLICA,NO APLICA,NO APLICA,NO APLICA,MOTO,HERO,CALI,PARTICULAR,NO APLICA
HERIDOS,2020-12-10, 12:50:00,TARDE,4_JUEVES,CENTRO,CALLE 29 CARRERA 32,URBANA,TECNICO,3.5266,-76.30261,SEMAFORO EN ROJO,MOTOCICLISTA,CHOQUE,1,NO APLICA,PALMIRA,NO APLICA,MOTO,HONDA,GUACARI,PARTICULAR,NO APLICA
HERIDOS,2020-12-10, 12:50:00,TARDE,4_JUEVES,CENTRO,CALLE 29 CARRERA 32,URBANA,TECNICO,3.5266,-76.30261,SEMAFORO EN ROJO,MOTOCICLISTA,CHOQUE,1,NO APLICA,PALMIRA,NO APLICA,MOTO,JIANLING,JAMUNDI,PARTICULAR,NO APLICA
HERIDOS,2020-12-10, 12:50:00,TARDE,4_JUEVES,CENTRO,CALLE 29 CARRERA 32,URBANA,TECNICO,3.5266,-76.30261,SEMAFORO EN ROJO,ACOMPAÑANTE MOTOCICLISTA,CHOQUE,1,NO APLICA,PALMIRA,NO APLICA,NO APLICA,NO APLICA,NO APLICA,NO APLICA,NO APLICA
DAÑOS,2020-12-12, 13:10:00,TARDE,6_SABADO,CENTRO,CALLE 32 CARRERA 30-38,URBANA,TECNICO,3.52915,-76.30077,ARRANCAR SIN PRECAUCION,NO APLICA,CHOQUE,NO APLICA,NO APLICA,NO APLICA,NO APLICA,AUTOMOVIL,CHEVROLET,GUACARI,PARTICULAR,NO APLICA
DAÑOS,2020-12-12, 13:10:00,TARDE,6_SABADO,CENTRO,CALLE 32 CARRERA 30-38,URBANA,TECNICO,3.52915,-76.30077,ARRANCAR SIN PRECAUCION,NO APLICA,CHOQUE,NO APLICA,NO APLICA,NO APLICA,NO APLICA,AUTOMOVIL,NISSAN,CALI,PARTICULAR,NO APLICA
HERIDOS,2020-12-11, 18:20:00,NOCHE,5_VIERNES,COLOMBIA,CALLE 33 CARRERA 33 -38,URBANA,TECNICO,3.53107,-76.30323,CAMBIO DE CARRIL CON O SIN INDICACION,NO APLICA,CHOQUE,NO APLICA,NO APLICA,NO APLICA,NO APLICA,AUTOMOVIL,JAC,PALMIRA,PUBLICO,NO APLICA
HERIDOS,2020-12-11, 18:20:00,NOCHE,5_VIERNES,COLOMBIA,CALLE 33 CARRERA 33 -38,URBANA,TECNICO,3.53107,-76.30323,CAMBIO DE CARRIL CON O SIN INDICACION,MOTOCICLISTA,CHOQUE,1,NO APLICA,SANTA BARBARA,NO APLICA,MOTO,SUZUKI,PRADERA,PARTICULAR,NO APLICA
DAÑOS,2020-12-12, 15:30:00,TARDE,6_SABADO,VERSALLE S,CALLE 42 CARRERA 29-20,URBANA,TECNICO,3.53797,-76.29827,NO MANTENER DISTANCIA,NO APLICA,CHOQUE,NO APLICA,NO APLICA,NO APLICA,NO APLICA,AUTOMOVIL,CHEVROLET,CALI,PARTICULAR,NO APLICA
DAÑOS,2020-12-12, 15:30:00,TARDE,6_SABADO,VERSALLE S,CALLE 42 CARRERA 29-20,URBANA,TECNICO,3.53797,-76.29827,NO MANTENER DISTANCIA,NO APLICA,CHOQUE,NO APLICA,NO APLICA,NO APLICA,NO APLICA,MOTO,YAMAHA,GUACARI,PARTICULAR,NO APLICA
DAÑOS,2020-12-12, 19:00:00,TARDE,6_SABADO,NUEVO,CARRERA 33A CALLE 20-21,URBANA,TECNICO,3.51945,-76.30522,NO MANTENER DISTANCIA SEGURIDAD,NO APLICA,CHOQUE,NO APLICA,NO APLICA,NO APLICA,NO APLICA,AUTOMOVIL,SUZUKI,CALI,PARTICULAR,NO APLICA
DAÑOS,2020-12-12, 19:00:00,TARDE,6_SABADO,NUEVO,CARRERA 33A CALLE 20-21,URBANA,TECNICO,3.51945,-76.30522,NO MANTENER DISTANCIA SEGURIDAD,NO APLICA,CHOQUE,NO APLICA,NO APLICA,NO APLICA,NO APLICA,AUTOMOVIL,RENAULT,PRADERA,PARTICULAR,NO APLICA
DAÑOS,2020-12-13, 15:30:00,TARDE,7_DOMINGO,COLOMBINA,CALLE 29 CARRERA 15-56,URBANA,TECNICO,3.5246,-76.28835,FALTA DE PRECAUCION,NO APLICA,CHOQUE,NO APLICA,NO APLICA,NO APLICA,NO APLICA,BUSETA,CHEVROLET,ELCERRITO,PUBLICO,EXPRESO FLORIDA
DAÑOS,2020-12-13, 16:00:00,TARDE,7_DOMINGO,SANTA ISABEL,CARRERA 28 CALLE 43 -44,URBANA,TECNICO,3.5246,-76.28835,FALTA DE PRECAUCION,NO APLICA,CHOQUE,NO APLICA,NO APLICA,NO APLICA,NO APLICA,MICROBUS,IVECO,SANTANDER,PUBLICO,VALLE CAUCANA
DAÑOS,2020-12-13, 16:00:00,TARDE,7_DOMINGO,SANTA ISABEL,CARRERA 28 CALLE 43 -44,URBANA,TECNICO,3.5246,-76.28835,FALTA DE PRECAUCION,NO APLICA,CHOQUE,NO APLICA,NO APLICA,NO APLICA,NO APLICA,MICROBUS,HINO,GUACARI,PUBLICO,COODETRANS PALMIRA
HERIDOS,2020-12-13, 18:00:00,NOCHE,7_DOMINGO,NUEVO,CARRERA 32 CALLE 27,URBANA,TECNICO,3.52496,-76.30287,DESOBEDECER SEÑALES,NO APLICA,CHOQUE,NO APLICA,NO APLICA,NO APLICA,NO APLICA,AUTOMOVIL,MAZDA,CALI,PARTICULAR,NO APLICA