GRAVEDAD,FECHA,HORA,JORNADA,DIA_SEMANA,BARRIOS_CORREGIMIENTO_VIA,DIRECCION,ZONA,AUTORIDAD,LAT,LONG,HIPOTESIS,CONDICION_DE_LA_VICTIMA,CLASE_DE_SINIESTRO,LESIONADO,HOMICIDIOS,CLINICA,SITIO,CLASE_DE_VEHICULO,MARCA,MATRICULA,TIPO_DE_SERVICIO,EMPRESA
HERIDOS,2020-12-20, 12:50:00,TARDE,7_DOMINGO,CENTRO,CALLE 31 CARRERA 23,URBANA,TECNICO,3.52743,-76.2946,DESOBEDECER SEÑALES,NO APLICA,CHOQUE,NO APLICA,NO APLICA,NO APLICA,NO APLICA,AUTOMOVIL,HYUNDAI,PAMIRA,PUBLICO,NO APLICA
DAÑOS,2020-12-23, 12:30:00,TARDE,3_MIERCOLES,CENTRO,CARRERA 28 CALLE 30-49,URBANA,TECNICO,3.52689,-76.29896,NO MANTENER DISTANCIA,NO APLICA,CHOQUE,NO APLICA,NO APLICA,NO APLICA,NO APLICA,AUTOMOVIL,SUZUKI,PALMIRA,PUBLICO,UNION TAXIS
DAÑOS,2020-12-23, 12:30:00,TARDE,3_MIERCOLES,CENTRO,CARRERA 28 CALLE 30-49,URBANA,TECNICO,3.52689,-76.29896,NO MANTENER DISTANCIA,NO APLICA,CHOQUE,NO APLICA,NO APLICA,NO APLICA,NO APLICA,MOTO,YAMAHA,ARMENIA,PARTICULAR,NO APLICA
DAÑOS,2020-12-24, 19:30:00,NOCHE,4_JUEVES,URIBE,CALLE 30 CARRERA 20,URBANA,TECNICO,3.52611,-76.2922,DESOBEDECER SEÑALES,NO APLICA,CHOQUE,NO APLICA,NO APLICA,NO APLICA,NO APLICA,CAMPERO,RENAULT,BOGOTA,PARTICULAR,NO APLICA
DAÑOS,2020-12-24, 19:30:00,NOCHE,4_JUEVES,URIBE,CALLE 30 CARRERA 20,URBANA,TECNICO,3.52611,-76.2922,DESOBEDECER SEÑALES,NO APLICA,CHOQUE,NO APLICA,NO APLICA,NO APLICA,NO APLICA,AUTOMOVIL,KIA,BUGA,PARTICULAR,NO APLICA
DAÑOS,2020-12-24, 17:30:00,TARDE,4_JUEVES,EMILIA,CARRERA 38 CALLE 35,URBANA,TECNICO,3.5328,-76.30801,DESOBEDECER SEÑALES,NO APLICA,CHOQUE,NO APLICA,NO APLICA,NO APLICA,NO APLICA,AUTOMOVIL,RENAULT,CALI,PARTICULAR,NO APLICA
DAÑOS,2020-12-25, 15:10:00,TARDE,5_VIERNES,CUIDALEDA PALMIRA,CALLE 29 CARRERA 10,URBANA,TECNICO,3.52373,-76.28457,DESOBEDECER SEÑALES,NO APLICA,CHOQUE,NO APLICA,NO APLICA,NO APLICA,NO APLICA,AUTOMOVIL,DAEWOO,PALMIRA,PARTICULAR,NO APLICA
HERIDOS,2020-12-23, 20:30:00,NOCHE,3_MIERCOLES,DELICIAS,CARRERA 27 CALLE 27,URBANA,TECNICO,3.52434,-76.29856,DESOBEDECER SEÑALES,MOTOCICLISTA,CHOQUE,1,NO APLICA,PALMA,NO APLICA,MOTO,SUZUKI,PALMIRA,PARTICULAR,NO APLICA
HERIDOS,2020-12-23, 20:30:00,NOCHE,3_MIERCOLES,DELICIAS,CARRERA 27 CALLE 27,URBANA,TECNICO,3.52434,-76.29856,DESOBEDECER SEÑALES,NO APLICA,CHOQUE,NO APLICA,NO APLICA,NO APLICA,NO APLICA,AUTOMOVIL,CHEVROLET,CALI,PARTICULAR,NO APLICA
HERIDOS,2020-12-23, 20:30:00,NOCHE,3_MIERCOLES,DELICIAS,CARRERA 27 CALLE 27,URBANA,TECNICO,3.52434,-76.29856,DESOBEDECER SEÑALES,ACOMPAÑANTE MOTOCICLISTA,CHOQUE,1,NO APLICA,PALMA,NO APLICA,NO APLICA,NO APLICA,NO APLICA,NO APLICA,NO APLICA
DAÑOS,2020-12-24, 15:00:00,TARDE,4_JUEVES,SESQUI,CALLE 10 CARRERA 25,URBANA,TECNICO,3.50897,-76.29888,ARRANCAR SIN PRECAUCION,NO APLICA,CHOQUE,NO APLICA,NO APLICA,NO APLICA,NO APLICA,AUTOMOVIL,CHEVROLET,PALMIRA,PARTICULAR,NO APLICA
DAÑOS,2020-12-24, 15:00:00,TARDE,4_JUEVES,SESQUI,CALLE 10 CARRERA 25,URBANA,TECNICO,3.50897,-76.29888,ARRANCAR SIN PRECAUCION,NO APLICA,CHOQUE,NO APLICA,NO APLICA,NO APLICA,NO APLICA,AUTOMOVIL,KIA,BOGOTA,PARTICULAR,NO APLICA
DAÑOS,2020-12-24, 19:00:00,NOCHE,4_JUEVES,SANTA BARBARA,CALLE 26 CARRERA 42,URBANA,TECNICO,3.52533,-76.3124,ARRANCAR SIN PRECAUCION,NO APLICA,CHOQUE,NO APLICA,NO APLICA,NO APLICA,NO APLICA,MOTO,HONDA,PRADERA,PARTICULAR,NO APLICA
DAÑOS,2020-12-24, 19:00:00,NOCHE,4_JUEVES,SANTA BARBARA,CALLE 26 CARRERA 42,URBANA,TECNICO,3.52533,-76.3124,ARRANCAR SIN PRECAUCION,NO APLICA,CHOQUE,NO APLICA,NO APLICA,NO APLICA,NO APLICA,AUTOMOVIL,SUZUKI,CALI,PARTICULAR,NO APLICA
DAÑOS,2020-12-26, 15:00:00,TARDE,6_SABADO,COLOMBINA,CALLE 28 CARRERA 17-05,URBANA,TECNICO,3.52422,-76.28997,FALTA DE PRECAUCION,NO APLICA,CHOQUE,NO APLICA,NO APLICA,NO APLICA,NO APLICA,AUTOMOVIL,KIA,PALMIRA,PUBLICO,COOP TRANS PALMERAS
DAÑOS,2020-12-26, 15:00:00,TARDE,6_SABADO,COLOMBINA,CALLE 28 CARRERA 17-05,URBANA,TECNICO,3.52422,-76.28997,FALTA DE PRECAUCION,NO APLICA,CHOQUE,NO APLICA,NO APLICA,NO APLICA,NO APLICA,AUTOMOVIL,RENAULT,CALI,PARTICULAR,NO APLICA
HERIDOS,2020-12-26, 15:00:00,TARDE,6_SABADO,LA ITALIA,CALLE 6 DIAGONAL 28C,URBANA,TECNICO,3.50548,-76.30029,GIRAR BRUSCAMENTE,MOTOCICLISTA,CHOQUE,1,NO APLICA,PALMIRA,NO APLICA,MOTO,YAMAHA,FLORIDA,PARTICULAR,NO APLICA
HERIDOS,2020-12-26, 15:00:00,TARDE,6_SABADO,LA ITALIA,CALLE 6 DIAGONAL 28C,URBANA,TECNICO,3.50548,-76.30029,GIRAR BRUSCAMENTE,NO APLICA,CHOQUE,NO APLICA,NO APLICA,NO APLICA,NO APLICA,CAMIONETA,CHEVROLET,CALI,PUBLICO,NO APLICA
DAÑOS,2020-12-26, 15:30:00,TARDE,6_SABADO,OBRERO,CARRERA 26 CALLE 34,URBANA,TECNICO,3.5309,-76.29658,DESOBEDECER SEÑALES,NO APLICA,CHOQUE,NO APLICA,NO APLICA,NO APLICA,NO APLICA,AUTOMOVIL,CHEVROLET,CALI,PARTICULAR,NO APLICA
DAÑOS,2020-12-26, 15:30:00,TARDE,6_SABADO,OBRERO,CARRERA 26 CALLE 34,URBANA,TECNICO,3.5309,-76.29658,DESOBEDECER SEÑALES,NO APLICA,CHOQUE,NO APLICA,NO APLICA,NO APLICA,NO APLICA,CAMION,FOTON,YUMBO,PUBLICO,NO APLICA
HERIDOS,2020-12-27, 10:15:00,MAÑANA,7_DOMINGO,VIA CORONADO ROZO,PUENTE MALIMBU,RURAL,TECNICO,3.57995,-76.32762,DESOBEDECER SEÑALES,MOTOCICLISTA,CHOQUE,1,NO APLICA,EL CERRITO,NO APLICA,MOTO,SUZUKI,EL CERRITO,PARTICULAR,NO APLICA
HERIDOS,2020-12-27, 10:15:00,MAÑANA,7_DOMINGO,VIA CORONADO ROZO,PUENTE MALIMBU,RURAL,TECNICO,3.57995,-76.32762,DESOBEDECER SEÑALES,NO APLICA,CHOQUE,NO APLICA,NO APLICA,NO APLICA,NO APLICA,MOTO,HONDA,FLORIDA,PARTICULAR,NO APLICA
HERIDOS,2020-12-27, 10:15:00,MAÑANA,7_DOMINGO,VIA CORONADO ROZO,PUENTE MALIMBU,RURAL,TECNICO,3.57995,-76.32762,DESOBEDECER SEÑALES,ACOMPAÑANTE MOTOCICLISTA,CHOQUE,1,NO APLICA,EL CERRITO,NO APLICA,NO APLICA,NO APLICA,NO APLICA,NO APLICA,NO APLICA
HERIDOS,2020-12-27, 11:00:00,MAÑANA,7_DOMINGO,BIZERTA,CALLE 36 CARRERA 21,URBANA,TECNICO,3.53204,-76.29232,GIRAR BRUSCAMENTE,MOTOCICLISTA,CHOQUE,1,NO APLICA,PALMIRA,NO APLICA,MOTO,YAMAHA,PALMIRA,PARTICULAR,NO APLICA
HERIDOS,2020-12-27, 11:00:00,MAÑANA,7_DOMINGO,BIZERTA,CALLE 36 CARRERA 21,URBANA,TECNICO,3.53204,-76.29232,GIRAR BRUSCAMENTE,NO APLICA,CHOQUE,NO APLICA,NO APLICA,NO APLICA,NO APLICA,AUTOMOVIL,RENAULT,FLORIDA,PARTICULAR,NO APLICA
HERIDOS,2020-12-27, 15:30:00,TARDE,7_DOMINGO,CENTRO POBLADO ROZO,CALLE 10 CARRERA 11,RURAL,TECNICO,3.61472,-76.38767,EMBRIAGUEZ,MOTOCICLISTA,CHOQUE,1,NO APLICA,PALMA,NO APLICA,MOTO,TVS,CALI,PARTICULAR,NO APLICA
HERIDOS,2020-12-27, 15:30:00,TARDE,7_DOMINGO,CENTRO POBLADO ROZO,CALLE 10 CARRERA 11,RURAL,TECNICO,3.61472,-76.38767,EMBRIAGUEZ,NO APLICA,CHOQUE,NO APLICA,NO APLICA,NO APLICA,NO APLICA,AUTOMOVIL,KIA,CALI,PARTICULAR,NO APLICA
HERIDOS,2020-12-27, 15:50:00,TARDE,7_DOMINGO,ZAMORANO,AVENIDAD CARBONERA CARRERA 28,URBANA,TECNICO,3.55194,-76.29373,SEMAFORO EN ROJO,NO APLICA,CHOQUE,NO APLICA,NO APLICA,NO APLICA,NO APLICA,AUTOMOVIL,CHEVROLET,PALMIRA,PARTICULAR,NO APLICA
HERIDOS,2020-12-27, 15:50:00,TARDE,7_DOMINGO,ZAMORANO,AVENIDAD CARBONERA CARRERA 28,URBANA,TECNICO,3.55194,-76.29373,SEMAFORO EN ROJO,MOTOCICLISTA,CHOQUE,1,NO APLICA,PALMA,NO APLICA,MOTO,HONDA,JAMUNDI,PARTICULAR,NO APLICA
HERIDOS,2020-12-27, 15:50:00,TARDE,7_DOMINGO,ZAMORANO,AVENIDAD CARBONERA CARRERA 28,URBANA,TECNICO,3.55194,-76.29373,SEMAFORO EN ROJO,ACOMPAÑANTE MOTOCICLISTA,CHOQUE,1,NO APLICA,PALMA,NO APLICA,NO APLICA,NO APLICA,NO APLICA,NO APLICA,NO APLICA
HERIDOS,2020-12-27, 20:55:00,NOCHE,7_DOMINGO,DANUBIO,CARRERA 19 CALLE 33,URBANA,TECNICO,3.52922,-76.29049,EMBRIAGUEZ,MOTOCICLISTA,CHOQUE,1,NO APLICA,PALMIRA,NO APLICA,MOTO,BAJAJ,PALMIRA,PARTICULAR,NO APLICA
HERIDOS,2020-12-27, 20:55:00,NOCHE,7_DOMINGO,DANUBIO,CARRERA 19 CALLE 33,URBANA,TECNICO,3.52922,-76.29049,EMBRIAGUEZ,NO APLICA,CHOQUE,NO APLICA,NO APLICA,NO APLICA,NO APLICA,AUTOMOVIL,NISSAN,GUACARI,PARTICULAR,NO APLICA
HERIDOS,2020-12-27, 20:55:00,NOCHE,7_DOMINGO,DANUBIO,CARRERA 19 CALLE 33,URBANA,TECNICO,3.52922,-76.29049,EMBRIAGUEZ,ACOMPAÑANTE MOTOCICLISTA,CHOQUE,1,NO APLICA,PALMIRA,NO APLICA,NO APLICA,NO APLICA,NO APLICA,NO APLICA,NO APLICA
HERIDOS,2020-12-19, 22:30:00,NOCHE,6_SABADO,MERCEDES,CARRERA 28 CALLE 59,URBANA,TECNICO,3.5487,-76.29488,EMBRIAGUEZ,MOTOCICLISTA,CHOQUE,1,NO APLICA,PALMA,NO APLICA,MOTO,SUZUKI,CARTAGO,PARTICULAR,NO APLICA
HERIDOS,2020-12-19, 22:30:00,NOCHE,6_SABADO,MERCEDES,CARRERA 28 CALLE 59,URBANA,TECNICO,3.5487,-76.29488,EMBRIAGUEZ,NO APLICA,CHOQUE,NO APLICA,NO APLICA,NO APLICA,NO APLICA,CAMPERO,FORD,CALI,PARTICULAR,NO APLICA
HERIDOS,2020-12-19, 22:30:00,NOCHE,6_SABADO,MERCEDES,CARRERA 28 CALLE 59,URBANA,TECNICO,3.5487,-76.29488,EMBRIAGUEZ,ACOMPAÑANTE MOTOCICLISTA,CHOQUE,1,NO APLICA,PALMA,NO APLICA,NO APLICA,NO APLICA,NO APLICA,NO APLICA,NO APLICA
HERIDOS,2020-12-21, 10:00:00,MAÑANA,1_LUNES,NUEVO,CARRERA 30 CALLE 27,URBANA,TECNICO,3.52684,-76.29809,INVADIR CARRIL DEL MISMO SENTIDO,NO APLICA,CHOQUE,NO APLICA,NO APLICA,NO APLICA,NO APLICA,MOTO,YAMAHA,PALMIRA,PARTICULAR,NO APLICA
HERIDOS,2020-12-21, 10:00:00,MAÑANA,1_LUNES,NUEVO,CARRERA 30 CALLE 27,URBANA,TECNICO,3.52684,-76.29809,INVADIR CARRIL DEL MISMO SENTIDO,CICLISTA,CHOQUE,1,NO APLICA,PALMIRA,NO APLICA,BICICLETA,NO APLICA,NO APLICA,PARTICULAR,NO APLICA
DAÑOS,2020-12-24, 10:00:00,MAÑANA,4_JUEVES,EMILIA,CALLE 36 CARRERA 37,URBANA,TECNICO,3.53269,-76.29711,DESOBEDECER SEÑALES,NO APLICA,CHOQUE,NO APLICA,NO APLICA,NO APLICA,NO APLICA,AUTOMOVIL,RENAULT,CALI,PARTICULAR,NO APLICA
DAÑOS,2020-12-24, 10:00:00,MAÑANA,4_JUEVES,EMILIA,CALLE 36 CARRERA 37,URBANA,TECNICO,3.53269,-76.29711,DESOBEDECER SEÑALES,NO APLICA,CHOQUE,NO APLICA,NO APLICA,NO APLICA,NO APLICA,MOTO,YAMAHA,CALI,PARTICULAR,NO APLICA
HERIDOS,2020-12-24, 13:30:00,TARDE,4_JUEVES,CHAPINERO SUR,CARRERA 32 FRENTA JARDINES,URBANA,TECNICO,3.50271,-76.31674,POR ESTABLECER,MOTOCICLISTA,CHOQUE,1,NO APLICA,SANTA BARBARA,NO APLICA,MOTO,SUZUKI,PALMIRA,PARTICULAR,NO APLICA
HERIDOS,2020-12-24, 13:30:00,TARDE,4_JUEVES,CHAPINERO SUR,CARRERA 32 FRENTA JARDINES,URBANA,TECNICO,3.50271,-76.31674,POR ESTABLECER,CICLISTA,CHOQUE,1,NO APLICA,SANTA BARBARA,NO APLICA,BICICLETA,NO APLICA,PALMIRA,PARTICULAR,NO APLICA
HERIDOS,2020-12-28, 09:20:00,MAÑANA,1_LUNES,CORONADO,CARRERA 35 DIAGONAL 58A,URBANA,TECNICO,3.54847,-76.30978,FRENAR BRUSCAMENTE,NO APLICA,CHOQUE,NO APLICA,NO APLICA,NO APLICA,NO APLICA,VOLQUETA,FORD,MIRANDA,PARTICULAR,NO APLICA
HERIDOS,2020-12-28, 09:20:00,MAÑANA,1_LUNES,CORONADO,CARRERA 35 DIAGONAL 58A,URBANA,TECNICO,3.54847,-76.30978,FRENAR BRUSCAMENTE,NO APLICA,CHOQUE,NO APLICA,NO APLICA,NO APLICA,NO APLICA,MOTO,HONDA,FLORIDA,PARTICULAR,NO APLICA
HERIDOS,2020-12-28, 09:20:00,MAÑANA,1_LUNES,CORONADO,CARRERA 35 DIAGONAL 58A,URBANA,TECNICO,3.54847,-76.30978,FRENAR BRUSCAMENTE,ACOMPAÑANTE MOTOCICLISTA,CHOQUE,1,NO APLICA,RAUL,NO APLICA,NO APLICA,NO APLICA,NO APLICA,NO APLICA,NO APLICA
HERIDOS,2020-12-23, 13:30:00,TARDE,3_MIERCOLES,OBRERO,CARRERA 25 CALLE 33,URBANA,TECNICO,3.52995,-76.29583,SEMAFORO EN ROJO,NO APLICA,CHOQUE,NO APLICA,NO APLICA,NO APLICA,NO APLICA,CAMIONETA,CHEVROLET,CALI,PARTICULAR,NO APLICA
HERIDOS,2020-12-23, 13:30:00,TARDE,3_MIERCOLES,OBRERO,CARRERA 25 CALLE 33,URBANA,TECNICO,3.52995,-76.29583,SEMAFORO EN ROJO,NO APLICA,CHOQUE,NO APLICA,NO APLICA,NO APLICA,NO APLICA,MOTO,SUZUKI,BUGA,PARTICULAR,NO APLICA
HERIDOS,2020-12-23, 13:30:00,TARDE,3_MIERCOLES,OBRERO,CARRERA 25 CALLE 33,URBANA,TECNICO,3.52995,-76.29583,SEMAFORO EN ROJO,ACOMPAÑANTE MOTOCICLISTA,CHOQUE,NO APLICA,NO APLICA,NO APLICA,NO APLICA,NO APLICA,NO APLICA,NO APLICA,NO APLICA,NO APLICA
DAÑOS,2020-12-28, 13:00:00,TARDE,1_LUNES,FRAY LUIS,CALLE 42 CARRERA 49 ALQUERIA,URBANA,TECNICO,3.5371,-76.31974,REVERSO IMPRUDENTE,NO APLICA,CHOQUE,NO APLICA,NO APLICA,NO APLICA,NO APLICA,CAMIONETA,NISSAN,MINSTERIO,OFICIAL,NO APLICA
DAÑOS,2020-12-28, 13:00:00,TARDE,1_LUNES,FRAY LUIS,CALLE 42 CARRERA 49 ALQUERIA,URBANA,TECNICO,3.5371,-76.31974,REVERSO IMPRUDENTE,NO APLICA,CHOQUE,NO APLICA,NO APLICA,NO APLICA,NO APLICA,AUTOMOVIL,KIA,CALI,PARTICULAR,NO APLICA
DAÑOS,2020-12-29, 05:20:00,MADRUGADA,2_MARTES,CUIDAD DEL CAMPO,CARRERA 100 CALLE 10,RURAL,TECNICO,3.45524,-76.47063,INVADIR CARRIL DEL MISMO SENTIDO,NO APLICA,CHOQUE,NO APLICA,NO APLICA,NO APLICA,NO APLICA,MOTO,AKT,PALMIRA,PARTICULAR,NO APLICA
DAÑOS,2020-12-29, 05:20:00,MADRUGADA,2_MARTES,CUIDAD DEL CAMPO,CARRERA 100 CALLE 10,RURAL,TECNICO,3.45524,-76.47063,INVADIR CARRIL DEL MISMO SENTIDO,NO APLICA,CHOQUE,NO APLICA,NO APLICA,NO APLICA,NO APLICA,MOTO,SUZUKI,FLORIDA,PARTICULAR,NO APLICA
HERIDOS,2020-12-29, 12:45:00,TARDE,2_MARTES,TREBOL,CALLE 26 CARRERA 21,URBANA,TECNICO,3.52256,-76.29342,DESOBEDECER SEÑALES,NO APLICA,CHOQUE,NO APLICA,NO APLICA,NO APLICA,NO APLICA,MOTO,HONDA,CALI,PARTICULAR,NO APLICA
HERIDOS,2020-12-29, 12:45:00,TARDE,2_MARTES,TREBOL,CALLE 26 CARRERA 21,URBANA,TECNICO,3.52256,-76.29342,DESOBEDECER SEÑALES,MOTOCICLISTA,CHOQUE,1,NO APLICA,RAUL,NO APLICA,MOTO,YAMAHA,PRADERA,PARTICULAR,NO APLICA
HERIDOS,2020-12-29, 12:45:00,TARDE,2_MARTES,TREBOL,CALLE 26 CARRERA 21,URBANA,TECNICO,3.52256,-76.29342,DESOBEDECER SEÑALES,ACOMPAÑANTE MOTOCICLISTA,CHOQUE,1,NO APLICA,PALMIRA,NO APLICA,NO APLICA,NO APLICA,NO APLICA,NO APLICA,NO APLICA
DAÑOS,2020-12-29, 12:30:00,TARDE,2_MARTES,OBRERO,CALLE 36 CARRERA 24,URBANA,TECNICO,3.53242,-76.29481,DESOBEDECER SEÑALES,NO APLICA,CHOQUE,NO APLICA,NO APLICA,NO APLICA,NO APLICA,AUTOMOVIL,CHEVROLET,CALI,PARTICULAR,NO APLICA
DAÑOS,2020-12-29, 12:30:00,TARDE,2_MARTES,OBRERO,CALLE 36 CARRERA 24,URBANA,TECNICO,3.53242,-76.29481,DESOBEDECER SEÑALES,NO APLICA,CHOQUE,NO APLICA,NO APLICA,NO APLICA,NO APLICA,MOTO,YAMAHA,PRADERA,PARTICULAR,NO APLICA
HERIDOS,2020-12-30, 07:40:00,MAÑANA,3_MIERCOLES,EL JARDIN,CALLE 32A CARRERA 5A,URBANA,TECNICO,3.52754,-76.28042,NO RESPETAR PRELACION,MOTOCICLISTA,CHOQUE,1,NO APLICA,PALMIRA,NO APLICA,MOTO,HONDA,GUACARI,PARTICULAR,NO APLICA
HERIDOS,2020-12-30, 07:40:00,MAÑANA,3_MIERCOLES,EL JARDIN,CALLE 32A CARRERA 5A,URBANA,TECNICO,3.52754,-76.28042,NO RESPETAR PRELACION,MOTOCICLISTA,CHOQUE,1,NO APLICA,PALMIRA,NO APLICA,MOTO,AKT,CALI,PARTICULAR,NO APLICA
MUERTO,2020-12-31, 19:00:00,NOCHE,4_JUEVES,NUEVO,CARRERA 33A CALLE 19-25,URBANA,TECNICO,3.51847,-76.30541,PERDIDA DEL CONTROL,MOTOCICLISTA,CHOQUE,NO APLICA,1,SANTA BARBARA,NO APLICA,MOTO,HONDA 100,PEREIRA,PARTICULAR,NO APLICA
HERIDOS,2020-12-31, 13:30:00,TARDE,4_JUEVES,CHAPINERO SUR,CARRERA 32 DIAGONAL 5E,URBANA,TECNICO,3.50646,-76.31317,REALIZAR GIRO EN U,MOTOCICLISTA,CHOQUE,1,NO APLICA,PALMA,NO APLICA,MOTO,BAJAJ,GUACARI,PARTICULAR,NO APLICA
HERIDOS,2020-12-31, 13:30:00,TARDE,4_JUEVES,CHAPINERO SUR,CARRERA 32 DIAGONAL 5E,URBANA,TECNICO,3.50646,-76.31317,REALIZAR GIRO EN U,NO APLICA,CHOQUE,NO APLICA,NO APLICA,NO APLICA,NO APLICA,AUTOMOVIL,JAC,PALMIRA,PUBLICO,NO APLICA
HERIDOS,2020-12-31, 13:30:00,TARDE,4_JUEVES,CHAPINERO SUR,CARRERA 32 DIAGONAL 5E,URBANA,TECNICO,3.50646,-76.31317,REALIZAR GIRO EN U,ACOMPAÑANTE MOTOCICLISTA,CHOQUE,1,NO APLICA,PALMA,NO APLICA,NO APLICA,NO APLICA,NO APLICA,NO APLICA,NO APLICA
HERIDOS,2020-12-29, 18:30:00,NOCHE,2_MARTES,MERCEDES,CALLE 54 CARRERA 28,URBANA,TECNICO,3.54668,-76.29573,NO ESTAR PENDIENTE DE LA VIA,NO APLICA,CHOQUE,NO APLICA,NO APLICA,NO APLICA,NO APLICA,MOTO,YAMAHA,FLORIDA,PARTICULAR,NO APLICA
HERIDOS,2020-12-29, 18:30:00,NOCHE,2_MARTES,MERCEDES,CALLE 54 CARRERA 28,URBANA,TECNICO,3.54668,-76.29573,NO ESTAR PENDIENTE DE LA VIA,MOTOCICLISTA,CHOQUE,1,NO APLICA,PALMA,NO APLICA,MOTO,BAJAJ,FLORIDA,PARTICULAR,NO APLICA
HERIDOS,2020-12-29, 18:30:00,NOCHE,2_MARTES,MERCEDES,CALLE 54 CARRERA 28,URBANA,TECNICO,3.54668,-76.29573,NO ESTAR PENDIENTE DE LA VIA,ACOMPAÑANTE MOTOCICLISTA,CHOQUE,1,NO APLICA,PALMA,NO APLICA,NO APLICA,NO APLICA,NO APLICA,NO APLICA,NO APLICA
DAÑOS,2020-12-31, 14:15:00,TARDE,4_JUEVES,ALTAMIRA,CALLE 47 CARRERA 20,URBANA,TECNICO,3.54267,-76.29163,POR ESTABLECER,NO APLICA,CHOQUE,NO APLICA,NO APLICA,NO APLICA,NO APLICA,CAMION,MERCEDES,PALMIRA,PUBLICO,NO APLICA
DAÑOS,2020-12-31, 14:15:00,TARDE,4_JUEVES,ALTAMIRA,CALLE 47 CARRERA 20,URBANA,TECNICO,3.54267,-76.29163,POR ESTABLECER,NO APLICA,CHOQUE,NO APLICA,NO APLICA,NO APLICA,NO APLICA,MOTO,SUZUKI,GUACARI,PARTICULAR,NO APLICA
DAÑOS,2020-12-30, 18:00:00,NOCHE,3_MIERCOLES,VERSALLE S,CALLE 42 CARRERA 28,URBANA,TECNICO,3.53784,-76.29734,ADELANTAR CERRANDO,NO APLICA,CHOQUE,NO APLICA,NO APLICA,NO APLICA,NO APLICA,AUTOMOVIL,KIA,CALI,PARTICULAR,NO APLICA
DAÑOS,2020-12-30, 18:00:00,NOCHE,3_MIERCOLES,VERSALLE S,CALLE 42 CARRERA 28,URBANA,TECNICO,3.53784,-76.29734,ADELANTAR CERRANDO,NO APLICA,CHOQUE,NO APLICA,NO APLICA,NO APLICA,NO APLICA,CAMIONETA,NISSAN,PALMIRA,PARTICULAR,NO APLICA
DAÑOS,2020-12-30, 18:30:00,NOCHE,3_MIERCOLES,OBRERO,CALLE 36 CARRERA 26,URBANA,TECNICO,3.53254,-76.29631,ADELANTAR POR LA DERECHA,NO APLICA,CHOQUE,NO APLICA,NO APLICA,NO APLICA,NO APLICA,AUTOMOVIL,CHEVROLET,CALI,PARTICULAR,NO APLICA
DAÑOS,2020-12-30, 18:30:00,NOCHE,3_MIERCOLES,OBRERO,CALLE 36 CARRERA 26,URBANA,TECNICO,3.53254,-76.29631,ADELANTAR POR LA DERECHA,NO APLICA,CHOQUE,NO APLICA,NO APLICA,NO APLICA,NO APLICA,MOTO,SUZUKI,BOGOTA,PARTICULAR,NO APLICA
DAÑOS,2020-12-31, 16:50:00,TARDE,4_JUEVES,SAN PEDRO,CARRERA 19 CALLE 40,URBANA,TECNICO,3.53558,-76.2906,DESOBEDECER SEÑALES,NO APLICA,CHOQUE,NO APLICA,NO APLICA,NO APLICA,NO APLICA,MOTO,YAMAHA,PRADERA,PARTICULAR,NO APLICA
DAÑOS,2020-12-31, 16:50:00,TARDE,4_JUEVES,SAN PEDRO,CARRERA 19 CALLE 40,URBANA,TECNICO,3.53558,-76.2906,DESOBEDECER SEÑALES,NO APLICA,CHOQUE,NO APLICA,NO APLICA,NO APLICA,NO APLICA,CAMIONETA,NISSAN,VALLEDUPAR,PARTICULAR,NO APLICA
HERIDOS,2020-12-31, 11:30:00,MAÑANA,4_JUEVES,BIZERTA,CALLE 37 CARRERA 24,URBANA,TECNICO,3.53315,-76.29466,ARRANCAR SIN PRECAUCION,MOTOCICLISTA,CHOQUE,1,NO APLICA,RAUL,NO APLICA,MOTO,HONDA,PRADERA,PARTICULAR,NO APLICA
HERIDOS,2020-12-31, 11:30:00,MAÑANA,4_JUEVES,BIZERTA,CALLE 37 CARRERA 24,URBANA,TECNICO,3.53315,-76.29466,ARRANCAR SIN PRECAUCION,NO APLICA,CHOQUE,NO APLICA,NO APLICA,NO APLICA,NO APLICA,AUTOMOVIL,RENAULT,PALMIRA,PARTICULAR,NO APLICA
DAÑOS,2020-12-29, 20:50:00,NOCHE,2_MARTES,JARDIN,CARRERA 1 CALLE 32-26,URBANA,TECNICO,3.5273,-76.27757,CAMBIO DE CARRIL CON O SIN INDICACION,NO APLICA,CHOQUE,NO APLICA,NO APLICA,NO APLICA,NO APLICA,MOTO,HONDA,TIMBIO,PARTICULAR,NO APLICA
DAÑOS,2020-12-29, 20:50:00,NOCHE,2_MARTES,JARDIN,CARRERA 1 CALLE 32-26,URBANA,TECNICO,3.5273,-76.27757,CAMBIO DE CARRIL CON O SIN INDICACION,NO APLICA,CHOQUE,NO APLICA,NO APLICA,NO APLICA,NO APLICA,AUTOMOVIL,JAC,PALMIRA,PARTICULAR,NO APLICA